id;timestamp;level;source;thread;file;line;message
15394;01:17:38.066287;Dbg;deqna;8526;deqna.cpp;2108;DEQNA: TX list end (V=0) - XI/XL set desc=1373256
15395;01:17:38.071644;Dbg;deqna;8526;deqna.cpp;2095;DEQNA: TX desc_read_words @ 01373256 words=6
15396;01:17:38.071889;Dbg;deqna;8526;deqna.cpp;2108;DEQNA: TX list end (V=0) - XI/XL set desc=1373256
15397;01:17:38.077216;Dbg;deqna;8526;deqna.cpp;2095;DEQNA: TX desc_read_words @ 01373256 words=6
15398;01:17:38.077449;Dbg;deqna;8526;deqna.cpp;2108;DEQNA: TX list end (V=0) - XI/XL set desc=1373256
15399;01:17:38.082787;Dbg;deqna;8526;deqna.cpp;2095;DEQNA: TX desc_read_words @ 01373256 words=6
15400;01:17:38.083077;Dbg;deqna;8526;deqna.cpp;2108;DEQNA: TX list end (V=0) - XI/XL set desc=1373256
15401;01:17:38.088485;Dbg;deqna;8526;deqna.cpp;2095;DEQNA: TX desc_read_words @ 01373256 words=6
15402;01:17:38.088825;Dbg;deqna;8526;deqna.cpp;2108;DEQNA: TX list end (V=0) - XI/XL set desc=1373256
15403;01:17:38.094164;Dbg;deqna;8526;deqna.cpp;2095;DEQNA: TX desc_read_words @ 01373256 words=6
15404;01:17:38.094408;Dbg;deqna;8526;deqna.cpp;2108;DEQNA: TX list end (V=0) - XI/XL set desc=1373256
15405;01:17:38.099745;Dbg;deqna;8526;deqna.cpp;2095;DEQNA: TX desc_read_words @ 01373256 words=6
15406;01:17:38.099983;Dbg;deqna;8526;deqna.cpp;2108;DEQNA: TX list end (V=0) - XI/XL set desc=1373256
15407;01:17:38.105296;Dbg;deqna;8526;deqna.cpp;2095;DEQNA: TX desc_read_words @ 01373256 words=6
15408;01:17:38.105563;Dbg;deqna;8526;deqna.cpp;2108;DEQNA: TX list end (V=0) - XI/XL set desc=1373256
15409;01:17:38.111015;Dbg;deqna;8526;deqna.cpp;2095;DEQNA: TX desc_read_words @ 01373256 words=6
15410;01:17:38.111300;Dbg;deqna;8526;deqna.cpp;2108;DEQNA: TX list end (V=0) - XI/XL set desc=1373256
15411;01:17:38.116770;Dbg;deqna;8526;deqna.cpp;2095;DEQNA: TX desc_read_words @ 01373256 words=6
15412;01:17:38.117070;Dbg;deqna;8526;deqna.cpp;2108;DEQNA: TX list end (V=0) - XI/XL set desc=1373256
15413;01:17:38.122376;Dbg;deqna;8526;deqna.cpp;2095;DEQNA: TX desc_read_words @ 01373256 words=6
15414;01:17:38.122610;Dbg;deqna;8526;deqna.cpp;2108;DEQNA: TX list end (V=0) - XI/XL set desc=1373256
15415;01:17:38.127920;Dbg;deqna;8526;deqna.cpp;2095;DEQNA: TX desc_read_words @ 01373256 words=6
15416;01:17:38.128160;Dbg;deqna;8526;deqna.cpp;2108;DEQNA: TX list end (V=0) - XI/XL set desc=1373256
15417;01:17:38.133487;Dbg;deqna;8526;deqna.cpp;2095;DEQNA: TX desc_read_words @ 01373256 words=6
15418;01:17:38.133724;Dbg;deqna;8526;deqna.cpp;2108;DEQNA: TX list end (V=0) - XI/XL set desc=1373256
15419;01:17:38.139132;Dbg;deqna;8526;deqna.cpp;2095;DEQNA: TX desc_read_words @ 01373256 words=6
15420;01:17:38.139402;Dbg;deqna;8526;deqna.cpp;2108;DEQNA: TX list end (V=0) - XI/XL set desc=1373256
15421;01:17:38.144810;Dbg;deqna;8526;deqna.cpp;2095;DEQNA: TX desc_read_words @ 01373256 words=6
15422;01:17:38.145087;Dbg;deqna;8526;deqna.cpp;2108;DEQNA: TX list end (V=0) - XI/XL set desc=1373256
15423;01:17:38.150400;Dbg;deqna;8526;deqna.cpp;2095;DEQNA: TX desc_read_words @ 01373256 words=6
15424;01:17:38.150660;Dbg;deqna;8526;deqna.cpp;2108;DEQNA: TX list end (V=0) - XI/XL set desc=1373256
15425;01:17:38.155984;Dbg;deqna;8526;deqna.cpp;2095;DEQNA: TX desc_read_words @ 01373256 words=6
15426;01:17:38.156220;Dbg;deqna;8526;deqna.cpp;2108;DEQNA: TX list end (V=0) - XI/XL set desc=1373256
15427;01:17:38.161536;Dbg;deqna;8526;deqna.cpp;2095;DEQNA: TX desc_read_words @ 01373256 words=6
15428;01:17:38.161783;Dbg;deqna;8526;deqna.cpp;2108;DEQNA: TX list end (V=0) - XI/XL set desc=1373256
15429;01:17:38.167075;Dbg;deqna;8526;deqna.cpp;2095;DEQNA: TX desc_read_words @ 01373256 words=6
15430;01:17:38.167360;Dbg;deqna;8526;deqna.cpp;2108;DEQNA: TX list end (V=0) - XI/XL set desc=1373256
15431;01:17:38.172835;Dbg;deqna;8526;deqna.cpp;2095;DEQNA: TX desc_read_words @ 01373256 words=6
15432;01:17:38.173130;Dbg;deqna;8526;deqna.cpp;2108;DEQNA: TX list end (V=0) - XI/XL set desc=1373256
15433;01:17:38.178461;Dbg;deqna;8526;deqna.cpp;2095;DEQNA: TX desc_read_words @ 01373256 words=6
15434;01:17:38.178763;Dbg;deqna;8526;deqna.cpp;2108;DEQNA: TX list end (V=0) - XI/XL set desc=1373256
15435;01:17:38.184068;Dbg;deqna;8526;deqna.cpp;2095;DEQNA: TX desc_read_words @ 01373256 words=6
15436;01:17:38.184311;Dbg;deqna;8526;deqna.cpp;2108;DEQNA: TX list end (V=0) - XI/XL set desc=1373256
15437;01:17:38.189613;Dbg;deqna;8526;deqna.cpp;2095;DEQNA: TX desc_read_words @ 01373256 words=6
15438;01:17:38.189879;Dbg;deqna;8526;deqna.cpp;2108;DEQNA: TX list end (V=0) - XI/XL set desc=1373256
15439;01:17:38.195284;Dbg;deqna;8526;deqna.cpp;2095;DEQNA: TX desc_read_words @ 01373256 words=6
15440;01:17:38.195559;Dbg;deqna;8526;deqna.cpp;2108;DEQNA: TX list end (V=0) - XI/XL set desc=1373256
15441;01:17:38.201004;Dbg;deqna;8526;deqna.cpp;2095;DEQNA: TX desc_read_words @ 01373256 words=6
15442;01:17:38.201283;Dbg;deqna;8526;deqna.cpp;2108;DEQNA: TX list end (V=0) - XI/XL set desc=1373256
15443;01:17:38.206582;Dbg;deqna;8526;deqna.cpp;2095;DEQNA: TX desc_read_words @ 01373256 words=6
15444;01:17:38.206822;Dbg;deqna;8526;deqna.cpp;2108;DEQNA: TX list end (V=0) - XI/XL set desc=1373256
15445;01:17:38.212174;Dbg;deqna;8526;deqna.cpp;2095;DEQNA: TX desc_read_words @ 01373256 words=6
15446;01:17:38.212459;Dbg;deqna;8526;deqna.cpp;2108;DEQNA: TX list end (V=0) - XI/XL set desc=1373256
15447;01:17:38.217793;Dbg;deqna;8526;deqna.cpp;2095;DEQNA: TX desc_read_words @ 01373256 words=6
15448;01:17:38.218064;Dbg;deqna;8526;deqna.cpp;2108;DEQNA: TX list end (V=0) - XI/XL set desc=1373256
15449;01:17:38.223487;Dbg;deqna;8526;deqna.cpp;2095;DEQNA: TX desc_read_words @ 01373256 words=6
15450;01:17:38.223756;Dbg;deqna;8526;deqna.cpp;2108;DEQNA: TX list end (V=0) - XI/XL set desc=1373256
15451;01:17:38.229177;Dbg;deqna;8526;deqna.cpp;2095;DEQNA: TX desc_read_words @ 01373256 words=6
15452;01:17:38.229467;Dbg;deqna;8526;deqna.cpp;2108;DEQNA: TX list end (V=0) - XI/XL set desc=1373256
15453;01:17:38.234788;Dbg;deqna;8526;deqna.cpp;2095;DEQNA: TX desc_read_words @ 01373256 words=6
15454;01:17:38.235021;Dbg;deqna;8526;deqna.cpp;2108;DEQNA: TX list end (V=0) - XI/XL set desc=1373256
15455;01:17:38.240338;Dbg;deqna;8526;deqna.cpp;2095;DEQNA: TX desc_read_words @ 01373256 words=6
15456;01:17:38.240581;Dbg;deqna;8526;deqna.cpp;2108;DEQNA: TX list end (V=0) - XI/XL set desc=1373256
15457;01:17:38.245886;Dbg;deqna;8526;deqna.cpp;2095;DEQNA: TX desc_read_words @ 01373256 words=6
15458;01:17:38.246185;Dbg;deqna;8526;deqna.cpp;2108;DEQNA: TX list end (V=0) - XI/XL set desc=1373256
15459;01:17:38.251497;Dbg;deqna;8526;deqna.cpp;2095;DEQNA: TX desc_read_words @ 01373256 words=6
15460;01:17:38.251753;Dbg;deqna;8526;deqna.cpp;2108;DEQNA: TX list end (V=0) - XI/XL set desc=1373256
15461;01:17:38.257191;Dbg;deqna;8526;deqna.cpp;2095;DEQNA: TX desc_read_words @ 01373256 words=6
15462;01:17:38.257474;Dbg;deqna;8526;deqna.cpp;2108;DEQNA: TX list end (V=0) - XI/XL set desc=1373256
15463;01:17:38.262779;Dbg;deqna;8526;deqna.cpp;2095;DEQNA: TX desc_read_words @ 01373256 words=6
15464;01:17:38.263036;Dbg;deqna;8526;deqna.cpp;2108;DEQNA: TX list end (V=0) - XI/XL set desc=1373256
15465;01:17:38.268334;Dbg;deqna;8526;deqna.cpp;2095;DEQNA: TX desc_read_words @ 01373256 words=6
15466;01:17:38.268669;Dbg;deqna;8526;deqna.cpp;2108;DEQNA: TX list end (V=0) - XI/XL set desc=1373256
15467;01:17:38.274004;Dbg;deqna;8526;deqna.cpp;2095;DEQNA: TX desc_read_words @ 01373256 words=6
15468;01:17:38.274334;Dbg;deqna;8526;deqna.cpp;2108;DEQNA: TX list end (V=0) - XI/XL set desc=1373256
15469;01:17:38.279748;Dbg;deqna;8526;deqna.cpp;2095;DEQNA: TX desc_read_words @ 01373256 words=6
15470;01:17:38.279986;Dbg;deqna;8526;deqna.cpp;2108;DEQNA: TX list end (V=0) - XI/XL set desc=1373256
15471;01:17:38.285285;Dbg;deqna;8526;deqna.cpp;2095;DEQNA: TX desc_read_words @ 01373256 words=6
15472;01:17:38.285529;Dbg;deqna;8526;deqna.cpp;2108;DEQNA: TX list end (V=0) - XI/XL set desc=1373256
15473;01:17:38.290845;Dbg;deqna;8526;deqna.cpp;2095;DEQNA: TX desc_read_words @ 01373256 words=6
15474;01:17:38.291119;Dbg;deqna;8526;deqna.cpp;2108;DEQNA: TX list end (V=0) - XI/XL set desc=1373256
15475;01:17:38.296452;Dbg;deqna;8526;deqna.cpp;2095;DEQNA: TX desc_read_words @ 01373256 words=6
15476;01:17:38.296746;Dbg;deqna;8526;deqna.cpp;2108;DEQNA: TX list end (V=0) - XI/XL set desc=1373256
15477;01:17:38.302183;Dbg;deqna;8526;deqna.cpp;2095;DEQNA: TX desc_read_words @ 01373256 words=6
15478;01:17:38.302466;Dbg;deqna;8526;deqna.cpp;2108;DEQNA: TX list end (V=0) - XI/XL set desc=1373256
15479;01:17:38.307762;Dbg;deqna;8526;deqna.cpp;2095;DEQNA: TX desc_read_words @ 01373256 words=6
15480;01:17:38.308002;Dbg;deqna;8526;deqna.cpp;2108;DEQNA: TX list end (V=0) - XI/XL set desc=1373256
15481;01:17:38.313361;Dbg;deqna;8526;deqna.cpp;2095;DEQNA: TX desc_read_words @ 01373256 words=6
15482;01:17:38.313654;Dbg;deqna;8526;deqna.cpp;2108;DEQNA: TX list end (V=0) - XI/XL set desc=1373256
15483;01:17:38.319000;Dbg;deqna;8526;deqna.cpp;2095;DEQNA: TX desc_read_words @ 01373256 words=6
15484;01:17:38.319251;Dbg;deqna;8526;deqna.cpp;2108;DEQNA: TX list end (V=0) - XI/XL set desc=1373256
15485;01:17:38.324675;Dbg;deqna;8526;deqna.cpp;2095;DEQNA: TX desc_read_words @ 01373256 words=6
15486;01:17:38.324972;Dbg;deqna;8526;deqna.cpp;2108;DEQNA: TX list end (V=0) - XI/XL set desc=1373256
15487;01:17:38.329843;Dbg;deqna;8525;deqna.cpp;1365;DEQNA: Enqueue RX type=2 len=60 status=000000 queue=0
15488;01:17:38.330112;Dbg;deqna;8525;deqna.cpp;1392;DEQNA: ENQ DBG type=2 len=60 data=ffffffffffffc82b 96b611ec00060001 af81010000000000 0000000000000000 0000000000000000 0000000000000000 0000000000000000 00000000
15489;01:17:38.330146;Dbg;deqna;8525;deqna.cpp;1613;DEQNA: RX desc_read_words @ 01372756 words=4
15490;01:17:38.330673;Dbg;deqna;8525;deqna.cpp;1721;DEQNA: RX deliver type=2 rbl=60 to addr=01507100 blen=2048 desc=1372756
15491;01:17:38.330974;Dbg;deqna;8525;deqna.cpp;1798;DEQNA: RX status type=2 st1=000370 st2=000000 desc=1372766
15492;01:17:38.331213;Dbg;deqna;8525;deqna.cpp;1865;DEQNA: RI set (rx_processed=1 queue=0 rbdl=1372772)
15493;01:17:38.331320;Dbg;deqna;8525;qunibusdevice.cpp;249;update_csr_reg CSR: STA0=177522 STA1=177524 RCLL=177400/172742 RCLH=177422/000005 XMTL=177464/173242 XMTH=177526/000005 VECTOR=000774/000774 CSR=110521/100701
15494;01:17:38.331336;Dbg;deqna;8525;deqna.cpp;643;DEQNA: CSR change prev=010521 now=110521 set=100000 clr=000000
15495;01:17:38.331414;Dbg;deqna;8525;qunibusdevice.cpp;249;update_csr_reg CSR: STA0=177522 STA1=177524 RCLL=177400/172742 RCLH=177422/000005 XMTL=177464/173242 XMTH=177526/000005 VECTOR=000774/000774 CSR=110521/100701
15496;01:17:38.331429;Dbg;deqna;8525;deqna.cpp;586;DEQNA: INTR assert, csr=110521 ie=1
15497;01:17:38.331448;Dbg;deqna;8525;deqna.cpp;724;DEQNA: INTR assert, csr=110521 vec=374 level=5
15498;01:17:38.331581;Dbg;deqna;8526;deqna.cpp;2095;DEQNA: TX desc_read_words @ 01373256 words=6
15499;01:17:38.331768;Dbg;deqna;8519;qunibusdevice.cpp;249;DATO CSR: STA0=177522 STA1=177524 RCLL=177400/172742 RCLH=177422/000005 XMTL=177464/173242 XMTH=177526/000005 VECTOR=000774/000774 CSR=110521/100701
15500;01:17:38.331793;Dbg;deqna;8519;deqna.cpp;1202;DEQNA: Write CSR (reg 7) = 100701 access=0
15501;01:17:38.331879;Dbg;deqna;8519;qunibusdevice.cpp;249;update_csr_reg CSR: STA0=177522 STA1=177524 RCLL=177400/172742 RCLH=177422/000005 XMTL=177464/173242 XMTH=177526/000005 VECTOR=000774/000774 CSR=010521/100701
15502;01:17:38.331891;Dbg;deqna;8519;deqna.cpp;643;DEQNA: CSR change prev=110521 now=010521 set=000501 clr=103216
15503;01:17:38.331915;Dbg;deqna;8519;deqna.cpp;595;DEQNA: INTR deassert, csr=010521 ie=1
15504;01:17:38.331933;Dbg;deqna;8519;deqna.cpp;730;DEQNA: INTR deassert, csr=010521
15505;01:17:38.332167;Dbg;deqna;8526;deqna.cpp;2108;DEQNA: TX list end (V=0) - XI/XL set desc=1373256
15506;01:17:38.332589;Dbg;deqna;8525;deqna.cpp;595;DEQNA: INTR deassert, csr=010521 ie=1
15507;01:17:38.337531;Dbg;deqna;8526;deqna.cpp;2095;DEQNA: TX desc_read_words @ 01373256 words=6
15508;01:17:38.337793;Dbg;deqna;8526;deqna.cpp;2108;DEQNA: TX list end (V=0) - XI/XL set desc=1373256
15509;01:17:38.343141;Dbg;deqna;8526;deqna.cpp;2095;DEQNA: TX desc_read_words @ 01373256 words=6
15510;01:17:38.343351;Dbg;deqna;8526;deqna.cpp;2108;DEQNA: TX list end (V=0) - XI/XL set desc=1373256
15511;01:17:38.348514;Dbg;deqna;8526;deqna.cpp;2095;DEQNA: TX desc_read_words @ 01373256 words=6
15512;01:17:38.348715;Dbg;deqna;8526;deqna.cpp;2108;DEQNA: TX list end (V=0) - XI/XL set desc=1373256
15513;01:17:38.353885;Dbg;deqna;8526;deqna.cpp;2095;DEQNA: TX desc_read_words @ 01373256 words=6
15514;01:17:38.354021;Dbg;deqna;8526;deqna.cpp;2108;DEQNA: TX list end (V=0) - XI/XL set desc=1373256
15515;01:17:38.359220;Dbg;deqna;8526;deqna.cpp;2095;DEQNA: TX desc_read_words @ 01373256 words=6
15516;01:17:38.359389;Dbg;deqna;8526;deqna.cpp;2108;DEQNA: TX list end (V=0) - XI/XL set desc=1373256
15517;01:17:38.364543;Dbg;deqna;8526;deqna.cpp;2095;DEQNA: TX desc_read_words @ 01373256 words=6
15518;01:17:38.364675;Dbg;deqna;8526;deqna.cpp;2108;DEQNA: TX list end (V=0) - XI/XL set desc=1373256
15519;01:17:38.369248;Dbg;deqna;8525;deqna.cpp;1365;DEQNA: Enqueue RX type=2 len=60 status=000000 queue=0
15520;01:17:38.369387;Dbg;deqna;8525;deqna.cpp;1392;DEQNA: ENQ DBG type=2 len=60 data=ffffffffffffd0d2 b08e8ca608060001 080006040001d0d2 b08e8ca6c0a8008b 000000000000c0a8 008b000000000000 0000000000000000 00000000
15521;01:17:38.369405;Dbg;deqna;8525;deqna.cpp;1613;DEQNA: RX desc_read_words @ 01372772 words=4
15522;01:17:38.369652;Dbg;deqna;8525;deqna.cpp;1721;DEQNA: RX deliver type=2 rbl=60 to addr=01513100 blen=2048 desc=1372772
15523;01:17:38.369844;Dbg;deqna;8525;deqna.cpp;1798;DEQNA: RX status type=2 st1=000370 st2=000000 desc=1373002
15524;01:17:38.369989;Dbg;deqna;8525;deqna.cpp;1865;DEQNA: RI set (rx_processed=1 queue=0 rbdl=1373006)
15525;01:17:38.370046;Dbg;deqna;8525;qunibusdevice.cpp;249;update_csr_reg CSR: STA0=177522 STA1=177524 RCLL=177400/172742 RCLH=177422/000005 XMTL=177464/173242 XMTH=177526/000005 VECTOR=000774/000774 CSR=110521/100701
15526;01:17:38.370054;Dbg;deqna;8525;deqna.cpp;643;DEQNA: CSR change prev=010521 now=110521 set=100000 clr=000000
15527;01:17:38.370094;Dbg;deqna;8525;qunibusdevice.cpp;249;update_csr_reg CSR: STA0=177522 STA1=177524 RCLL=177400/172742 RCLH=177422/000005 XMTL=177464/173242 XMTH=177526/000005 VECTOR=000774/000774 CSR=110521/100701
15528;01:17:38.370102;Dbg;deqna;8525;deqna.cpp;586;DEQNA: INTR assert, csr=110521 ie=1
15529;01:17:38.370112;Dbg;deqna;8525;deqna.cpp;724;DEQNA: INTR assert, csr=110521 vec=374 level=5
15530;01:17:38.370168;Dbg;deqna;8526;deqna.cpp;2095;DEQNA: TX desc_read_words @ 01373256 words=6
15531;01:17:38.370280;Dbg;deqna;8519;qunibusdevice.cpp;249;DATO CSR: STA0=177522 STA1=177524 RCLL=177400/172742 RCLH=177422/000005 XMTL=177464/173242 XMTH=177526/000005 VECTOR=000774/000774 CSR=110521/100701
15532;01:17:38.370292;Dbg;deqna;8519;deqna.cpp;1202;DEQNA: Write CSR (reg 7) = 100701 access=0
15533;01:17:38.370336;Dbg;deqna;8519;qunibusdevice.cpp;249;update_csr_reg CSR: STA0=177522 STA1=177524 RCLL=177400/172742 RCLH=177422/000005 XMTL=177464/173242 XMTH=177526/000005 VECTOR=000774/000774 CSR=010521/100701
15534;01:17:38.370343;Dbg;deqna;8519;deqna.cpp;643;DEQNA: CSR change prev=110521 now=010521 set=000501 clr=103216
15535;01:17:38.370354;Dbg;deqna;8519;deqna.cpp;595;DEQNA: INTR deassert, csr=010521 ie=1
15536;01:17:38.370363;Dbg;deqna;8519;deqna.cpp;730;DEQNA: INTR deassert, csr=010521
15537;01:17:38.370428;Dbg;deqna;8526;deqna.cpp;2108;DEQNA: TX list end (V=0) - XI/XL set desc=1373256
15538;01:17:38.371184;Dbg;deqna;8525;deqna.cpp;595;DEQNA: INTR deassert, csr=010521 ie=1
15539;01:17:38.375609;Dbg;deqna;8526;deqna.cpp;2095;DEQNA: TX desc_read_words @ 01373256 words=6
15540;01:17:38.375751;Dbg;deqna;8526;deqna.cpp;2108;DEQNA: TX list end (V=0) - XI/XL set desc=1373256
15541;01:17:38.380932;Dbg;deqna;8526;deqna.cpp;2095;DEQNA: TX desc_read_words @ 01373256 words=6
15542;01:17:38.381063;Dbg;deqna;8526;deqna.cpp;2108;DEQNA: TX list end (V=0) - XI/XL set desc=1373256
15543;01:17:38.386216;Dbg;deqna;8526;deqna.cpp;2095;DEQNA: TX desc_read_words @ 01373256 words=6
15544;01:17:38.386348;Dbg;deqna;8526;deqna.cpp;2108;DEQNA: TX list end (V=0) - XI/XL set desc=1373256
15545;01:17:38.391515;Dbg;deqna;8526;deqna.cpp;2095;DEQNA: TX desc_read_words @ 01373256 words=6
15546;01:17:38.391652;Dbg;deqna;8526;deqna.cpp;2108;DEQNA: TX list end (V=0) - XI/XL set desc=1373256
15547;01:17:38.396836;Dbg;deqna;8526;deqna.cpp;2095;DEQNA: TX desc_read_words @ 01373256 words=6
15548;01:17:38.396985;Dbg;deqna;8526;deqna.cpp;2108;DEQNA: TX list end (V=0) - XI/XL set desc=1373256
15549;01:17:38.402203;Dbg;deqna;8526;deqna.cpp;2095;DEQNA: TX desc_read_words @ 01373256 words=6
15550;01:17:38.402350;Dbg;deqna;8526;deqna.cpp;2108;DEQNA: TX list end (V=0) - XI/XL set desc=1373256
15551;01:17:38.407507;Dbg;deqna;8526;deqna.cpp;2095;DEQNA: TX desc_read_words @ 01373256 words=6
15552;01:17:38.407641;Dbg;deqna;8526;deqna.cpp;2108;DEQNA: TX list end (V=0) - XI/XL set desc=1373256
15553;01:17:38.412821;Dbg;deqna;8526;deqna.cpp;2095;DEQNA: TX desc_read_words @ 01373256 words=6
15554;01:17:38.412968;Dbg;deqna;8526;deqna.cpp;2108;DEQNA: TX list end (V=0) - XI/XL set desc=1373256
15555;01:17:38.418151;Dbg;deqna;8526;deqna.cpp;2095;DEQNA: TX desc_read_words @ 01373256 words=6
15556;01:17:38.418292;Dbg;deqna;8526;deqna.cpp;2108;DEQNA: TX list end (V=0) - XI/XL set desc=1373256
15557;01:17:38.423445;Dbg;deqna;8526;deqna.cpp;2095;DEQNA: TX desc_read_words @ 01373256 words=6
15558;01:17:38.423576;Dbg;deqna;8526;deqna.cpp;2108;DEQNA: TX list end (V=0) - XI/XL set desc=1373256
15559;01:17:38.428740;Dbg;deqna;8526;deqna.cpp;2095;DEQNA: TX desc_read_words @ 01373256 words=6
15560;01:17:38.428880;Dbg;deqna;8526;deqna.cpp;2108;DEQNA: TX list end (V=0) - XI/XL set desc=1373256
15561;01:17:38.434048;Dbg;deqna;8526;deqna.cpp;2095;DEQNA: TX desc_read_words @ 01373256 words=6
15562;01:17:38.434176;Dbg;deqna;8526;deqna.cpp;2108;DEQNA: TX list end (V=0) - XI/XL set desc=1373256
15563;01:17:38.439365;Dbg;deqna;8526;deqna.cpp;2095;DEQNA: TX desc_read_words @ 01373256 words=6
15564;01:17:38.439531;Dbg;deqna;8526;deqna.cpp;2108;DEQNA: TX list end (V=0) - XI/XL set desc=1373256
15565;01:17:38.444683;Dbg;deqna;8526;deqna.cpp;2095;DEQNA: TX desc_read_words @ 01373256 words=6
15566;01:17:38.444809;Dbg;deqna;8526;deqna.cpp;2108;DEQNA: TX list end (V=0) - XI/XL set desc=1373256
15567;01:17:38.449985;Dbg;deqna;8526;deqna.cpp;2095;DEQNA: TX desc_read_words @ 01373256 words=6
15568;01:17:38.450136;Dbg;deqna;8526;deqna.cpp;2108;DEQNA: TX list end (V=0) - XI/XL set desc=1373256
15569;01:17:38.455287;Dbg;deqna;8526;deqna.cpp;2095;DEQNA: TX desc_read_words @ 01373256 words=6
15570;01:17:38.455419;Dbg;deqna;8526;deqna.cpp;2108;DEQNA: TX list end (V=0) - XI/XL set desc=1373256
15571;01:17:38.460577;Dbg;deqna;8526;deqna.cpp;2095;DEQNA: TX desc_read_words @ 01373256 words=6
15572;01:17:38.460725;Dbg;deqna;8526;deqna.cpp;2108;DEQNA: TX list end (V=0) - XI/XL set desc=1373256
15573;01:17:38.465876;Dbg;deqna;8526;deqna.cpp;2095;DEQNA: TX desc_read_words @ 01373256 words=6
15574;01:17:38.466002;Dbg;deqna;8526;deqna.cpp;2108;DEQNA: TX list end (V=0) - XI/XL set desc=1373256
15575;01:17:38.469233;Dbg;deqna;8525;deqna.cpp;1365;DEQNA: Enqueue RX type=2 len=60 status=000000 queue=0
15576;01:17:38.469369;Dbg;deqna;8525;deqna.cpp;1392;DEQNA: ENQ DBG type=2 len=60 data=ffffffffffff90dd 5d94cc6208060001 08000604000190dd 5d94cc62c0a8017b 000000000000c0a8 0116000000000000 0000000000000000 00000000
15577;01:17:38.469386;Dbg;deqna;8525;deqna.cpp;1613;DEQNA: RX desc_read_words @ 01373006 words=4
15578;01:17:38.469628;Dbg;deqna;8525;deqna.cpp;1721;DEQNA: RX deliver type=2 rbl=60 to addr=01517100 blen=2048 desc=1373006
15579;01:17:38.469801;Dbg;deqna;8525;deqna.cpp;1798;DEQNA: RX status type=2 st1=000370 st2=000000 desc=1373016
15580;01:17:38.469928;Dbg;deqna;8525;deqna.cpp;1865;DEQNA: RI set (rx_processed=1 queue=0 rbdl=1373022)
15581;01:17:38.469983;Dbg;deqna;8525;qunibusdevice.cpp;249;update_csr_reg CSR: STA0=177522 STA1=177524 RCLL=177400/172742 RCLH=177422/000005 XMTL=177464/173242 XMTH=177526/000005 VECTOR=000774/000774 CSR=110521/100701
15582;01:17:38.469992;Dbg;deqna;8525;deqna.cpp;643;DEQNA: CSR change prev=010521 now=110521 set=100000 clr=000000
15583;01:17:38.470032;Dbg;deqna;8525;qunibusdevice.cpp;249;update_csr_reg CSR: STA0=177522 STA1=177524 RCLL=177400/172742 RCLH=177422/000005 XMTL=177464/173242 XMTH=177526/000005 VECTOR=000774/000774 CSR=110521/100701
15584;01:17:38.470040;Dbg;deqna;8525;deqna.cpp;586;DEQNA: INTR assert, csr=110521 ie=1
15585;01:17:38.470049;Dbg;deqna;8525;deqna.cpp;724;DEQNA: INTR assert, csr=110521 vec=374 level=5
15586;01:17:38.470193;Dbg;deqna;8519;qunibusdevice.cpp;249;DATO CSR: STA0=177522 STA1=177524 RCLL=177400/172742 RCLH=177422/000005 XMTL=177464/173242 XMTH=177526/000005 VECTOR=000774/000774 CSR=110521/100701
15587;01:17:38.470205;Dbg;deqna;8519;deqna.cpp;1202;DEQNA: Write CSR (reg 7) = 100701 access=0
15588;01:17:38.470250;Dbg;deqna;8519;qunibusdevice.cpp;249;update_csr_reg CSR: STA0=177522 STA1=177524 RCLL=177400/172742 RCLH=177422/000005 XMTL=177464/173242 XMTH=177526/000005 VECTOR=000774/000774 CSR=010521/100701
15589;01:17:38.470256;Dbg;deqna;8519;deqna.cpp;643;DEQNA: CSR change prev=110521 now=010521 set=000501 clr=103216
15590;01:17:38.470268;Dbg;deqna;8519;deqna.cpp;595;DEQNA: INTR deassert, csr=010521 ie=1
15591;01:17:38.470276;Dbg;deqna;8519;deqna.cpp;730;DEQNA: INTR deassert, csr=010521
15592;01:17:38.470318;Dbg;deqna;8526;deqna.cpp;595;DEQNA: INTR deassert, csr=010521 ie=1
15593;01:17:38.471376;Dbg;deqna;8526;deqna.cpp;2095;DEQNA: TX desc_read_words @ 01373256 words=6
15594;01:17:38.471522;Dbg;deqna;8526;deqna.cpp;2108;DEQNA: TX list end (V=0) - XI/XL set desc=1373256
15595;01:17:38.476690;Dbg;deqna;8526;deqna.cpp;2095;DEQNA: TX desc_read_words @ 01373256 words=6
15596;01:17:38.476821;Dbg;deqna;8526;deqna.cpp;2108;DEQNA: TX list end (V=0) - XI/XL set desc=1373256
15597;01:17:38.481984;Dbg;deqna;8526;deqna.cpp;2095;DEQNA: TX desc_read_words @ 01373256 words=6
15598;01:17:38.482127;Dbg;deqna;8526;deqna.cpp;2108;DEQNA: TX list end (V=0) - XI/XL set desc=1373256
15599;01:17:38.487279;Dbg;deqna;8526;deqna.cpp;2095;DEQNA: TX desc_read_words @ 01373256 words=6
15600;01:17:38.487407;Dbg;deqna;8526;deqna.cpp;2108;DEQNA: TX list end (V=0) - XI/XL set desc=1373256
15601;01:17:38.492579;Dbg;deqna;8526;deqna.cpp;2095;DEQNA: TX desc_read_words @ 01373256 words=6
15602;01:17:38.492718;Dbg;deqna;8526;deqna.cpp;2108;DEQNA: TX list end (V=0) - XI/XL set desc=1373256
15603;01:17:38.497888;Dbg;deqna;8526;deqna.cpp;2095;DEQNA: TX desc_read_words @ 01373256 words=6
15604;01:17:38.498045;Dbg;deqna;8526;deqna.cpp;2108;DEQNA: TX list end (V=0) - XI/XL set desc=1373256
15605;01:17:38.503214;Dbg;deqna;8526;deqna.cpp;2095;DEQNA: TX desc_read_words @ 01373256 words=6
15606;01:17:38.503368;Dbg;deqna;8526;deqna.cpp;2108;DEQNA: TX list end (V=0) - XI/XL set desc=1373256
15607;01:17:38.508522;Dbg;deqna;8526;deqna.cpp;2095;DEQNA: TX desc_read_words @ 01373256 words=6
15608;01:17:38.508697;Dbg;deqna;8526;deqna.cpp;2108;DEQNA: TX list end (V=0) - XI/XL set desc=1373256
15609;01:17:38.509282;Dbg;deqna;8525;deqna.cpp;1365;DEQNA: Enqueue RX type=2 len=60 status=000000 queue=0
15610;01:17:38.509412;Dbg;deqna;8525;deqna.cpp;1392;DEQNA: ENQ DBG type=2 len=60 data=ffffffffffff6462 6622847608060001 0800060400016462 66228476c0a80109 000000000000c0a8 010d000000000000 0000000000000000 00000000
15611;01:17:38.509430;Dbg;deqna;8525;deqna.cpp;1613;DEQNA: RX desc_read_words @ 01373022 words=4
15612;01:17:38.509667;Dbg;deqna;8525;deqna.cpp;1721;DEQNA: RX deliver type=2 rbl=60 to addr=01523100 blen=2048 desc=1373022
15613;01:17:38.509847;Dbg;deqna;8525;deqna.cpp;1798;DEQNA: RX status type=2 st1=000370 st2=000000 desc=1373032
15614;01:17:38.509972;Dbg;deqna;8525;deqna.cpp;1865;DEQNA: RI set (rx_processed=1 queue=0 rbdl=1373036)
15615;01:17:38.510025;Dbg;deqna;8525;qunibusdevice.cpp;249;update_csr_reg CSR: STA0=177522 STA1=177524 RCLL=177400/172742 RCLH=177422/000005 XMTL=177464/173242 XMTH=177526/000005 VECTOR=000774/000774 CSR=110521/100701
15616;01:17:38.510034;Dbg;deqna;8525;deqna.cpp;643;DEQNA: CSR change prev=010521 now=110521 set=100000 clr=000000
15617;01:17:38.510074;Dbg;deqna;8525;qunibusdevice.cpp;249;update_csr_reg CSR: STA0=177522 STA1=177524 RCLL=177400/172742 RCLH=177422/000005 XMTL=177464/173242 XMTH=177526/000005 VECTOR=000774/000774 CSR=110521/100701
15618;01:17:38.510081;Dbg;deqna;8525;deqna.cpp;586;DEQNA: INTR assert, csr=110521 ie=1
15619;01:17:38.510091;Dbg;deqna;8525;deqna.cpp;724;DEQNA: INTR assert, csr=110521 vec=374 level=5
15620;01:17:38.510251;Dbg;deqna;8519;qunibusdevice.cpp;249;DATO CSR: STA0=177522 STA1=177524 RCLL=177400/172742 RCLH=177422/000005 XMTL=177464/173242 XMTH=177526/000005 VECTOR=000774/000774 CSR=110521/100701
15621;01:17:38.510262;Dbg;deqna;8519;deqna.cpp;1202;DEQNA: Write CSR (reg 7) = 100701 access=0
15622;01:17:38.510305;Dbg;deqna;8519;qunibusdevice.cpp;249;update_csr_reg CSR: STA0=177522 STA1=177524 RCLL=177400/172742 RCLH=177422/000005 XMTL=177464/173242 XMTH=177526/000005 VECTOR=000774/000774 CSR=010521/100701
15623;01:17:38.510311;Dbg;deqna;8519;deqna.cpp;643;DEQNA: CSR change prev=110521 now=010521 set=000501 clr=103216
15624;01:17:38.510323;Dbg;deqna;8519;deqna.cpp;595;DEQNA: INTR deassert, csr=010521 ie=1
15625;01:17:38.510332;Dbg;deqna;8519;deqna.cpp;730;DEQNA: INTR deassert, csr=010521
15626;01:17:38.510804;Dbg;deqna;8526;deqna.cpp;595;DEQNA: INTR deassert, csr=010521 ie=1
15627;01:17:38.513919;Dbg;deqna;8526;deqna.cpp;2095;DEQNA: TX desc_read_words @ 01373256 words=6
15628;01:17:38.514075;Dbg;deqna;8526;deqna.cpp;2108;DEQNA: TX list end (V=0) - XI/XL set desc=1373256
15629;01:17:38.519236;Dbg;deqna;8526;deqna.cpp;2095;DEQNA: TX desc_read_words @ 01373256 words=6
15630;01:17:38.519398;Dbg;deqna;8526;deqna.cpp;2108;DEQNA: TX list end (V=0) - XI/XL set desc=1373256
15631;01:17:38.524620;Dbg;deqna;8526;deqna.cpp;2095;DEQNA: TX desc_read_words @ 01373256 words=6
15632;01:17:38.524770;Dbg;deqna;8526;deqna.cpp;2108;DEQNA: TX list end (V=0) - XI/XL set desc=1373256
15633;01:17:38.529994;Dbg;deqna;8526;deqna.cpp;2095;DEQNA: TX desc_read_words @ 01373256 words=6
15634;01:17:38.530150;Dbg;deqna;8526;deqna.cpp;2108;DEQNA: TX list end (V=0) - XI/XL set desc=1373256
15635;01:17:38.535335;Dbg;deqna;8526;deqna.cpp;2095;DEQNA: TX desc_read_words @ 01373256 words=6
15636;01:17:38.535471;Dbg;deqna;8526;deqna.cpp;2108;DEQNA: TX list end (V=0) - XI/XL set desc=1373256
15637;01:17:38.540634;Dbg;deqna;8526;deqna.cpp;2095;DEQNA: TX desc_read_words @ 01373256 words=6
15638;01:17:38.540762;Dbg;deqna;8526;deqna.cpp;2108;DEQNA: TX list end (V=0) - XI/XL set desc=1373256
15639;01:17:38.545917;Dbg;deqna;8526;deqna.cpp;2095;DEQNA: TX desc_read_words @ 01373256 words=6
15640;01:17:38.546051;Dbg;deqna;8526;deqna.cpp;2108;DEQNA: TX list end (V=0) - XI/XL set desc=1373256
15641;01:17:38.551215;Dbg;deqna;8526;deqna.cpp;2095;DEQNA: TX desc_read_words @ 01373256 words=6
15642;01:17:38.551345;Dbg;deqna;8526;deqna.cpp;2108;DEQNA: TX list end (V=0) - XI/XL set desc=1373256
15643;01:17:38.556518;Dbg;deqna;8526;deqna.cpp;2095;DEQNA: TX desc_read_words @ 01373256 words=6
15644;01:17:38.556647;Dbg;deqna;8526;deqna.cpp;2108;DEQNA: TX list end (V=0) - XI/XL set desc=1373256
15645;01:17:38.561813;Dbg;deqna;8526;deqna.cpp;2095;DEQNA: TX desc_read_words @ 01373256 words=6
15646;01:17:38.561940;Dbg;deqna;8526;deqna.cpp;2108;DEQNA: TX list end (V=0) - XI/XL set desc=1373256
15647;01:17:38.567093;Dbg;deqna;8526;deqna.cpp;2095;DEQNA: TX desc_read_words @ 01373256 words=6
15648;01:17:38.567261;Dbg;deqna;8526;deqna.cpp;2108;DEQNA: TX list end (V=0) - XI/XL set desc=1373256
15649;01:17:38.572424;Dbg;deqna;8526;deqna.cpp;2095;DEQNA: TX desc_read_words @ 01373256 words=6
15650;01:17:38.572556;Dbg;deqna;8526;deqna.cpp;2108;DEQNA: TX list end (V=0) - XI/XL set desc=1373256
15651;01:17:38.577728;Dbg;deqna;8526;deqna.cpp;2095;DEQNA: TX desc_read_words @ 01373256 words=6
15652;01:17:38.577860;Dbg;deqna;8526;deqna.cpp;2108;DEQNA: TX list end (V=0) - XI/XL set desc=1373256
15653;01:17:38.583012;Dbg;deqna;8526;deqna.cpp;2095;DEQNA: TX desc_read_words @ 01373256 words=6
15654;01:17:38.583142;Dbg;deqna;8526;deqna.cpp;2108;DEQNA: TX list end (V=0) - XI/XL set desc=1373256
15655;01:17:38.588305;Dbg;deqna;8526;deqna.cpp;2095;DEQNA: TX desc_read_words @ 01373256 words=6
15656;01:17:38.588438;Dbg;deqna;8526;deqna.cpp;2108;DEQNA: TX list end (V=0) - XI/XL set desc=1373256
15657;01:17:38.593607;Dbg;deqna;8526;deqna.cpp;2095;DEQNA: TX desc_read_words @ 01373256 words=6
15658;01:17:38.593738;Dbg;deqna;8526;deqna.cpp;2108;DEQNA: TX list end (V=0) - XI/XL set desc=1373256
15659;01:17:38.598916;Dbg;deqna;8526;deqna.cpp;2095;DEQNA: TX desc_read_words @ 01373256 words=6
15660;01:17:38.599050;Dbg;deqna;8526;deqna.cpp;2108;DEQNA: TX list end (V=0) - XI/XL set desc=1373256
15661;01:17:38.604202;Dbg;deqna;8526;deqna.cpp;2095;DEQNA: TX desc_read_words @ 01373256 words=6
15662;01:17:38.604344;Dbg;deqna;8526;deqna.cpp;2108;DEQNA: TX list end (V=0) - XI/XL set desc=1373256
15663;01:17:38.609561;Dbg;deqna;8526;deqna.cpp;2095;DEQNA: TX desc_read_words @ 01373256 words=6
15664;01:17:38.609713;Dbg;deqna;8526;deqna.cpp;2108;DEQNA: TX list end (V=0) - XI/XL set desc=1373256
15665;01:17:38.614958;Dbg;deqna;8526;deqna.cpp;2095;DEQNA: TX desc_read_words @ 01373256 words=6
15666;01:17:38.615120;Dbg;deqna;8526;deqna.cpp;2108;DEQNA: TX list end (V=0) - XI/XL set desc=1373256
15667;01:17:38.620293;Dbg;deqna;8526;deqna.cpp;2095;DEQNA: TX desc_read_words @ 01373256 words=6
15668;01:17:38.620430;Dbg;deqna;8526;deqna.cpp;2108;DEQNA: TX list end (V=0) - XI/XL set desc=1373256
15669;01:17:38.625581;Dbg;deqna;8526;deqna.cpp;2095;DEQNA: TX desc_read_words @ 01373256 words=6
15670;01:17:38.625709;Dbg;deqna;8526;deqna.cpp;2108;DEQNA: TX list end (V=0) - XI/XL set desc=1373256
15671;01:17:38.630879;Dbg;deqna;8526;deqna.cpp;2095;DEQNA: TX desc_read_words @ 01373256 words=6
15672;01:17:38.631017;Dbg;deqna;8526;deqna.cpp;2108;DEQNA: TX list end (V=0) - XI/XL set desc=1373256
15673;01:17:38.636180;Dbg;deqna;8526;deqna.cpp;2095;DEQNA: TX desc_read_words @ 01373256 words=6
15674;01:17:38.636308;Dbg;deqna;8526;deqna.cpp;2108;DEQNA: TX list end (V=0) - XI/XL set desc=1373256
15675;01:17:38.641603;Dbg;deqna;8526;deqna.cpp;2095;DEQNA: TX desc_read_words @ 01373256 words=6
15676;01:17:38.641943;Dbg;deqna;8526;deqna.cpp;2108;DEQNA: TX list end (V=0) - XI/XL set desc=1373256
15677;01:17:38.647355;Dbg;deqna;8526;deqna.cpp;2095;DEQNA: TX desc_read_words @ 01373256 words=6
15678;01:17:38.647638;Dbg;deqna;8526;deqna.cpp;2108;DEQNA: TX list end (V=0) - XI/XL set desc=1373256
15679;01:17:38.653110;Dbg;deqna;8526;deqna.cpp;2095;DEQNA: TX desc_read_words @ 01373256 words=6
15680;01:17:38.653452;Dbg;deqna;8526;deqna.cpp;2108;DEQNA: TX list end (V=0) - XI/XL set desc=1373256
15681;01:17:38.658792;Dbg;deqna;8526;deqna.cpp;2095;DEQNA: TX desc_read_words @ 01373256 words=6
15682;01:17:38.659033;Dbg;deqna;8526;deqna.cpp;2108;DEQNA: TX list end (V=0) - XI/XL set desc=1373256
15683;01:17:38.664342;Dbg;deqna;8526;deqna.cpp;2095;DEQNA: TX desc_read_words @ 01373256 words=6
15684;01:17:38.664585;Dbg;deqna;8526;deqna.cpp;2108;DEQNA: TX list end (V=0) - XI/XL set desc=1373256
15685;01:17:38.669906;Dbg;deqna;8526;deqna.cpp;2095;DEQNA: TX desc_read_words @ 01373256 words=6
15686;01:17:38.670149;Dbg;deqna;8526;deqna.cpp;2108;DEQNA: TX list end (V=0) - XI/XL set desc=1373256
15687;01:17:38.675619;Dbg;deqna;8526;deqna.cpp;2095;DEQNA: TX desc_read_words @ 01373256 words=6
15688;01:17:38.675908;Dbg;deqna;8526;deqna.cpp;2108;DEQNA: TX list end (V=0) - XI/XL set desc=1373256
15689;01:17:38.681353;Dbg;deqna;8526;deqna.cpp;2095;DEQNA: TX desc_read_words @ 01373256 words=6
15690;01:17:38.681640;Dbg;deqna;8526;deqna.cpp;2108;DEQNA: TX list end (V=0) - XI/XL set desc=1373256
15691;01:17:38.686961;Dbg;deqna;8526;deqna.cpp;2095;DEQNA: TX desc_read_words @ 01373256 words=6
15692;01:17:38.687227;Dbg;deqna;8526;deqna.cpp;2108;DEQNA: TX list end (V=0) - XI/XL set desc=1373256
15693;01:17:38.692554;Dbg;deqna;8526;deqna.cpp;2095;DEQNA: TX desc_read_words @ 01373256 words=6
15694;01:17:38.692795;Dbg;deqna;8526;deqna.cpp;2108;DEQNA: TX list end (V=0) - XI/XL set desc=1373256
15695;01:17:38.698135;Dbg;deqna;8526;deqna.cpp;2095;DEQNA: TX desc_read_words @ 01373256 words=6
15696;01:17:38.698431;Dbg;deqna;8526;deqna.cpp;2108;DEQNA: TX list end (V=0) - XI/XL set desc=1373256
15697;01:17:38.703835;Dbg;deqna;8526;deqna.cpp;2095;DEQNA: TX desc_read_words @ 01373256 words=6
15698;01:17:38.704106;Dbg;deqna;8526;deqna.cpp;2108;DEQNA: TX list end (V=0) - XI/XL set desc=1373256
15699;01:17:38.709547;Dbg;deqna;8526;deqna.cpp;2095;DEQNA: TX desc_read_words @ 01373256 words=6
15700;01:17:38.709840;Dbg;deqna;8526;deqna.cpp;2108;DEQNA: TX list end (V=0) - XI/XL set desc=1373256
15701;01:17:38.715190;Dbg;deqna;8526;deqna.cpp;2095;DEQNA: TX desc_read_words @ 01373256 words=6
15702;01:17:38.715449;Dbg;deqna;8526;deqna.cpp;2108;DEQNA: TX list end (V=0) - XI/XL set desc=1373256
15703;01:17:38.720797;Dbg;deqna;8526;deqna.cpp;2095;DEQNA: TX desc_read_words @ 01373256 words=6
15704;01:17:38.721045;Dbg;deqna;8526;deqna.cpp;2108;DEQNA: TX list end (V=0) - XI/XL set desc=1373256
15705;01:17:38.726357;Dbg;deqna;8526;deqna.cpp;2095;DEQNA: TX desc_read_words @ 01373256 words=6
15706;01:17:38.726633;Dbg;deqna;8526;deqna.cpp;2108;DEQNA: TX list end (V=0) - XI/XL set desc=1373256
15707;01:17:38.729941;Dbg;deqna;8525;deqna.cpp;1365;DEQNA: Enqueue RX type=2 len=60 status=000000 queue=0
15708;01:17:38.730202;Dbg;deqna;8525;deqna.cpp;1392;DEQNA: ENQ DBG type=2 len=60 data=ffffffffffff0241 d4d1bd2b08060001 0800060400010241 d4d1bd2bc0a801c2 000000000000c0a8 01c2000000000000 0000000000000000 00000000
15709;01:17:38.730235;Dbg;deqna;8525;deqna.cpp;1613;DEQNA: RX desc_read_words @ 01373036 words=4
15710;01:17:38.730680;Dbg;deqna;8525;deqna.cpp;1721;DEQNA: RX deliver type=2 rbl=60 to addr=01527100 blen=2048 desc=1373036
15711;01:17:38.731038;Dbg;deqna;8525;deqna.cpp;1798;DEQNA: RX status type=2 st1=000370 st2=000000 desc=1373046
15712;01:17:38.731276;Dbg;deqna;8525;deqna.cpp;1865;DEQNA: RI set (rx_processed=1 queue=0 rbdl=1373052)
15713;01:17:38.731381;Dbg;deqna;8525;qunibusdevice.cpp;249;update_csr_reg CSR: STA0=177522 STA1=177524 RCLL=177400/172742 RCLH=177422/000005 XMTL=177464/173242 XMTH=177526/000005 VECTOR=000774/000774 CSR=110521/100701
15714;01:17:38.731397;Dbg;deqna;8525;deqna.cpp;643;DEQNA: CSR change prev=010521 now=110521 set=100000 clr=000000
15715;01:17:38.731476;Dbg;deqna;8525;qunibusdevice.cpp;249;update_csr_reg CSR: STA0=177522 STA1=177524 RCLL=177400/172742 RCLH=177422/000005 XMTL=177464/173242 XMTH=177526/000005 VECTOR=000774/000774 CSR=110521/100701
15716;01:17:38.731492;Dbg;deqna;8525;deqna.cpp;586;DEQNA: INTR assert, csr=110521 ie=1
15717;01:17:38.731510;Dbg;deqna;8525;deqna.cpp;724;DEQNA: INTR assert, csr=110521 vec=374 level=5
15718;01:17:38.731763;Dbg;deqna;8519;qunibusdevice.cpp;249;DATO CSR: STA0=177522 STA1=177524 RCLL=177400/172742 RCLH=177422/000005 XMTL=177464/173242 XMTH=177526/000005 VECTOR=000774/000774 CSR=110521/100701
15719;01:17:38.731785;Dbg;deqna;8519;deqna.cpp;1202;DEQNA: Write CSR (reg 7) = 100701 access=0
15720;01:17:38.731869;Dbg;deqna;8519;qunibusdevice.cpp;249;update_csr_reg CSR: STA0=177522 STA1=177524 RCLL=177400/172742 RCLH=177422/000005 XMTL=177464/173242 XMTH=177526/000005 VECTOR=000774/000774 CSR=010521/100701
15721;01:17:38.731882;Dbg;deqna;8519;deqna.cpp;643;DEQNA: CSR change prev=110521 now=010521 set=000501 clr=103216
15722;01:17:38.731905;Dbg;deqna;8519;deqna.cpp;595;DEQNA: INTR deassert, csr=010521 ie=1
15723;01:17:38.731922;Dbg;deqna;8519;deqna.cpp;730;DEQNA: INTR deassert, csr=010521
15724;01:17:38.732060;Dbg;deqna;8526;deqna.cpp;595;DEQNA: INTR deassert, csr=010521 ie=1
15725;01:17:38.732105;Dbg;deqna;8526;deqna.cpp;2095;DEQNA: TX desc_read_words @ 01373256 words=6
15726;01:17:38.732339;Dbg;deqna;8526;deqna.cpp;2108;DEQNA: TX list end (V=0) - XI/XL set desc=1373256
15727;01:17:38.737637;Dbg;deqna;8526;deqna.cpp;2095;DEQNA: TX desc_read_words @ 01373256 words=6
15728;01:17:38.737932;Dbg;deqna;8526;deqna.cpp;2108;DEQNA: TX list end (V=0) - XI/XL set desc=1373256
15729;01:17:38.743332;Dbg;deqna;8526;deqna.cpp;2095;DEQNA: TX desc_read_words @ 01373256 words=6
15730;01:17:38.743664;Dbg;deqna;8526;deqna.cpp;2108;DEQNA: TX list end (V=0) - XI/XL set desc=1373256
15731;01:17:38.748979;Dbg;deqna;8526;deqna.cpp;2095;DEQNA: TX desc_read_words @ 01373256 words=6
15732;01:17:38.749238;Dbg;deqna;8526;deqna.cpp;2108;DEQNA: TX list end (V=0) - XI/XL set desc=1373256
15733;01:17:38.754565;Dbg;deqna;8526;deqna.cpp;2095;DEQNA: TX desc_read_words @ 01373256 words=6
15734;01:17:38.754836;Dbg;deqna;8526;deqna.cpp;2108;DEQNA: TX list end (V=0) - XI/XL set desc=1373256
15735;01:17:38.760180;Dbg;deqna;8526;deqna.cpp;2095;DEQNA: TX desc_read_words @ 01373256 words=6
15736;01:17:38.760453;Dbg;deqna;8526;deqna.cpp;2108;DEQNA: TX list end (V=0) - XI/XL set desc=1373256
15737;01:17:38.765861;Dbg;deqna;8526;deqna.cpp;2095;DEQNA: TX desc_read_words @ 01373256 words=6
15738;01:17:38.766126;Dbg;deqna;8526;deqna.cpp;2108;DEQNA: TX list end (V=0) - XI/XL set desc=1373256
15739;01:17:38.771559;Dbg;deqna;8526;deqna.cpp;2095;DEQNA: TX desc_read_words @ 01373256 words=6
15740;01:17:38.771851;Dbg;deqna;8526;deqna.cpp;2108;DEQNA: TX list end (V=0) - XI/XL set desc=1373256
15741;01:17:38.777175;Dbg;deqna;8526;deqna.cpp;2095;DEQNA: TX desc_read_words @ 01373256 words=6
15742;01:17:38.777410;Dbg;deqna;8526;deqna.cpp;2108;DEQNA: TX list end (V=0) - XI/XL set desc=1373256
15743;01:17:38.782717;Dbg;deqna;8526;deqna.cpp;2095;DEQNA: TX desc_read_words @ 01373256 words=6
15744;01:17:38.782957;Dbg;deqna;8526;deqna.cpp;2108;DEQNA: TX list end (V=0) - XI/XL set desc=1373256
15745;01:17:38.788250;Dbg;deqna;8526;deqna.cpp;2095;DEQNA: TX desc_read_words @ 01373256 words=6
15746;01:17:38.788520;Dbg;deqna;8526;deqna.cpp;2108;DEQNA: TX list end (V=0) - XI/XL set desc=1373256
15747;01:17:38.793875;Dbg;deqna;8526;deqna.cpp;2095;DEQNA: TX desc_read_words @ 01373256 words=6
15748;01:17:38.794173;Dbg;deqna;8526;deqna.cpp;2108;DEQNA: TX list end (V=0) - XI/XL set desc=1373256
15749;01:17:38.799628;Dbg;deqna;8526;deqna.cpp;2095;DEQNA: TX desc_read_words @ 01373256 words=6
15750;01:17:38.799943;Dbg;deqna;8526;deqna.cpp;2108;DEQNA: TX list end (V=0) - XI/XL set desc=1373256
15751;01:17:38.805242;Dbg;deqna;8526;deqna.cpp;2095;DEQNA: TX desc_read_words @ 01373256 words=6
15752;01:17:38.805484;Dbg;deqna;8526;deqna.cpp;2108;DEQNA: TX list end (V=0) - XI/XL set desc=1373256
15753;01:17:38.810810;Dbg;deqna;8526;deqna.cpp;2095;DEQNA: TX desc_read_words @ 01373256 words=6
15754;01:17:38.811088;Dbg;deqna;8526;deqna.cpp;2108;DEQNA: TX list end (V=0) - XI/XL set desc=1373256
15755;01:17:38.816470;Dbg;deqna;8526;deqna.cpp;2095;DEQNA: TX desc_read_words @ 01373256 words=6
15756;01:17:38.816761;Dbg;deqna;8526;deqna.cpp;2108;DEQNA: TX list end (V=0) - XI/XL set desc=1373256
15757;01:17:38.822200;Dbg;deqna;8526;deqna.cpp;2095;DEQNA: TX desc_read_words @ 01373256 words=6
15758;01:17:38.822508;Dbg;deqna;8526;deqna.cpp;2108;DEQNA: TX list end (V=0) - XI/XL set desc=1373256
15759;01:17:38.827924;Dbg;deqna;8526;deqna.cpp;2095;DEQNA: TX desc_read_words @ 01373256 words=6
15760;01:17:38.828213;Dbg;deqna;8526;deqna.cpp;2108;DEQNA: TX list end (V=0) - XI/XL set desc=1373256
15761;01:17:38.833535;Dbg;deqna;8526;deqna.cpp;2095;DEQNA: TX desc_read_words @ 01373256 words=6
15762;01:17:38.833775;Dbg;deqna;8526;deqna.cpp;2108;DEQNA: TX list end (V=0) - XI/XL set desc=1373256
15763;01:17:38.839126;Dbg;deqna;8526;deqna.cpp;2095;DEQNA: TX desc_read_words @ 01373256 words=6
15764;01:17:38.839388;Dbg;deqna;8526;deqna.cpp;2108;DEQNA: TX list end (V=0) - XI/XL set desc=1373256
15765;01:17:38.844684;Dbg;deqna;8526;deqna.cpp;2095;DEQNA: TX desc_read_words @ 01373256 words=6
15766;01:17:38.844951;Dbg;deqna;8526;deqna.cpp;2108;DEQNA: TX list end (V=0) - XI/XL set desc=1373256
15767;01:17:38.850268;Dbg;deqna;8526;deqna.cpp;2095;DEQNA: TX desc_read_words @ 01373256 words=6
15768;01:17:38.850571;Dbg;deqna;8526;deqna.cpp;2108;DEQNA: TX list end (V=0) - XI/XL set desc=1373256
15769;01:17:38.856030;Dbg;deqna;8526;deqna.cpp;2095;DEQNA: TX desc_read_words @ 01373256 words=6
15770;01:17:38.856312;Dbg;deqna;8526;deqna.cpp;2108;DEQNA: TX list end (V=0) - XI/XL set desc=1373256
15771;01:17:38.861631;Dbg;deqna;8526;deqna.cpp;2095;DEQNA: TX desc_read_words @ 01373256 words=6
15772;01:17:38.861875;Dbg;deqna;8526;deqna.cpp;2108;DEQNA: TX list end (V=0) - XI/XL set desc=1373256
15773;01:17:38.867169;Dbg;deqna;8526;deqna.cpp;2095;DEQNA: TX desc_read_words @ 01373256 words=6
15774;01:17:38.867443;Dbg;deqna;8526;deqna.cpp;2108;DEQNA: TX list end (V=0) - XI/XL set desc=1373256
15775;01:17:38.872766;Dbg;deqna;8526;deqna.cpp;2095;DEQNA: TX desc_read_words @ 01373256 words=6
15776;01:17:38.873017;Dbg;deqna;8526;deqna.cpp;2108;DEQNA: TX list end (V=0) - XI/XL set desc=1373256
15777;01:17:38.878339;Dbg;deqna;8526;deqna.cpp;2095;DEQNA: TX desc_read_words @ 01373256 words=6
15778;01:17:38.878715;Dbg;deqna;8526;deqna.cpp;2108;DEQNA: TX list end (V=0) - XI/XL set desc=1373256
15779;01:17:38.884125;Dbg;deqna;8526;deqna.cpp;2095;DEQNA: TX desc_read_words @ 01373256 words=6
15780;01:17:38.884415;Dbg;deqna;8526;deqna.cpp;2108;DEQNA: TX list end (V=0) - XI/XL set desc=1373256
15781;01:17:38.889761;Dbg;deqna;8526;deqna.cpp;2095;DEQNA: TX desc_read_words @ 01373256 words=6
15782;01:17:38.889997;Dbg;deqna;8526;deqna.cpp;2108;DEQNA: TX list end (V=0) - XI/XL set desc=1373256
15783;01:17:38.895321;Dbg;deqna;8526;deqna.cpp;2095;DEQNA: TX desc_read_words @ 01373256 words=6
15784;01:17:38.895563;Dbg;deqna;8526;deqna.cpp;2108;DEQNA: TX list end (V=0) - XI/XL set desc=1373256
15785;01:17:38.900886;Dbg;deqna;8526;deqna.cpp;2095;DEQNA: TX desc_read_words @ 01373256 words=6
15786;01:17:38.901172;Dbg;deqna;8526;deqna.cpp;2108;DEQNA: TX list end (V=0) - XI/XL set desc=1373256
15787;01:17:38.906569;Dbg;deqna;8526;deqna.cpp;2095;DEQNA: TX desc_read_words @ 01373256 words=6
15788;01:17:38.906834;Dbg;deqna;8526;deqna.cpp;2108;DEQNA: TX list end (V=0) - XI/XL set desc=1373256
15789;01:17:38.912284;Dbg;deqna;8526;deqna.cpp;2095;DEQNA: TX desc_read_words @ 01373256 words=6
15790;01:17:38.912593;Dbg;deqna;8526;deqna.cpp;2108;DEQNA: TX list end (V=0) - XI/XL set desc=1373256
15791;01:17:38.917926;Dbg;deqna;8526;deqna.cpp;2095;DEQNA: TX desc_read_words @ 01373256 words=6
15792;01:17:38.918207;Dbg;deqna;8526;deqna.cpp;2108;DEQNA: TX list end (V=0) - XI/XL set desc=1373256
15793;01:17:38.923502;Dbg;deqna;8526;deqna.cpp;2095;DEQNA: TX desc_read_words @ 01373256 words=6
15794;01:17:38.923776;Dbg;deqna;8526;deqna.cpp;2108;DEQNA: TX list end (V=0) - XI/XL set desc=1373256
15795;01:17:38.929084;Dbg;deqna;8526;deqna.cpp;2095;DEQNA: TX desc_read_words @ 01373256 words=6
15796;01:17:38.929357;Dbg;deqna;8526;deqna.cpp;2108;DEQNA: TX list end (V=0) - XI/XL set desc=1373256
15797;01:17:38.934802;Dbg;deqna;8526;deqna.cpp;2095;DEQNA: TX desc_read_words @ 01373256 words=6
15798;01:17:38.935084;Dbg;deqna;8526;deqna.cpp;2108;DEQNA: TX list end (V=0) - XI/XL set desc=1373256
15799;01:17:38.940570;Dbg;deqna;8526;deqna.cpp;2095;DEQNA: TX desc_read_words @ 01373256 words=6
15800;01:17:38.940910;Dbg;deqna;8526;deqna.cpp;2108;DEQNA: TX list end (V=0) - XI/XL set desc=1373256
15801;01:17:38.946096;Dbg;deqna;8526;deqna.cpp;2095;DEQNA: TX desc_read_words @ 01373256 words=6
15802;01:17:38.946236;Dbg;deqna;8526;deqna.cpp;2108;DEQNA: TX list end (V=0) - XI/XL set desc=1373256
15803;01:17:38.951400;Dbg;deqna;8526;deqna.cpp;2095;DEQNA: TX desc_read_words @ 01373256 words=6
15804;01:17:38.951545;Dbg;deqna;8526;deqna.cpp;2108;DEQNA: TX list end (V=0) - XI/XL set desc=1373256
15805;01:17:38.956714;Dbg;deqna;8526;deqna.cpp;2095;DEQNA: TX desc_read_words @ 01373256 words=6
15806;01:17:38.956843;Dbg;deqna;8526;deqna.cpp;2108;DEQNA: TX list end (V=0) - XI/XL set desc=1373256
15807;01:17:38.962011;Dbg;deqna;8526;deqna.cpp;2095;DEQNA: TX desc_read_words @ 01373256 words=6
15808;01:17:38.962146;Dbg;deqna;8526;deqna.cpp;2108;DEQNA: TX list end (V=0) - XI/XL set desc=1373256
15809;01:17:38.967298;Dbg;deqna;8526;deqna.cpp;2095;DEQNA: TX desc_read_words @ 01373256 words=6
15810;01:17:38.967426;Dbg;deqna;8526;deqna.cpp;2108;DEQNA: TX list end (V=0) - XI/XL set desc=1373256
15811;01:17:38.972593;Dbg;deqna;8526;deqna.cpp;2095;DEQNA: TX desc_read_words @ 01373256 words=6
15812;01:17:38.972752;Dbg;deqna;8526;deqna.cpp;2108;DEQNA: TX list end (V=0) - XI/XL set desc=1373256
15813;01:17:38.977980;Dbg;deqna;8526;deqna.cpp;2095;DEQNA: TX desc_read_words @ 01373256 words=6
15814;01:17:38.978128;Dbg;deqna;8526;deqna.cpp;2108;DEQNA: TX list end (V=0) - XI/XL set desc=1373256
15815;01:17:38.983282;Dbg;deqna;8526;deqna.cpp;2095;DEQNA: TX desc_read_words @ 01373256 words=6
15816;01:17:38.983414;Dbg;deqna;8526;deqna.cpp;2108;DEQNA: TX list end (V=0) - XI/XL set desc=1373256
15817;01:17:38.988566;Dbg;deqna;8526;deqna.cpp;2095;DEQNA: TX desc_read_words @ 01373256 words=6
15818;01:17:38.988723;Dbg;deqna;8526;deqna.cpp;2108;DEQNA: TX list end (V=0) - XI/XL set desc=1373256
15819;01:17:38.993895;Dbg;deqna;8526;deqna.cpp;2095;DEQNA: TX desc_read_words @ 01373256 words=6
15820;01:17:38.994027;Dbg;deqna;8526;deqna.cpp;2108;DEQNA: TX list end (V=0) - XI/XL set desc=1373256
15821;01:17:38.999194;Dbg;deqna;8526;deqna.cpp;2095;DEQNA: TX desc_read_words @ 01373256 words=6
15822;01:17:38.999321;Dbg;deqna;8526;deqna.cpp;2108;DEQNA: TX list end (V=0) - XI/XL set desc=1373256
15823;01:17:39.004477;Dbg;deqna;8526;deqna.cpp;2095;DEQNA: TX desc_read_words @ 01373256 words=6
15824;01:17:39.004608;Dbg;deqna;8526;deqna.cpp;2108;DEQNA: TX list end (V=0) - XI/XL set desc=1373256
15825;01:17:39.009768;Dbg;deqna;8526;deqna.cpp;2095;DEQNA: TX desc_read_words @ 01373256 words=6
15826;01:17:39.009896;Dbg;deqna;8526;deqna.cpp;2108;DEQNA: TX list end (V=0) - XI/XL set desc=1373256
15827;01:17:39.015085;Dbg;deqna;8526;deqna.cpp;2095;DEQNA: TX desc_read_words @ 01373256 words=6
15828;01:17:39.015266;Dbg;deqna;8526;deqna.cpp;2108;DEQNA: TX list end (V=0) - XI/XL set desc=1373256
15829;01:17:39.020432;Dbg;deqna;8526;deqna.cpp;2095;DEQNA: TX desc_read_words @ 01373256 words=6
15830;01:17:39.020562;Dbg;deqna;8526;deqna.cpp;2108;DEQNA: TX list end (V=0) - XI/XL set desc=1373256
15831;01:17:39.025718;Dbg;deqna;8526;deqna.cpp;2095;DEQNA: TX desc_read_words @ 01373256 words=6
15832;01:17:39.025853;Dbg;deqna;8526;deqna.cpp;2108;DEQNA: TX list end (V=0) - XI/XL set desc=1373256
15833;01:17:39.031019;Dbg;deqna;8526;deqna.cpp;2095;DEQNA: TX desc_read_words @ 01373256 words=6
15834;01:17:39.031150;Dbg;deqna;8526;deqna.cpp;2108;DEQNA: TX list end (V=0) - XI/XL set desc=1373256
15835;01:17:39.036323;Dbg;deqna;8526;deqna.cpp;2095;DEQNA: TX desc_read_words @ 01373256 words=6
15836;01:17:39.036457;Dbg;deqna;8526;deqna.cpp;2108;DEQNA: TX list end (V=0) - XI/XL set desc=1373256
15837;01:17:39.041616;Dbg;deqna;8526;deqna.cpp;2095;DEQNA: TX desc_read_words @ 01373256 words=6
15838;01:17:39.041745;Dbg;deqna;8526;deqna.cpp;2108;DEQNA: TX list end (V=0) - XI/XL set desc=1373256
15839;01:17:39.046908;Dbg;deqna;8526;deqna.cpp;2095;DEQNA: TX desc_read_words @ 01373256 words=6
15840;01:17:39.047040;Dbg;deqna;8526;deqna.cpp;2108;DEQNA: TX list end (V=0) - XI/XL set desc=1373256
15841;01:17:39.052206;Dbg;deqna;8526;deqna.cpp;2095;DEQNA: TX desc_read_words @ 01373256 words=6
15842;01:17:39.052372;Dbg;deqna;8526;deqna.cpp;2108;DEQNA: TX list end (V=0) - XI/XL set desc=1373256
15843;01:17:39.057544;Dbg;deqna;8526;deqna.cpp;2095;DEQNA: TX desc_read_words @ 01373256 words=6
15844;01:17:39.057676;Dbg;deqna;8526;deqna.cpp;2108;DEQNA: TX list end (V=0) - XI/XL set desc=1373256
15845;01:17:39.062838;Dbg;deqna;8526;deqna.cpp;2095;DEQNA: TX desc_read_words @ 01373256 words=6
15846;01:17:39.062964;Dbg;deqna;8526;deqna.cpp;2108;DEQNA: TX list end (V=0) - XI/XL set desc=1373256
15847;01:17:39.068120;Dbg;deqna;8526;deqna.cpp;2095;DEQNA: TX desc_read_words @ 01373256 words=6
15848;01:17:39.068250;Dbg;deqna;8526;deqna.cpp;2108;DEQNA: TX list end (V=0) - XI/XL set desc=1373256
15849;01:17:39.073419;Dbg;deqna;8526;deqna.cpp;2095;DEQNA: TX desc_read_words @ 01373256 words=6
15850;01:17:39.073550;Dbg;deqna;8526;deqna.cpp;2108;DEQNA: TX list end (V=0) - XI/XL set desc=1373256
15851;01:17:39.078731;Dbg;deqna;8526;deqna.cpp;2095;DEQNA: TX desc_read_words @ 01373256 words=6
15852;01:17:39.078867;Dbg;deqna;8526;deqna.cpp;2108;DEQNA: TX list end (V=0) - XI/XL set desc=1373256
15853;01:17:39.084018;Dbg;deqna;8526;deqna.cpp;2095;DEQNA: TX desc_read_words @ 01373256 words=6
15854;01:17:39.084146;Dbg;deqna;8526;deqna.cpp;2108;DEQNA: TX list end (V=0) - XI/XL set desc=1373256
15855;01:17:39.089311;Dbg;deqna;8526;deqna.cpp;2095;DEQNA: TX desc_read_words @ 01373256 words=6
15856;01:17:39.089480;Dbg;deqna;8526;deqna.cpp;2108;DEQNA: TX list end (V=0) - XI/XL set desc=1373256
15857;01:17:39.094650;Dbg;deqna;8526;deqna.cpp;2095;DEQNA: TX desc_read_words @ 01373256 words=6
15858;01:17:39.094777;Dbg;deqna;8526;deqna.cpp;2108;DEQNA: TX list end (V=0) - XI/XL set desc=1373256
15859;01:17:39.099955;Dbg;deqna;8526;deqna.cpp;2095;DEQNA: TX desc_read_words @ 01373256 words=6
15860;01:17:39.100086;Dbg;deqna;8526;deqna.cpp;2108;DEQNA: TX list end (V=0) - XI/XL set desc=1373256
15861;01:17:39.105238;Dbg;deqna;8526;deqna.cpp;2095;DEQNA: TX desc_read_words @ 01373256 words=6
15862;01:17:39.105365;Dbg;deqna;8526;deqna.cpp;2108;DEQNA: TX list end (V=0) - XI/XL set desc=1373256
15863;01:17:39.110529;Dbg;deqna;8526;deqna.cpp;2095;DEQNA: TX desc_read_words @ 01373256 words=6
15864;01:17:39.110665;Dbg;deqna;8526;deqna.cpp;2108;DEQNA: TX list end (V=0) - XI/XL set desc=1373256
15865;01:17:39.115846;Dbg;deqna;8526;deqna.cpp;2095;DEQNA: TX desc_read_words @ 01373256 words=6
15866;01:17:39.115983;Dbg;deqna;8526;deqna.cpp;2108;DEQNA: TX list end (V=0) - XI/XL set desc=1373256
15867;01:17:39.121151;Dbg;deqna;8526;deqna.cpp;2095;DEQNA: TX desc_read_words @ 01373256 words=6
15868;01:17:39.121286;Dbg;deqna;8526;deqna.cpp;2108;DEQNA: TX list end (V=0) - XI/XL set desc=1373256
15869;01:17:39.126438;Dbg;deqna;8526;deqna.cpp;2095;DEQNA: TX desc_read_words @ 01373256 words=6
15870;01:17:39.126601;Dbg;deqna;8526;deqna.cpp;2108;DEQNA: TX list end (V=0) - XI/XL set desc=1373256
15871;01:17:39.131817;Dbg;deqna;8526;deqna.cpp;2095;DEQNA: TX desc_read_words @ 01373256 words=6
15872;01:17:39.131951;Dbg;deqna;8526;deqna.cpp;2108;DEQNA: TX list end (V=0) - XI/XL set desc=1373256
15873;01:17:39.137120;Dbg;deqna;8526;deqna.cpp;2095;DEQNA: TX desc_read_words @ 01373256 words=6
15874;01:17:39.137248;Dbg;deqna;8526;deqna.cpp;2108;DEQNA: TX list end (V=0) - XI/XL set desc=1373256
15875;01:17:39.142408;Dbg;deqna;8526;deqna.cpp;2095;DEQNA: TX desc_read_words @ 01373256 words=6
15876;01:17:39.142541;Dbg;deqna;8526;deqna.cpp;2108;DEQNA: TX list end (V=0) - XI/XL set desc=1373256
15877;01:17:39.147693;Dbg;deqna;8526;deqna.cpp;2095;DEQNA: TX desc_read_words @ 01373256 words=6
15878;01:17:39.147820;Dbg;deqna;8526;deqna.cpp;2108;DEQNA: TX list end (V=0) - XI/XL set desc=1373256
15879;01:17:39.152993;Dbg;deqna;8526;deqna.cpp;2095;DEQNA: TX desc_read_words @ 01373256 words=6
15880;01:17:39.153128;Dbg;deqna;8526;deqna.cpp;2108;DEQNA: TX list end (V=0) - XI/XL set desc=1373256
15881;01:17:39.158295;Dbg;deqna;8526;deqna.cpp;2095;DEQNA: TX desc_read_words @ 01373256 words=6
15882;01:17:39.158421;Dbg;deqna;8526;deqna.cpp;2108;DEQNA: TX list end (V=0) - XI/XL set desc=1373256
15883;01:17:39.163580;Dbg;deqna;8526;deqna.cpp;2095;DEQNA: TX desc_read_words @ 01373256 words=6
15884;01:17:39.163714;Dbg;deqna;8526;deqna.cpp;2108;DEQNA: TX list end (V=0) - XI/XL set desc=1373256
15885;01:17:39.168870;Dbg;deqna;8526;deqna.cpp;2095;DEQNA: TX desc_read_words @ 01373256 words=6
15886;01:17:39.169025;Dbg;deqna;8526;deqna.cpp;2108;DEQNA: TX list end (V=0) - XI/XL set desc=1373256
15887;01:17:39.174257;Dbg;deqna;8526;deqna.cpp;2095;DEQNA: TX desc_read_words @ 01373256 words=6
15888;01:17:39.174412;Dbg;deqna;8526;deqna.cpp;2108;DEQNA: TX list end (V=0) - XI/XL set desc=1373256
15889;01:17:39.179582;Dbg;deqna;8526;deqna.cpp;2095;DEQNA: TX desc_read_words @ 01373256 words=6
15890;01:17:39.179710;Dbg;deqna;8526;deqna.cpp;2108;DEQNA: TX list end (V=0) - XI/XL set desc=1373256
15891;01:17:39.184867;Dbg;deqna;8526;deqna.cpp;2095;DEQNA: TX desc_read_words @ 01373256 words=6
15892;01:17:39.185000;Dbg;deqna;8526;deqna.cpp;2108;DEQNA: TX list end (V=0) - XI/XL set desc=1373256
15893;01:17:39.190162;Dbg;deqna;8526;deqna.cpp;2095;DEQNA: TX desc_read_words @ 01373256 words=6
15894;01:17:39.190304;Dbg;deqna;8526;deqna.cpp;2108;DEQNA: TX list end (V=0) - XI/XL set desc=1373256
15895;01:17:39.195478;Dbg;deqna;8526;deqna.cpp;2095;DEQNA: TX desc_read_words @ 01373256 words=6
15896;01:17:39.195616;Dbg;deqna;8526;deqna.cpp;2108;DEQNA: TX list end (V=0) - XI/XL set desc=1373256
15897;01:17:39.200789;Dbg;deqna;8526;deqna.cpp;2095;DEQNA: TX desc_read_words @ 01373256 words=6
15898;01:17:39.200918;Dbg;deqna;8526;deqna.cpp;2108;DEQNA: TX list end (V=0) - XI/XL set desc=1373256
15899;01:17:39.206086;Dbg;deqna;8526;deqna.cpp;2095;DEQNA: TX desc_read_words @ 01373256 words=6
15900;01:17:39.206219;Dbg;deqna;8526;deqna.cpp;2108;DEQNA: TX list end (V=0) - XI/XL set desc=1373256
15901;01:17:39.211384;Dbg;deqna;8526;deqna.cpp;2095;DEQNA: TX desc_read_words @ 01373256 words=6
15902;01:17:39.211544;Dbg;deqna;8526;deqna.cpp;2108;DEQNA: TX list end (V=0) - XI/XL set desc=1373256
15903;01:17:39.216732;Dbg;deqna;8526;deqna.cpp;2095;DEQNA: TX desc_read_words @ 01373256 words=6
15904;01:17:39.216872;Dbg;deqna;8526;deqna.cpp;2108;DEQNA: TX list end (V=0) - XI/XL set desc=1373256
15905;01:17:39.222030;Dbg;deqna;8526;deqna.cpp;2095;DEQNA: TX desc_read_words @ 01373256 words=6
15906;01:17:39.222161;Dbg;deqna;8526;deqna.cpp;2108;DEQNA: TX list end (V=0) - XI/XL set desc=1373256
15907;01:17:39.227314;Dbg;deqna;8526;deqna.cpp;2095;DEQNA: TX desc_read_words @ 01373256 words=6
15908;01:17:39.227449;Dbg;deqna;8526;deqna.cpp;2108;DEQNA: TX list end (V=0) - XI/XL set desc=1373256
15909;01:17:39.232617;Dbg;deqna;8526;deqna.cpp;2095;DEQNA: TX desc_read_words @ 01373256 words=6
15910;01:17:39.232751;Dbg;deqna;8526;deqna.cpp;2108;DEQNA: TX list end (V=0) - XI/XL set desc=1373256
15911;01:17:39.237913;Dbg;deqna;8526;deqna.cpp;2095;DEQNA: TX desc_read_words @ 01373256 words=6
15912;01:17:39.238058;Dbg;deqna;8526;deqna.cpp;2108;DEQNA: TX list end (V=0) - XI/XL set desc=1373256
15913;01:17:39.243401;Dbg;deqna;8526;deqna.cpp;2095;DEQNA: TX desc_read_words @ 01373256 words=6
15914;01:17:39.243733;Dbg;deqna;8526;deqna.cpp;2108;DEQNA: TX list end (V=0) - XI/XL set desc=1373256
15915;01:17:39.249209;Dbg;deqna;8526;deqna.cpp;2095;DEQNA: TX desc_read_words @ 01373256 words=6
15916;01:17:39.249517;Dbg;deqna;8526;deqna.cpp;2108;DEQNA: TX list end (V=0) - XI/XL set desc=1373256
15917;01:17:39.254842;Dbg;deqna;8526;deqna.cpp;2095;DEQNA: TX desc_read_words @ 01373256 words=6
15918;01:17:39.255078;Dbg;deqna;8526;deqna.cpp;2108;DEQNA: TX list end (V=0) - XI/XL set desc=1373256
15919;01:17:39.260420;Dbg;deqna;8526;deqna.cpp;2095;DEQNA: TX desc_read_words @ 01373256 words=6
15920;01:17:39.260667;Dbg;deqna;8526;deqna.cpp;2108;DEQNA: TX list end (V=0) - XI/XL set desc=1373256
15921;01:17:39.265965;Dbg;deqna;8526;deqna.cpp;2095;DEQNA: TX desc_read_words @ 01373256 words=6
15922;01:17:39.266197;Dbg;deqna;8526;deqna.cpp;2108;DEQNA: TX list end (V=0) - XI/XL set desc=1373256
15923;01:17:39.271648;Dbg;deqna;8526;deqna.cpp;2095;DEQNA: TX desc_read_words @ 01373256 words=6
15924;01:17:39.271925;Dbg;deqna;8526;deqna.cpp;2108;DEQNA: TX list end (V=0) - XI/XL set desc=1373256
15925;01:17:39.277364;Dbg;deqna;8526;deqna.cpp;2095;DEQNA: TX desc_read_words @ 01373256 words=6
15926;01:17:39.277644;Dbg;deqna;8526;deqna.cpp;2108;DEQNA: TX list end (V=0) - XI/XL set desc=1373256
15927;01:17:39.282983;Dbg;deqna;8526;deqna.cpp;2095;DEQNA: TX desc_read_words @ 01373256 words=6
15928;01:17:39.283227;Dbg;deqna;8526;deqna.cpp;2108;DEQNA: TX list end (V=0) - XI/XL set desc=1373256
15929;01:17:39.288520;Dbg;deqna;8526;deqna.cpp;2095;DEQNA: TX desc_read_words @ 01373256 words=6
15930;01:17:39.288825;Dbg;deqna;8526;deqna.cpp;2108;DEQNA: TX list end (V=0) - XI/XL set desc=1373256
15931;01:17:39.294142;Dbg;deqna;8526;deqna.cpp;2095;DEQNA: TX desc_read_words @ 01373256 words=6
15932;01:17:39.294412;Dbg;deqna;8526;deqna.cpp;2108;DEQNA: TX list end (V=0) - XI/XL set desc=1373256
15933;01:17:39.299828;Dbg;deqna;8526;deqna.cpp;2095;DEQNA: TX desc_read_words @ 01373256 words=6
15934;01:17:39.300109;Dbg;deqna;8526;deqna.cpp;2108;DEQNA: TX list end (V=0) - XI/XL set desc=1373256
15935;01:17:39.305563;Dbg;deqna;8526;deqna.cpp;2095;DEQNA: TX desc_read_words @ 01373256 words=6
15936;01:17:39.305860;Dbg;deqna;8526;deqna.cpp;2108;DEQNA: TX list end (V=0) - XI/XL set desc=1373256
15937;01:17:39.311174;Dbg;deqna;8526;deqna.cpp;2095;DEQNA: TX desc_read_words @ 01373256 words=6
15938;01:17:39.311413;Dbg;deqna;8526;deqna.cpp;2108;DEQNA: TX list end (V=0) - XI/XL set desc=1373256
15939;01:17:39.316780;Dbg;deqna;8526;deqna.cpp;2095;DEQNA: TX desc_read_words @ 01373256 words=6
15940;01:17:39.317037;Dbg;deqna;8526;deqna.cpp;2108;DEQNA: TX list end (V=0) - XI/XL set desc=1373256
15941;01:17:39.322340;Dbg;deqna;8526;deqna.cpp;2095;DEQNA: TX desc_read_words @ 01373256 words=6
15942;01:17:39.322583;Dbg;deqna;8526;deqna.cpp;2108;DEQNA: TX list end (V=0) - XI/XL set desc=1373256
15943;01:17:39.327886;Dbg;deqna;8526;deqna.cpp;2095;DEQNA: TX desc_read_words @ 01373256 words=6
15944;01:17:39.328180;Dbg;deqna;8526;deqna.cpp;2108;DEQNA: TX list end (V=0) - XI/XL set desc=1373256
15945;01:17:39.333624;Dbg;deqna;8526;deqna.cpp;2095;DEQNA: TX desc_read_words @ 01373256 words=6
15946;01:17:39.333906;Dbg;deqna;8526;deqna.cpp;2108;DEQNA: TX list end (V=0) - XI/XL set desc=1373256
15947;01:17:39.339234;Dbg;deqna;8526;deqna.cpp;2095;DEQNA: TX desc_read_words @ 01373256 words=6
15948;01:17:39.339479;Dbg;deqna;8526;deqna.cpp;2108;DEQNA: TX list end (V=0) - XI/XL set desc=1373256
15949;01:17:39.344773;Dbg;deqna;8526;deqna.cpp;2095;DEQNA: TX desc_read_words @ 01373256 words=6
15950;01:17:39.345007;Dbg;deqna;8526;deqna.cpp;2108;DEQNA: TX list end (V=0) - XI/XL set desc=1373256
15951;01:17:39.350348;Dbg;deqna;8526;deqna.cpp;2095;DEQNA: TX desc_read_words @ 01373256 words=6
15952;01:17:39.350596;Dbg;deqna;8526;deqna.cpp;2108;DEQNA: TX list end (V=0) - XI/XL set desc=1373256
15953;01:17:39.355918;Dbg;deqna;8526;deqna.cpp;2095;DEQNA: TX desc_read_words @ 01373256 words=6
15954;01:17:39.356200;Dbg;deqna;8526;deqna.cpp;2108;DEQNA: TX list end (V=0) - XI/XL set desc=1373256
15955;01:17:39.361588;Dbg;deqna;8526;deqna.cpp;2095;DEQNA: TX desc_read_words @ 01373256 words=6
15956;01:17:39.361901;Dbg;deqna;8526;deqna.cpp;2108;DEQNA: TX list end (V=0) - XI/XL set desc=1373256
15957;01:17:39.367194;Dbg;deqna;8526;deqna.cpp;2095;DEQNA: TX desc_read_words @ 01373256 words=6
15958;01:17:39.367428;Dbg;deqna;8526;deqna.cpp;2108;DEQNA: TX list end (V=0) - XI/XL set desc=1373256
15959;01:17:39.372755;Dbg;deqna;8526;deqna.cpp;2095;DEQNA: TX desc_read_words @ 01373256 words=6
15960;01:17:39.372995;Dbg;deqna;8526;deqna.cpp;2108;DEQNA: TX list end (V=0) - XI/XL set desc=1373256
15961;01:17:39.378323;Dbg;deqna;8526;deqna.cpp;2095;DEQNA: TX desc_read_words @ 01373256 words=6
15962;01:17:39.378588;Dbg;deqna;8526;deqna.cpp;2108;DEQNA: TX list end (V=0) - XI/XL set desc=1373256
15963;01:17:39.384077;Dbg;deqna;8526;deqna.cpp;2095;DEQNA: TX desc_read_words @ 01373256 words=6
15964;01:17:39.384346;Dbg;deqna;8526;deqna.cpp;2108;DEQNA: TX list end (V=0) - XI/XL set desc=1373256
15965;01:17:39.389781;Dbg;deqna;8526;deqna.cpp;2095;DEQNA: TX desc_read_words @ 01373256 words=6
15966;01:17:39.390067;Dbg;deqna;8526;deqna.cpp;2108;DEQNA: TX list end (V=0) - XI/XL set desc=1373256
15967;01:17:39.395402;Dbg;deqna;8526;deqna.cpp;2095;DEQNA: TX desc_read_words @ 01373256 words=6
15968;01:17:39.395641;Dbg;deqna;8526;deqna.cpp;2108;DEQNA: TX list end (V=0) - XI/XL set desc=1373256
15969;01:17:39.400968;Dbg;deqna;8526;deqna.cpp;2095;DEQNA: TX desc_read_words @ 01373256 words=6
15970;01:17:39.401236;Dbg;deqna;8526;deqna.cpp;2108;DEQNA: TX list end (V=0) - XI/XL set desc=1373256
15971;01:17:39.406533;Dbg;deqna;8526;deqna.cpp;2095;DEQNA: TX desc_read_words @ 01373256 words=6
15972;01:17:39.406773;Dbg;deqna;8526;deqna.cpp;2108;DEQNA: TX list end (V=0) - XI/XL set desc=1373256
15973;01:17:39.412249;Dbg;deqna;8526;deqna.cpp;2095;DEQNA: TX desc_read_words @ 01373256 words=6
15974;01:17:39.412555;Dbg;deqna;8526;deqna.cpp;2108;DEQNA: TX list end (V=0) - XI/XL set desc=1373256
15975;01:17:39.418017;Dbg;deqna;8526;deqna.cpp;2095;DEQNA: TX desc_read_words @ 01373256 words=6
15976;01:17:39.418314;Dbg;deqna;8526;deqna.cpp;2108;DEQNA: TX list end (V=0) - XI/XL set desc=1373256
15977;01:17:39.423612;Dbg;deqna;8526;deqna.cpp;2095;DEQNA: TX desc_read_words @ 01373256 words=6
15978;01:17:39.423895;Dbg;deqna;8526;deqna.cpp;2108;DEQNA: TX list end (V=0) - XI/XL set desc=1373256
15979;01:17:39.429205;Dbg;deqna;8526;deqna.cpp;2095;DEQNA: TX desc_read_words @ 01373256 words=6
15980;01:17:39.429454;Dbg;deqna;8526;deqna.cpp;2108;DEQNA: TX list end (V=0) - XI/XL set desc=1373256
15981;01:17:39.434802;Dbg;deqna;8526;deqna.cpp;2095;DEQNA: TX desc_read_words @ 01373256 words=6
15982;01:17:39.435183;Dbg;deqna;8526;deqna.cpp;2108;DEQNA: TX list end (V=0) - XI/XL set desc=1373256
15983;01:17:39.440492;Dbg;deqna;8526;deqna.cpp;2095;DEQNA: TX desc_read_words @ 01373256 words=6
15984;01:17:39.440760;Dbg;deqna;8526;deqna.cpp;2108;DEQNA: TX list end (V=0) - XI/XL set desc=1373256
15985;01:17:39.446054;Dbg;deqna;8526;deqna.cpp;2095;DEQNA: TX desc_read_words @ 01373256 words=6
15986;01:17:39.446316;Dbg;deqna;8526;deqna.cpp;2108;DEQNA: TX list end (V=0) - XI/XL set desc=1373256
15987;01:17:39.449832;Dbg;deqna;8525;deqna.cpp;1365;DEQNA: Enqueue RX type=2 len=60 status=000000 queue=0
15988;01:17:39.450098;Dbg;deqna;8525;deqna.cpp;1392;DEQNA: ENQ DBG type=2 len=60 data=ffffffffffff506b 4b43b2a608060001 080006040001506b 4b43b2a6c0a80111 000000000000c0a8 010d000000000000 0000000000000000 00000000
15989;01:17:39.450133;Dbg;deqna;8525;deqna.cpp;1613;DEQNA: RX desc_read_words @ 01373052 words=4
15990;01:17:39.450585;Dbg;deqna;8525;deqna.cpp;1721;DEQNA: RX deliver type=2 rbl=60 to addr=01533100 blen=2048 desc=1373052
15991;01:17:39.450944;Dbg;deqna;8525;deqna.cpp;1798;DEQNA: RX status type=2 st1=000370 st2=000000 desc=1373062
15992;01:17:39.451180;Dbg;deqna;8525;deqna.cpp;1865;DEQNA: RI set (rx_processed=1 queue=0 rbdl=1373066)
15993;01:17:39.451286;Dbg;deqna;8525;qunibusdevice.cpp;249;update_csr_reg CSR: STA0=177522 STA1=177524 RCLL=177400/172742 RCLH=177422/000005 XMTL=177464/173242 XMTH=177526/000005 VECTOR=000774/000774 CSR=110521/100701
15994;01:17:39.451302;Dbg;deqna;8525;deqna.cpp;643;DEQNA: CSR change prev=010521 now=110521 set=100000 clr=000000
15995;01:17:39.451382;Dbg;deqna;8525;qunibusdevice.cpp;249;update_csr_reg CSR: STA0=177522 STA1=177524 RCLL=177400/172742 RCLH=177422/000005 XMTL=177464/173242 XMTH=177526/000005 VECTOR=000774/000774 CSR=110521/100701
15996;01:17:39.451396;Dbg;deqna;8525;deqna.cpp;586;DEQNA: INTR assert, csr=110521 ie=1
15997;01:17:39.451415;Dbg;deqna;8525;deqna.cpp;724;DEQNA: INTR assert, csr=110521 vec=374 level=5
15998;01:17:39.451635;Dbg;deqna;8519;qunibusdevice.cpp;249;DATO CSR: STA0=177522 STA1=177524 RCLL=177400/172742 RCLH=177422/000005 XMTL=177464/173242 XMTH=177526/000005 VECTOR=000774/000774 CSR=110521/100701
15999;01:17:39.451658;Dbg;deqna;8519;deqna.cpp;1202;DEQNA: Write CSR (reg 7) = 100701 access=0
16000;01:17:39.451745;Dbg;deqna;8519;qunibusdevice.cpp;249;update_csr_reg CSR: STA0=177522 STA1=177524 RCLL=177400/172742 RCLH=177422/000005 XMTL=177464/173242 XMTH=177526/000005 VECTOR=000774/000774 CSR=010521/100701
16001;01:17:39.451758;Dbg;deqna;8519;deqna.cpp;643;DEQNA: CSR change prev=110521 now=010521 set=000501 clr=103216
16002;01:17:39.451782;Dbg;deqna;8519;deqna.cpp;595;DEQNA: INTR deassert, csr=010521 ie=1
16003;01:17:39.451798;Dbg;deqna;8519;deqna.cpp;730;DEQNA: INTR deassert, csr=010521
16004;01:17:39.451956;Dbg;deqna;8526;deqna.cpp;595;DEQNA: INTR deassert, csr=010521 ie=1
16005;01:17:39.452002;Dbg;deqna;8526;deqna.cpp;2095;DEQNA: TX desc_read_words @ 01373256 words=6
16006;01:17:39.452237;Dbg;deqna;8526;deqna.cpp;2108;DEQNA: TX list end (V=0) - XI/XL set desc=1373256
16007;01:17:39.457552;Dbg;deqna;8526;deqna.cpp;2095;DEQNA: TX desc_read_words @ 01373256 words=6
16008;01:17:39.457839;Dbg;deqna;8526;deqna.cpp;2108;DEQNA: TX list end (V=0) - XI/XL set desc=1373256
16009;01:17:39.463250;Dbg;deqna;8526;deqna.cpp;2095;DEQNA: TX desc_read_words @ 01373256 words=6
16010;01:17:39.463552;Dbg;deqna;8526;deqna.cpp;2108;DEQNA: TX list end (V=0) - XI/XL set desc=1373256
16011;01:17:39.468889;Dbg;deqna;8526;deqna.cpp;2095;DEQNA: TX desc_read_words @ 01373256 words=6
16012;01:17:39.469163;Dbg;deqna;8526;deqna.cpp;2108;DEQNA: TX list end (V=0) - XI/XL set desc=1373256
16013;01:17:39.474500;Dbg;deqna;8526;deqna.cpp;2095;DEQNA: TX desc_read_words @ 01373256 words=6
16014;01:17:39.474749;Dbg;deqna;8526;deqna.cpp;2108;DEQNA: TX list end (V=0) - XI/XL set desc=1373256
16015;01:17:39.480101;Dbg;deqna;8526;deqna.cpp;2095;DEQNA: TX desc_read_words @ 01373256 words=6
16016;01:17:39.480365;Dbg;deqna;8526;deqna.cpp;2108;DEQNA: TX list end (V=0) - XI/XL set desc=1373256
16017;01:17:39.485768;Dbg;deqna;8526;deqna.cpp;2095;DEQNA: TX desc_read_words @ 01373256 words=6
16018;01:17:39.486041;Dbg;deqna;8526;deqna.cpp;2108;DEQNA: TX list end (V=0) - XI/XL set desc=1373256
16019;01:17:39.491528;Dbg;deqna;8526;deqna.cpp;2095;DEQNA: TX desc_read_words @ 01373256 words=6
16020;01:17:39.491836;Dbg;deqna;8526;deqna.cpp;2108;DEQNA: TX list end (V=0) - XI/XL set desc=1373256
16021;01:17:39.497169;Dbg;deqna;8526;deqna.cpp;2095;DEQNA: TX desc_read_words @ 01373256 words=6
16022;01:17:39.497410;Dbg;deqna;8526;deqna.cpp;2108;DEQNA: TX list end (V=0) - XI/XL set desc=1373256
16023;01:17:39.502748;Dbg;deqna;8526;deqna.cpp;2095;DEQNA: TX desc_read_words @ 01373256 words=6
16024;01:17:39.503015;Dbg;deqna;8526;deqna.cpp;2108;DEQNA: TX list end (V=0) - XI/XL set desc=1373256
16025;01:17:39.508311;Dbg;deqna;8526;deqna.cpp;2095;DEQNA: TX desc_read_words @ 01373256 words=6
16026;01:17:39.508575;Dbg;deqna;8526;deqna.cpp;2108;DEQNA: TX list end (V=0) - XI/XL set desc=1373256
16027;01:17:39.514140;Dbg;deqna;8526;deqna.cpp;2095;DEQNA: TX desc_read_words @ 01373256 words=6
16028;01:17:39.514434;Dbg;deqna;8526;deqna.cpp;2108;DEQNA: TX list end (V=0) - XI/XL set desc=1373256
16029;01:17:39.519880;Dbg;deqna;8526;deqna.cpp;2095;DEQNA: TX desc_read_words @ 01373256 words=6
16030;01:17:39.520178;Dbg;deqna;8526;deqna.cpp;2108;DEQNA: TX list end (V=0) - XI/XL set desc=1373256
16031;01:17:39.525515;Dbg;deqna;8526;deqna.cpp;2095;DEQNA: TX desc_read_words @ 01373256 words=6
16032;01:17:39.525814;Dbg;deqna;8526;deqna.cpp;2108;DEQNA: TX list end (V=0) - XI/XL set desc=1373256
16033;01:17:39.529853;Dbg;deqna;8525;deqna.cpp;1365;DEQNA: Enqueue RX type=2 len=60 status=000000 queue=0
16034;01:17:39.530148;Dbg;deqna;8525;deqna.cpp;1392;DEQNA: ENQ DBG type=2 len=60 data=ffffffffffff6462 6622847608060001 0800060400016462 66228476c0a80109 000000000000c0a8 010d000000000000 0000000000000000 00000000
16035;01:17:39.530180;Dbg;deqna;8525;deqna.cpp;1613;DEQNA: RX desc_read_words @ 01373066 words=4
16036;01:17:39.530658;Dbg;deqna;8525;deqna.cpp;1721;DEQNA: RX deliver type=2 rbl=60 to addr=01537100 blen=2048 desc=1373066
16037;01:17:39.530931;Dbg;deqna;8525;deqna.cpp;1798;DEQNA: RX status type=2 st1=000370 st2=000000 desc=1373076
16038;01:17:39.531164;Dbg;deqna;8525;deqna.cpp;1865;DEQNA: RI set (rx_processed=1 queue=0 rbdl=1373102)
16039;01:17:39.531268;Dbg;deqna;8525;qunibusdevice.cpp;249;update_csr_reg CSR: STA0=177522 STA1=177524 RCLL=177400/172742 RCLH=177422/000005 XMTL=177464/173242 XMTH=177526/000005 VECTOR=000774/000774 CSR=110521/100701
16040;01:17:39.531283;Dbg;deqna;8525;deqna.cpp;643;DEQNA: CSR change prev=010521 now=110521 set=100000 clr=000000
16041;01:17:39.531400;Dbg;deqna;8525;qunibusdevice.cpp;249;update_csr_reg CSR: STA0=177522 STA1=177524 RCLL=177400/172742 RCLH=177422/000005 XMTL=177464/173242 XMTH=177526/000005 VECTOR=000774/000774 CSR=110521/100701
16042;01:17:39.531415;Dbg;deqna;8525;deqna.cpp;586;DEQNA: INTR assert, csr=110521 ie=1
16043;01:17:39.531434;Dbg;deqna;8525;deqna.cpp;724;DEQNA: INTR assert, csr=110521 vec=374 level=5
16044;01:17:39.531531;Dbg;deqna;8526;deqna.cpp;2095;DEQNA: TX desc_read_words @ 01373256 words=6
16045;01:17:39.531741;Dbg;deqna;8519;qunibusdevice.cpp;249;DATO CSR: STA0=177522 STA1=177524 RCLL=177400/172742 RCLH=177422/000005 XMTL=177464/173242 XMTH=177526/000005 VECTOR=000774/000774 CSR=110521/100701
16046;01:17:39.531761;Dbg;deqna;8519;deqna.cpp;1202;DEQNA: Write CSR (reg 7) = 100701 access=0
16047;01:17:39.531845;Dbg;deqna;8519;qunibusdevice.cpp;249;update_csr_reg CSR: STA0=177522 STA1=177524 RCLL=177400/172742 RCLH=177422/000005 XMTL=177464/173242 XMTH=177526/000005 VECTOR=000774/000774 CSR=010521/100701
16048;01:17:39.531857;Dbg;deqna;8519;deqna.cpp;643;DEQNA: CSR change prev=110521 now=010521 set=000501 clr=103216
16049;01:17:39.531879;Dbg;deqna;8519;deqna.cpp;595;DEQNA: INTR deassert, csr=010521 ie=1
16050;01:17:39.531896;Dbg;deqna;8519;deqna.cpp;730;DEQNA: INTR deassert, csr=010521
16051;01:17:39.532128;Dbg;deqna;8526;deqna.cpp;2108;DEQNA: TX list end (V=0) - XI/XL set desc=1373256
16052;01:17:39.532553;Dbg;deqna;8525;deqna.cpp;595;DEQNA: INTR deassert, csr=010521 ie=1
16053;01:17:39.537463;Dbg;deqna;8526;deqna.cpp;2095;DEQNA: TX desc_read_words @ 01373256 words=6
16054;01:17:39.537780;Dbg;deqna;8526;deqna.cpp;2108;DEQNA: TX list end (V=0) - XI/XL set desc=1373256
16055;01:17:39.543092;Dbg;deqna;8526;deqna.cpp;2095;DEQNA: TX desc_read_words @ 01373256 words=6
16056;01:17:39.543309;Dbg;deqna;8526;deqna.cpp;2108;DEQNA: TX list end (V=0) - XI/XL set desc=1373256
16057;01:17:39.548472;Dbg;deqna;8526;deqna.cpp;2095;DEQNA: TX desc_read_words @ 01373256 words=6
16058;01:17:39.548667;Dbg;deqna;8526;deqna.cpp;2108;DEQNA: TX list end (V=0) - XI/XL set desc=1373256
16059;01:17:39.549501;Dbg;deqna;8525;deqna.cpp;1365;DEQNA: Enqueue RX type=2 len=342 status=000000 queue=0
16060;01:17:39.549650;Dbg;deqna;8525;deqna.cpp;1392;DEQNA: ENQ DBG type=2 len=342 data=ffffffffffff90dd 5d94cc6208004500 014898bd0000ff11 21e800000000ffff ffff004400430134 fdf901010600e806 f78b000700000000 0000000000000000 
16061;01:17:39.549673;Dbg;deqna;8525;deqna.cpp;1613;DEQNA: RX desc_read_words @ 01373102 words=4
16062;01:17:39.549952;Dbg;deqna;8525;deqna.cpp;1721;DEQNA: RX deliver type=2 rbl=342 to addr=01543100 blen=2048 desc=1373102
16063;01:17:39.550345;Dbg;deqna;8525;deqna.cpp;1798;DEQNA: RX status type=2 st1=000770 st2=015032 desc=1373112
16064;01:17:39.550469;Dbg;deqna;8525;deqna.cpp;1865;DEQNA: RI set (rx_processed=1 queue=0 rbdl=1373116)
16065;01:17:39.550525;Dbg;deqna;8525;qunibusdevice.cpp;249;update_csr_reg CSR: STA0=177522 STA1=177524 RCLL=177400/172742 RCLH=177422/000005 XMTL=177464/173242 XMTH=177526/000005 VECTOR=000774/000774 CSR=110521/100701
16066;01:17:39.550534;Dbg;deqna;8525;deqna.cpp;643;DEQNA: CSR change prev=010521 now=110521 set=100000 clr=000000
16067;01:17:39.550574;Dbg;deqna;8525;qunibusdevice.cpp;249;update_csr_reg CSR: STA0=177522 STA1=177524 RCLL=177400/172742 RCLH=177422/000005 XMTL=177464/173242 XMTH=177526/000005 VECTOR=000774/000774 CSR=110521/100701
16068;01:17:39.550581;Dbg;deqna;8525;deqna.cpp;586;DEQNA: INTR assert, csr=110521 ie=1
16069;01:17:39.550590;Dbg;deqna;8525;deqna.cpp;724;DEQNA: INTR assert, csr=110521 vec=374 level=5
16070;01:17:39.550788;Dbg;deqna;8519;qunibusdevice.cpp;249;DATO CSR: STA0=177522 STA1=177524 RCLL=177400/172742 RCLH=177422/000005 XMTL=177464/173242 XMTH=177526/000005 VECTOR=000774/000774 CSR=110521/100701
16071;01:17:39.550801;Dbg;deqna;8519;deqna.cpp;1202;DEQNA: Write CSR (reg 7) = 100701 access=0
16072;01:17:39.550845;Dbg;deqna;8519;qunibusdevice.cpp;249;update_csr_reg CSR: STA0=177522 STA1=177524 RCLL=177400/172742 RCLH=177422/000005 XMTL=177464/173242 XMTH=177526/000005 VECTOR=000774/000774 CSR=010521/100701
16073;01:17:39.550852;Dbg;deqna;8519;deqna.cpp;643;DEQNA: CSR change prev=110521 now=010521 set=000501 clr=103216
16074;01:17:39.550864;Dbg;deqna;8519;deqna.cpp;595;DEQNA: INTR deassert, csr=010521 ie=1
16075;01:17:39.550872;Dbg;deqna;8519;deqna.cpp;730;DEQNA: INTR deassert, csr=010521
16076;01:17:39.550914;Dbg;deqna;8526;deqna.cpp;595;DEQNA: INTR deassert, csr=010521 ie=1
16077;01:17:39.554017;Dbg;deqna;8526;deqna.cpp;2095;DEQNA: TX desc_read_words @ 01373256 words=6
16078;01:17:39.554151;Dbg;deqna;8526;deqna.cpp;2108;DEQNA: TX list end (V=0) - XI/XL set desc=1373256
16079;01:17:39.559307;Dbg;deqna;8526;deqna.cpp;2095;DEQNA: TX desc_read_words @ 01373256 words=6
16080;01:17:39.559447;Dbg;deqna;8526;deqna.cpp;2108;DEQNA: TX list end (V=0) - XI/XL set desc=1373256
16081;01:17:39.564603;Dbg;deqna;8526;deqna.cpp;2095;DEQNA: TX desc_read_words @ 01373256 words=6
16082;01:17:39.564742;Dbg;deqna;8526;deqna.cpp;2108;DEQNA: TX list end (V=0) - XI/XL set desc=1373256
16083;01:17:39.569908;Dbg;deqna;8526;deqna.cpp;2095;DEQNA: TX desc_read_words @ 01373256 words=6
16084;01:17:39.570045;Dbg;deqna;8526;deqna.cpp;2108;DEQNA: TX list end (V=0) - XI/XL set desc=1373256
16085;01:17:39.575221;Dbg;deqna;8526;deqna.cpp;2095;DEQNA: TX desc_read_words @ 01373256 words=6
16086;01:17:39.575399;Dbg;deqna;8526;deqna.cpp;2108;DEQNA: TX list end (V=0) - XI/XL set desc=1373256
16087;01:17:39.580628;Dbg;deqna;8526;deqna.cpp;2095;DEQNA: TX desc_read_words @ 01373256 words=6
16088;01:17:39.580778;Dbg;deqna;8526;deqna.cpp;2108;DEQNA: TX list end (V=0) - XI/XL set desc=1373256
16089;01:17:39.585930;Dbg;deqna;8526;deqna.cpp;2095;DEQNA: TX desc_read_words @ 01373256 words=6
16090;01:17:39.586063;Dbg;deqna;8526;deqna.cpp;2108;DEQNA: TX list end (V=0) - XI/XL set desc=1373256
16091;01:17:39.591228;Dbg;deqna;8526;deqna.cpp;2095;DEQNA: TX desc_read_words @ 01373256 words=6
16092;01:17:39.591360;Dbg;deqna;8526;deqna.cpp;2108;DEQNA: TX list end (V=0) - XI/XL set desc=1373256
16093;01:17:39.596533;Dbg;deqna;8526;deqna.cpp;2095;DEQNA: TX desc_read_words @ 01373256 words=6
16094;01:17:39.596666;Dbg;deqna;8526;deqna.cpp;2108;DEQNA: TX list end (V=0) - XI/XL set desc=1373256
16095;01:17:39.601833;Dbg;deqna;8526;deqna.cpp;2095;DEQNA: TX desc_read_words @ 01373256 words=6
16096;01:17:39.601961;Dbg;deqna;8526;deqna.cpp;2108;DEQNA: TX list end (V=0) - XI/XL set desc=1373256
16097;01:17:39.607117;Dbg;deqna;8526;deqna.cpp;2095;DEQNA: TX desc_read_words @ 01373256 words=6
16098;01:17:39.607247;Dbg;deqna;8526;deqna.cpp;2108;DEQNA: TX list end (V=0) - XI/XL set desc=1373256
16099;01:17:39.612416;Dbg;deqna;8526;deqna.cpp;2095;DEQNA: TX desc_read_words @ 01373256 words=6
16100;01:17:39.612548;Dbg;deqna;8526;deqna.cpp;2108;DEQNA: TX list end (V=0) - XI/XL set desc=1373256
16101;01:17:39.617749;Dbg;deqna;8526;deqna.cpp;2095;DEQNA: TX desc_read_words @ 01373256 words=6
16102;01:17:39.617931;Dbg;deqna;8526;deqna.cpp;2108;DEQNA: TX list end (V=0) - XI/XL set desc=1373256
16103;01:17:39.623086;Dbg;deqna;8526;deqna.cpp;2095;DEQNA: TX desc_read_words @ 01373256 words=6
16104;01:17:39.623217;Dbg;deqna;8526;deqna.cpp;2108;DEQNA: TX list end (V=0) - XI/XL set desc=1373256
16105;01:17:39.628375;Dbg;deqna;8526;deqna.cpp;2095;DEQNA: TX desc_read_words @ 01373256 words=6
16106;01:17:39.628511;Dbg;deqna;8526;deqna.cpp;2108;DEQNA: TX list end (V=0) - XI/XL set desc=1373256
16107;01:17:39.633678;Dbg;deqna;8526;deqna.cpp;2095;DEQNA: TX desc_read_words @ 01373256 words=6
16108;01:17:39.633808;Dbg;deqna;8526;deqna.cpp;2108;DEQNA: TX list end (V=0) - XI/XL set desc=1373256
16109;01:17:39.638987;Dbg;deqna;8526;deqna.cpp;2095;DEQNA: TX desc_read_words @ 01373256 words=6
16110;01:17:39.639125;Dbg;deqna;8526;deqna.cpp;2108;DEQNA: TX list end (V=0) - XI/XL set desc=1373256
16111;01:17:39.644277;Dbg;deqna;8526;deqna.cpp;2095;DEQNA: TX desc_read_words @ 01373256 words=6
16112;01:17:39.644406;Dbg;deqna;8526;deqna.cpp;2108;DEQNA: TX list end (V=0) - XI/XL set desc=1373256
16113;01:17:39.649571;Dbg;deqna;8526;deqna.cpp;2095;DEQNA: TX desc_read_words @ 01373256 words=6
16114;01:17:39.649707;Dbg;deqna;8526;deqna.cpp;2108;DEQNA: TX list end (V=0) - XI/XL set desc=1373256
16115;01:17:39.654874;Dbg;deqna;8526;deqna.cpp;2095;DEQNA: TX desc_read_words @ 01373256 words=6
16116;01:17:39.655036;Dbg;deqna;8526;deqna.cpp;2108;DEQNA: TX list end (V=0) - XI/XL set desc=1373256
16117;01:17:39.660202;Dbg;deqna;8526;deqna.cpp;2095;DEQNA: TX desc_read_words @ 01373256 words=6
16118;01:17:39.660333;Dbg;deqna;8526;deqna.cpp;2108;DEQNA: TX list end (V=0) - XI/XL set desc=1373256
16119;01:17:39.665485;Dbg;deqna;8526;deqna.cpp;2095;DEQNA: TX desc_read_words @ 01373256 words=6
16120;01:17:39.665611;Dbg;deqna;8526;deqna.cpp;2108;DEQNA: TX list end (V=0) - XI/XL set desc=1373256
16121;01:17:39.670780;Dbg;deqna;8526;deqna.cpp;2095;DEQNA: TX desc_read_words @ 01373256 words=6
16122;01:17:39.670912;Dbg;deqna;8526;deqna.cpp;2108;DEQNA: TX list end (V=0) - XI/XL set desc=1373256
16123;01:17:39.676082;Dbg;deqna;8526;deqna.cpp;2095;DEQNA: TX desc_read_words @ 01373256 words=6
16124;01:17:39.676210;Dbg;deqna;8526;deqna.cpp;2108;DEQNA: TX list end (V=0) - XI/XL set desc=1373256
16125;01:17:39.681368;Dbg;deqna;8526;deqna.cpp;2095;DEQNA: TX desc_read_words @ 01373256 words=6
16126;01:17:39.681498;Dbg;deqna;8526;deqna.cpp;2108;DEQNA: TX list end (V=0) - XI/XL set desc=1373256
16127;01:17:39.686649;Dbg;deqna;8526;deqna.cpp;2095;DEQNA: TX desc_read_words @ 01373256 words=6
16128;01:17:39.686775;Dbg;deqna;8526;deqna.cpp;2108;DEQNA: TX list end (V=0) - XI/XL set desc=1373256
16129;01:17:39.691952;Dbg;deqna;8526;deqna.cpp;2095;DEQNA: TX desc_read_words @ 01373256 words=6
16130;01:17:39.692123;Dbg;deqna;8526;deqna.cpp;2108;DEQNA: TX list end (V=0) - XI/XL set desc=1373256
16131;01:17:39.697287;Dbg;deqna;8526;deqna.cpp;2095;DEQNA: TX desc_read_words @ 01373256 words=6
16132;01:17:39.697415;Dbg;deqna;8526;deqna.cpp;2108;DEQNA: TX list end (V=0) - XI/XL set desc=1373256
16133;01:17:39.702578;Dbg;deqna;8526;deqna.cpp;2095;DEQNA: TX desc_read_words @ 01373256 words=6
16134;01:17:39.702709;Dbg;deqna;8526;deqna.cpp;2108;DEQNA: TX list end (V=0) - XI/XL set desc=1373256
16135;01:17:39.707860;Dbg;deqna;8526;deqna.cpp;2095;DEQNA: TX desc_read_words @ 01373256 words=6
16136;01:17:39.707985;Dbg;deqna;8526;deqna.cpp;2108;DEQNA: TX list end (V=0) - XI/XL set desc=1373256
16137;01:17:39.713160;Dbg;deqna;8526;deqna.cpp;2095;DEQNA: TX desc_read_words @ 01373256 words=6
16138;01:17:39.713294;Dbg;deqna;8526;deqna.cpp;2108;DEQNA: TX list end (V=0) - XI/XL set desc=1373256
16139;01:17:39.718558;Dbg;deqna;8526;deqna.cpp;2095;DEQNA: TX desc_read_words @ 01373256 words=6
16140;01:17:39.718767;Dbg;deqna;8526;deqna.cpp;2108;DEQNA: TX list end (V=0) - XI/XL set desc=1373256
16141;01:17:39.723945;Dbg;deqna;8526;deqna.cpp;2095;DEQNA: TX desc_read_words @ 01373256 words=6
16142;01:17:39.724104;Dbg;deqna;8526;deqna.cpp;2108;DEQNA: TX list end (V=0) - XI/XL set desc=1373256
16143;01:17:39.729319;Dbg;deqna;8526;deqna.cpp;2095;DEQNA: TX desc_read_words @ 01373256 words=6
16144;01:17:39.729394;Dbg;deqna;8525;deqna.cpp;1365;DEQNA: Enqueue RX type=2 len=121 status=000000 queue=0
16145;01:17:39.729537;Dbg;deqna;8525;deqna.cpp;1392;DEQNA: ENQ DBG type=2 len=121 data=ffffffffffffb04a 39cb1cda08004500 006b000040004011 b67fc0a800b3c0a8 01ffe826e5f20057 a0f1312e30000000 0100020040a00d54 b415c583cd296f58 
16146;01:17:39.729660;Dbg;deqna;8526;deqna.cpp;2108;DEQNA: TX list end (V=0) - XI/XL set desc=1373256
16147;01:17:39.729705;Dbg;deqna;8525;deqna.cpp;1613;DEQNA: RX desc_read_words @ 01373116 words=4
16148;01:17:39.729928;Dbg;deqna;8525;deqna.cpp;1721;DEQNA: RX deliver type=2 rbl=121 to addr=01547100 blen=2048 desc=1373116
16149;01:17:39.730343;Dbg;deqna;8525;deqna.cpp;1798;DEQNA: RX status type=2 st1=000370 st2=036475 desc=1373126
16150;01:17:39.730466;Dbg;deqna;8525;deqna.cpp;1865;DEQNA: RI set (rx_processed=1 queue=0 rbdl=1373132)
16151;01:17:39.730521;Dbg;deqna;8525;qunibusdevice.cpp;249;update_csr_reg CSR: STA0=177522 STA1=177524 RCLL=177400/172742 RCLH=177422/000005 XMTL=177464/173242 XMTH=177526/000005 VECTOR=000774/000774 CSR=110521/100701
16152;01:17:39.730530;Dbg;deqna;8525;deqna.cpp;643;DEQNA: CSR change prev=010521 now=110521 set=100000 clr=000000
16153;01:17:39.730571;Dbg;deqna;8525;qunibusdevice.cpp;249;update_csr_reg CSR: STA0=177522 STA1=177524 RCLL=177400/172742 RCLH=177422/000005 XMTL=177464/173242 XMTH=177526/000005 VECTOR=000774/000774 CSR=110521/100701
16154;01:17:39.730579;Dbg;deqna;8525;deqna.cpp;586;DEQNA: INTR assert, csr=110521 ie=1
16155;01:17:39.730589;Dbg;deqna;8525;deqna.cpp;724;DEQNA: INTR assert, csr=110521 vec=374 level=5
16156;01:17:39.730733;Dbg;deqna;8526;deqna.cpp;595;DEQNA: INTR deassert, csr=110521 ie=1
16157;01:17:39.730751;Dbg;deqna;8526;deqna.cpp;730;DEQNA: INTR deassert, csr=110521
16158;01:17:39.730831;Dbg;deqna;8519;qunibusdevice.cpp;249;DATO CSR: STA0=177522 STA1=177524 RCLL=177400/172742 RCLH=177422/000005 XMTL=177464/173242 XMTH=177526/000005 VECTOR=000774/000774 CSR=110521/100701
16159;01:17:39.730842;Dbg;deqna;8519;deqna.cpp;1202;DEQNA: Write CSR (reg 7) = 100701 access=0
16160;01:17:39.730886;Dbg;deqna;8519;qunibusdevice.cpp;249;update_csr_reg CSR: STA0=177522 STA1=177524 RCLL=177400/172742 RCLH=177422/000005 XMTL=177464/173242 XMTH=177526/000005 VECTOR=000774/000774 CSR=010521/100701
16161;01:17:39.730892;Dbg;deqna;8519;deqna.cpp;643;DEQNA: CSR change prev=110521 now=010521 set=000501 clr=103216
16162;01:17:39.730904;Dbg;deqna;8519;deqna.cpp;586;DEQNA: INTR assert, csr=010521 ie=1
16163;01:17:39.730913;Dbg;deqna;8519;deqna.cpp;724;DEQNA: INTR assert, csr=010521 vec=374 level=5
16164;01:17:39.731883;Dbg;deqna;8519;qunibusdevice.cpp;249;DATO CSR: STA0=177522 STA1=177524 RCLL=177400/172742 RCLH=177422/000005 XMTL=177464/173242 XMTH=177526/000005 VECTOR=000774/000774 CSR=010521/100701
16165;01:17:39.731894;Dbg;deqna;8519;deqna.cpp;1202;DEQNA: Write CSR (reg 7) = 100701 access=0
16166;01:17:39.731936;Dbg;deqna;8519;qunibusdevice.cpp;249;update_csr_reg CSR: STA0=177522 STA1=177524 RCLL=177400/172742 RCLH=177422/000005 XMTL=177464/173242 XMTH=177526/000005 VECTOR=000774/000774 CSR=010521/100701
16167;01:17:39.732839;Dbg;deqna;8526;deqna.cpp;595;DEQNA: INTR deassert, csr=010521 ie=1
16168;01:17:39.732857;Dbg;deqna;8526;deqna.cpp;730;DEQNA: INTR deassert, csr=010521
16169;01:17:39.734932;Dbg;deqna;8526;deqna.cpp;2095;DEQNA: TX desc_read_words @ 01373256 words=6
16170;01:17:39.735067;Dbg;deqna;8526;deqna.cpp;2108;DEQNA: TX list end (V=0) - XI/XL set desc=1373256
16171;01:17:39.740232;Dbg;deqna;8526;deqna.cpp;2095;DEQNA: TX desc_read_words @ 01373256 words=6
16172;01:17:39.740358;Dbg;deqna;8526;deqna.cpp;2108;DEQNA: TX list end (V=0) - XI/XL set desc=1373256
16173;01:17:39.745532;Dbg;deqna;8526;deqna.cpp;2095;DEQNA: TX desc_read_words @ 01373256 words=6
16174;01:17:39.745664;Dbg;deqna;8526;deqna.cpp;2108;DEQNA: TX list end (V=0) - XI/XL set desc=1373256
16175;01:17:39.750830;Dbg;deqna;8526;deqna.cpp;2095;DEQNA: TX desc_read_words @ 01373256 words=6
16176;01:17:39.750970;Dbg;deqna;8526;deqna.cpp;2108;DEQNA: TX list end (V=0) - XI/XL set desc=1373256
16177;01:17:39.756145;Dbg;deqna;8526;deqna.cpp;2095;DEQNA: TX desc_read_words @ 01373256 words=6
16178;01:17:39.756284;Dbg;deqna;8526;deqna.cpp;2108;DEQNA: TX list end (V=0) - XI/XL set desc=1373256
16179;01:17:39.761452;Dbg;deqna;8526;deqna.cpp;2095;DEQNA: TX desc_read_words @ 01373256 words=6
16180;01:17:39.761612;Dbg;deqna;8526;deqna.cpp;2108;DEQNA: TX list end (V=0) - XI/XL set desc=1373256
16181;01:17:39.766843;Dbg;deqna;8526;deqna.cpp;2095;DEQNA: TX desc_read_words @ 01373256 words=6
16182;01:17:39.767031;Dbg;deqna;8526;deqna.cpp;2108;DEQNA: TX list end (V=0) - XI/XL set desc=1373256
16183;01:17:39.769000;Dbg;deqna;8525;deqna.cpp;1365;DEQNA: Enqueue RX type=2 len=60 status=000000 queue=0
16184;01:17:39.769150;Dbg;deqna;8525;deqna.cpp;1392;DEQNA: ENQ DBG type=2 len=60 data=ffffffffffff74ac b933a1e908060001 08000604000174ac b933a1e9c0a80004 ffffffffffffc0a8 0101000000000000 0000000000000000 00000000
16185;01:17:39.769171;Dbg;deqna;8525;deqna.cpp;1613;DEQNA: RX desc_read_words @ 01373132 words=4
16186;01:17:39.769432;Dbg;deqna;8525;deqna.cpp;1721;DEQNA: RX deliver type=2 rbl=60 to addr=01553100 blen=2048 desc=1373132
16187;01:17:39.769601;Dbg;deqna;8525;deqna.cpp;1798;DEQNA: RX status type=2 st1=000370 st2=000000 desc=1373142
16188;01:17:39.769724;Dbg;deqna;8525;deqna.cpp;1865;DEQNA: RI set (rx_processed=1 queue=0 rbdl=1373146)
16189;01:17:39.769776;Dbg;deqna;8525;qunibusdevice.cpp;249;update_csr_reg CSR: STA0=177522 STA1=177524 RCLL=177400/172742 RCLH=177422/000005 XMTL=177464/173242 XMTH=177526/000005 VECTOR=000774/000774 CSR=110521/100701
16190;01:17:39.769784;Dbg;deqna;8525;deqna.cpp;643;DEQNA: CSR change prev=010521 now=110521 set=100000 clr=000000
16191;01:17:39.769824;Dbg;deqna;8525;qunibusdevice.cpp;249;update_csr_reg CSR: STA0=177522 STA1=177524 RCLL=177400/172742 RCLH=177422/000005 XMTL=177464/173242 XMTH=177526/000005 VECTOR=000774/000774 CSR=110521/100701
16192;01:17:39.769832;Dbg;deqna;8525;deqna.cpp;586;DEQNA: INTR assert, csr=110521 ie=1
16193;01:17:39.769840;Dbg;deqna;8525;deqna.cpp;724;DEQNA: INTR assert, csr=110521 vec=374 level=5
16194;01:17:39.770037;Dbg;deqna;8519;qunibusdevice.cpp;249;DATO CSR: STA0=177522 STA1=177524 RCLL=177400/172742 RCLH=177422/000005 XMTL=177464/173242 XMTH=177526/000005 VECTOR=000774/000774 CSR=110521/100701
16195;01:17:39.770048;Dbg;deqna;8519;deqna.cpp;1202;DEQNA: Write CSR (reg 7) = 100701 access=0
16196;01:17:39.770091;Dbg;deqna;8519;qunibusdevice.cpp;249;update_csr_reg CSR: STA0=177522 STA1=177524 RCLL=177400/172742 RCLH=177422/000005 XMTL=177464/173242 XMTH=177526/000005 VECTOR=000774/000774 CSR=010521/100701
16197;01:17:39.770097;Dbg;deqna;8519;deqna.cpp;643;DEQNA: CSR change prev=110521 now=010521 set=000501 clr=103216
16198;01:17:39.770109;Dbg;deqna;8519;deqna.cpp;595;DEQNA: INTR deassert, csr=010521 ie=1
16199;01:17:39.770117;Dbg;deqna;8519;deqna.cpp;730;DEQNA: INTR deassert, csr=010521
16200;01:17:39.770254;Dbg;deqna;8526;deqna.cpp;595;DEQNA: INTR deassert, csr=010521 ie=1
16201;01:17:39.772335;Dbg;deqna;8526;deqna.cpp;2095;DEQNA: TX desc_read_words @ 01373256 words=6
16202;01:17:39.772478;Dbg;deqna;8526;deqna.cpp;2108;DEQNA: TX list end (V=0) - XI/XL set desc=1373256
16203;01:17:39.777648;Dbg;deqna;8526;deqna.cpp;2095;DEQNA: TX desc_read_words @ 01373256 words=6
16204;01:17:39.777782;Dbg;deqna;8526;deqna.cpp;2108;DEQNA: TX list end (V=0) - XI/XL set desc=1373256
16205;01:17:39.782936;Dbg;deqna;8526;deqna.cpp;2095;DEQNA: TX desc_read_words @ 01373256 words=6
16206;01:17:39.783069;Dbg;deqna;8526;deqna.cpp;2108;DEQNA: TX list end (V=0) - XI/XL set desc=1373256
16207;01:17:39.788228;Dbg;deqna;8526;deqna.cpp;2095;DEQNA: TX desc_read_words @ 01373256 words=6
16208;01:17:39.788359;Dbg;deqna;8526;deqna.cpp;2108;DEQNA: TX list end (V=0) - XI/XL set desc=1373256
16209;01:17:39.793599;Dbg;deqna;8526;deqna.cpp;2095;DEQNA: TX desc_read_words @ 01373256 words=6
16210;01:17:39.793757;Dbg;deqna;8526;deqna.cpp;2108;DEQNA: TX list end (V=0) - XI/XL set desc=1373256
16211;01:17:39.798927;Dbg;deqna;8526;deqna.cpp;2095;DEQNA: TX desc_read_words @ 01373256 words=6
16212;01:17:39.799062;Dbg;deqna;8526;deqna.cpp;2108;DEQNA: TX list end (V=0) - XI/XL set desc=1373256
16213;01:17:39.804215;Dbg;deqna;8526;deqna.cpp;2095;DEQNA: TX desc_read_words @ 01373256 words=6
16214;01:17:39.804341;Dbg;deqna;8526;deqna.cpp;2108;DEQNA: TX list end (V=0) - XI/XL set desc=1373256
16215;01:17:39.809508;Dbg;deqna;8526;deqna.cpp;2095;DEQNA: TX desc_read_words @ 01373256 words=6
16216;01:17:39.809642;Dbg;deqna;8526;deqna.cpp;2108;DEQNA: TX list end (V=0) - XI/XL set desc=1373256
16217;01:17:39.814842;Dbg;deqna;8526;deqna.cpp;2095;DEQNA: TX desc_read_words @ 01373256 words=6
16218;01:17:39.815003;Dbg;deqna;8526;deqna.cpp;2108;DEQNA: TX list end (V=0) - XI/XL set desc=1373256
16219;01:17:39.820230;Dbg;deqna;8526;deqna.cpp;2095;DEQNA: TX desc_read_words @ 01373256 words=6
16220;01:17:39.820390;Dbg;deqna;8526;deqna.cpp;2108;DEQNA: TX list end (V=0) - XI/XL set desc=1373256
16221;01:17:39.825543;Dbg;deqna;8526;deqna.cpp;2095;DEQNA: TX desc_read_words @ 01373256 words=6
16222;01:17:39.825709;Dbg;deqna;8526;deqna.cpp;2108;DEQNA: TX list end (V=0) - XI/XL set desc=1373256
16223;01:17:39.829271;Dbg;deqna;8525;deqna.cpp;1365;DEQNA: Enqueue RX type=2 len=60 status=000000 queue=0
16224;01:17:39.829409;Dbg;deqna;8525;deqna.cpp;1392;DEQNA: ENQ DBG type=2 len=60 data=ffffffffffff2870 4e38d94008060001 0800060400012870 4e38d940c0a80101 000000000000c0a8 0097000000000000 0000000000000000 00000000
16225;01:17:39.829427;Dbg;deqna;8525;deqna.cpp;1613;DEQNA: RX desc_read_words @ 01373146 words=4
16226;01:17:39.829673;Dbg;deqna;8525;deqna.cpp;1721;DEQNA: RX deliver type=2 rbl=60 to addr=01557100 blen=2048 desc=1373146
16227;01:17:39.829847;Dbg;deqna;8525;deqna.cpp;1798;DEQNA: RX status type=2 st1=000370 st2=000000 desc=1373156
16228;01:17:39.830014;Dbg;deqna;8525;deqna.cpp;1865;DEQNA: RI set (rx_processed=1 queue=0 rbdl=1373162)
16229;01:17:39.830069;Dbg;deqna;8525;qunibusdevice.cpp;249;update_csr_reg CSR: STA0=177522 STA1=177524 RCLL=177400/172742 RCLH=177422/000005 XMTL=177464/173242 XMTH=177526/000005 VECTOR=000774/000774 CSR=110521/100701
16230;01:17:39.830078;Dbg;deqna;8525;deqna.cpp;643;DEQNA: CSR change prev=010521 now=110521 set=100000 clr=000000
16231;01:17:39.830118;Dbg;deqna;8525;qunibusdevice.cpp;249;update_csr_reg CSR: STA0=177522 STA1=177524 RCLL=177400/172742 RCLH=177422/000005 XMTL=177464/173242 XMTH=177526/000005 VECTOR=000774/000774 CSR=110521/100701
16232;01:17:39.830126;Dbg;deqna;8525;deqna.cpp;586;DEQNA: INTR assert, csr=110521 ie=1
16233;01:17:39.830134;Dbg;deqna;8525;deqna.cpp;724;DEQNA: INTR assert, csr=110521 vec=374 level=5
16234;01:17:39.830317;Dbg;deqna;8519;qunibusdevice.cpp;249;DATO CSR: STA0=177522 STA1=177524 RCLL=177400/172742 RCLH=177422/000005 XMTL=177464/173242 XMTH=177526/000005 VECTOR=000774/000774 CSR=110521/100701
16235;01:17:39.830329;Dbg;deqna;8519;deqna.cpp;1202;DEQNA: Write CSR (reg 7) = 100701 access=0
16236;01:17:39.830375;Dbg;deqna;8519;qunibusdevice.cpp;249;update_csr_reg CSR: STA0=177522 STA1=177524 RCLL=177400/172742 RCLH=177422/000005 XMTL=177464/173242 XMTH=177526/000005 VECTOR=000774/000774 CSR=010521/100701
16237;01:17:39.830382;Dbg;deqna;8519;deqna.cpp;643;DEQNA: CSR change prev=110521 now=010521 set=000501 clr=103216
16238;01:17:39.830393;Dbg;deqna;8519;deqna.cpp;595;DEQNA: INTR deassert, csr=010521 ie=1
16239;01:17:39.830401;Dbg;deqna;8519;deqna.cpp;730;DEQNA: INTR deassert, csr=010521
16240;01:17:39.830961;Dbg;deqna;8526;deqna.cpp;595;DEQNA: INTR deassert, csr=010521 ie=1
16241;01:17:39.830987;Dbg;deqna;8526;deqna.cpp;2095;DEQNA: TX desc_read_words @ 01373256 words=6
16242;01:17:39.831121;Dbg;deqna;8526;deqna.cpp;2108;DEQNA: TX list end (V=0) - XI/XL set desc=1373256
16243;01:17:39.831198;Dbg;deqna;8525;deqna.cpp;1365;DEQNA: Enqueue RX type=2 len=60 status=000000 queue=0
16244;01:17:39.831319;Dbg;deqna;8525;deqna.cpp;1392;DEQNA: ENQ DBG type=2 len=60 data=ffffffffffff2870 4e38d94008060001 0800060400012870 4e38d940c0a80101 000000000000c0a8 0178000000000000 0000000000000000 00000000
16245;01:17:39.831336;Dbg;deqna;8525;deqna.cpp;1613;DEQNA: RX desc_read_words @ 01373162 words=4
16246;01:17:39.831563;Dbg;deqna;8525;deqna.cpp;1721;DEQNA: RX deliver type=2 rbl=60 to addr=01563100 blen=2048 desc=1373162
16247;01:17:39.831729;Dbg;deqna;8525;deqna.cpp;1798;DEQNA: RX status type=2 st1=000370 st2=000000 desc=1373172
16248;01:17:39.831852;Dbg;deqna;8525;deqna.cpp;1865;DEQNA: RI set (rx_processed=1 queue=0 rbdl=1373176)
16249;01:17:39.831902;Dbg;deqna;8525;qunibusdevice.cpp;249;update_csr_reg CSR: STA0=177522 STA1=177524 RCLL=177400/172742 RCLH=177422/000005 XMTL=177464/173242 XMTH=177526/000005 VECTOR=000774/000774 CSR=110521/100701
16250;01:17:39.831908;Dbg;deqna;8525;deqna.cpp;643;DEQNA: CSR change prev=010521 now=110521 set=100000 clr=000000
16251;01:17:39.831948;Dbg;deqna;8525;qunibusdevice.cpp;249;update_csr_reg CSR: STA0=177522 STA1=177524 RCLL=177400/172742 RCLH=177422/000005 XMTL=177464/173242 XMTH=177526/000005 VECTOR=000774/000774 CSR=110521/100701
16252;01:17:39.831955;Dbg;deqna;8525;deqna.cpp;586;DEQNA: INTR assert, csr=110521 ie=1
16253;01:17:39.831965;Dbg;deqna;8525;deqna.cpp;724;DEQNA: INTR assert, csr=110521 vec=374 level=5
16254;01:17:39.832132;Dbg;deqna;8519;qunibusdevice.cpp;249;DATO CSR: STA0=177522 STA1=177524 RCLL=177400/172742 RCLH=177422/000005 XMTL=177464/173242 XMTH=177526/000005 VECTOR=000774/000774 CSR=110521/100701
16255;01:17:39.832143;Dbg;deqna;8519;deqna.cpp;1202;DEQNA: Write CSR (reg 7) = 100701 access=0
16256;01:17:39.832204;Dbg;deqna;8519;qunibusdevice.cpp;249;update_csr_reg CSR: STA0=177522 STA1=177524 RCLL=177400/172742 RCLH=177422/000005 XMTL=177464/173242 XMTH=177526/000005 VECTOR=000774/000774 CSR=010521/100701
16257;01:17:39.832211;Dbg;deqna;8519;deqna.cpp;643;DEQNA: CSR change prev=110521 now=010521 set=000501 clr=103216
16258;01:17:39.832222;Dbg;deqna;8519;deqna.cpp;595;DEQNA: INTR deassert, csr=010521 ie=1
16259;01:17:39.832230;Dbg;deqna;8519;deqna.cpp;730;DEQNA: INTR deassert, csr=010521
16260;01:17:39.832269;Dbg;deqna;8526;deqna.cpp;595;DEQNA: INTR deassert, csr=010521 ie=1
16261;01:17:39.833023;Dbg;deqna;8525;deqna.cpp;1365;DEQNA: Enqueue RX type=2 len=60 status=000000 queue=0
16262;01:17:39.833141;Dbg;deqna;8525;deqna.cpp;1392;DEQNA: ENQ DBG type=2 len=60 data=ffffffffffff2870 4e38d94008060001 0800060400012870 4e38d940c0a80101 000000000000c0a8 009a000000000000 0000000000000000 00000000
16263;01:17:39.833155;Dbg;deqna;8525;deqna.cpp;1613;DEQNA: RX desc_read_words @ 01373176 words=4
16264;01:17:39.833278;Dbg;deqna;8525;deqna.cpp;1613;DEQNA: RX desc_read_words @ 01372742 words=4
16265;01:17:39.833528;Dbg;deqna;8525;deqna.cpp;1721;DEQNA: RX deliver type=2 rbl=60 to addr=01503100 blen=2048 desc=1372742
16266;01:17:39.833692;Dbg;deqna;8525;deqna.cpp;1798;DEQNA: RX status type=2 st1=000370 st2=000000 desc=1372752
16267;01:17:39.833812;Dbg;deqna;8525;deqna.cpp;1865;DEQNA: RI set (rx_processed=1 queue=0 rbdl=1372756)
16268;01:17:39.833860;Dbg;deqna;8525;qunibusdevice.cpp;249;update_csr_reg CSR: STA0=177522 STA1=177524 RCLL=177400/172742 RCLH=177422/000005 XMTL=177464/173242 XMTH=177526/000005 VECTOR=000774/000774 CSR=110521/100701
16269;01:17:39.833867;Dbg;deqna;8525;deqna.cpp;643;DEQNA: CSR change prev=010521 now=110521 set=100000 clr=000000
16270;01:17:39.833907;Dbg;deqna;8525;qunibusdevice.cpp;249;update_csr_reg CSR: STA0=177522 STA1=177524 RCLL=177400/172742 RCLH=177422/000005 XMTL=177464/173242 XMTH=177526/000005 VECTOR=000774/000774 CSR=110521/100701
16271;01:17:39.833913;Dbg;deqna;8525;deqna.cpp;586;DEQNA: INTR assert, csr=110521 ie=1
16272;01:17:39.833923;Dbg;deqna;8525;deqna.cpp;724;DEQNA: INTR assert, csr=110521 vec=374 level=5
16273;01:17:39.834205;Dbg;deqna;8519;qunibusdevice.cpp;249;DATO CSR: STA0=177522 STA1=177524 RCLL=177400/172742 RCLH=177422/000005 XMTL=177464/173242 XMTH=177526/000005 VECTOR=000774/000774 CSR=110521/100701
16274;01:17:39.834214;Dbg;deqna;8519;deqna.cpp;1202;DEQNA: Write CSR (reg 7) = 100701 access=0
16275;01:17:39.834255;Dbg;deqna;8519;qunibusdevice.cpp;249;update_csr_reg CSR: STA0=177522 STA1=177524 RCLL=177400/172742 RCLH=177422/000005 XMTL=177464/173242 XMTH=177526/000005 VECTOR=000774/000774 CSR=010521/100701
16276;01:17:39.834261;Dbg;deqna;8519;deqna.cpp;643;DEQNA: CSR change prev=110521 now=010521 set=000501 clr=103216
16277;01:17:39.834272;Dbg;deqna;8519;deqna.cpp;595;DEQNA: INTR deassert, csr=010521 ie=1
16278;01:17:39.834281;Dbg;deqna;8519;deqna.cpp;730;DEQNA: INTR deassert, csr=010521
16279;01:17:39.834374;Dbg;deqna;8526;deqna.cpp;595;DEQNA: INTR deassert, csr=010521 ie=1
16280;01:17:39.834978;Dbg;deqna;8525;deqna.cpp;1365;DEQNA: Enqueue RX type=2 len=60 status=000000 queue=0
16281;01:17:39.835096;Dbg;deqna;8525;deqna.cpp;1392;DEQNA: ENQ DBG type=2 len=60 data=ffffffffffff2870 4e38d94008060001 0800060400012870 4e38d940c0a80101 000000000000c0a8 0196000000000000 0000000000000000 00000000
16282;01:17:39.835110;Dbg;deqna;8525;deqna.cpp;1613;DEQNA: RX desc_read_words @ 01372756 words=4
16283;01:17:39.835328;Dbg;deqna;8525;deqna.cpp;1721;DEQNA: RX deliver type=2 rbl=60 to addr=01507100 blen=2048 desc=1372756
16284;01:17:39.835515;Dbg;deqna;8525;deqna.cpp;1798;DEQNA: RX status type=2 st1=000370 st2=000000 desc=1372766
16285;01:17:39.835638;Dbg;deqna;8525;deqna.cpp;1865;DEQNA: RI set (rx_processed=1 queue=0 rbdl=1372772)
16286;01:17:39.835686;Dbg;deqna;8525;qunibusdevice.cpp;249;update_csr_reg CSR: STA0=177522 STA1=177524 RCLL=177400/172742 RCLH=177422/000005 XMTL=177464/173242 XMTH=177526/000005 VECTOR=000774/000774 CSR=110521/100701
16287;01:17:39.835693;Dbg;deqna;8525;deqna.cpp;643;DEQNA: CSR change prev=010521 now=110521 set=100000 clr=000000
16288;01:17:39.835733;Dbg;deqna;8525;qunibusdevice.cpp;249;update_csr_reg CSR: STA0=177522 STA1=177524 RCLL=177400/172742 RCLH=177422/000005 XMTL=177464/173242 XMTH=177526/000005 VECTOR=000774/000774 CSR=110521/100701
16289;01:17:39.835739;Dbg;deqna;8525;deqna.cpp;586;DEQNA: INTR assert, csr=110521 ie=1
16290;01:17:39.835748;Dbg;deqna;8525;deqna.cpp;724;DEQNA: INTR assert, csr=110521 vec=374 level=5
16291;01:17:39.835915;Dbg;deqna;8519;qunibusdevice.cpp;249;DATO CSR: STA0=177522 STA1=177524 RCLL=177400/172742 RCLH=177422/000005 XMTL=177464/173242 XMTH=177526/000005 VECTOR=000774/000774 CSR=110521/100701
16292;01:17:39.835924;Dbg;deqna;8519;deqna.cpp;1202;DEQNA: Write CSR (reg 7) = 100701 access=0
16293;01:17:39.835966;Dbg;deqna;8519;qunibusdevice.cpp;249;update_csr_reg CSR: STA0=177522 STA1=177524 RCLL=177400/172742 RCLH=177422/000005 XMTL=177464/173242 XMTH=177526/000005 VECTOR=000774/000774 CSR=010521/100701
16294;01:17:39.835973;Dbg;deqna;8519;deqna.cpp;643;DEQNA: CSR change prev=110521 now=010521 set=000501 clr=103216
16295;01:17:39.835983;Dbg;deqna;8519;deqna.cpp;595;DEQNA: INTR deassert, csr=010521 ie=1
16296;01:17:39.835991;Dbg;deqna;8519;deqna.cpp;730;DEQNA: INTR deassert, csr=010521
16297;01:17:39.836459;Dbg;deqna;8526;deqna.cpp;595;DEQNA: INTR deassert, csr=010521 ie=1
16298;01:17:39.836479;Dbg;deqna;8526;deqna.cpp;2095;DEQNA: TX desc_read_words @ 01373256 words=6
16299;01:17:39.836600;Dbg;deqna;8526;deqna.cpp;2108;DEQNA: TX list end (V=0) - XI/XL set desc=1373256
16300;01:17:39.842340;Dbg;deqna;8526;deqna.cpp;2095;DEQNA: TX desc_read_words @ 01373256 words=6
16301;01:17:39.852149;Dbg;deqna;8526;deqna.cpp;2108;DEQNA: TX list end (V=0) - XI/XL set desc=1373256
16302;01:17:39.869428;Dbg;deqna;8526;deqna.cpp;2095;DEQNA: TX desc_read_words @ 01373256 words=6
16303;01:17:39.872452;Dbg;deqna;8525;deqna.cpp;1365;DEQNA: Enqueue RX type=2 len=60 status=000000 queue=0
16304;01:17:39.875495;Dbg;deqna;8525;deqna.cpp;1392;DEQNA: ENQ DBG type=2 len=60 data=ffffffffffff2870 4e38d94008060001 0800060400012870 4e38d940c0a80101 000000000000c0a8 0011000000000000 0000000000000000 00000000
16305;01:17:39.881389;Dbg;deqna;8526;deqna.cpp;2108;DEQNA: TX list end (V=0) - XI/XL set desc=1373256
16306;01:17:39.882479;Dbg;deqna;8525;deqna.cpp;1613;DEQNA: RX desc_read_words @ 01372772 words=4
16307;01:17:39.889589;Dbg;deqna;8525;deqna.cpp;1721;DEQNA: RX deliver type=2 rbl=60 to addr=01513100 blen=2048 desc=1372772
16308;01:17:39.892574;Dbg;deqna;8525;deqna.cpp;1798;DEQNA: RX status type=2 st1=000370 st2=000000 desc=1373002
16309;01:17:39.895325;Dbg;deqna;8525;deqna.cpp;1865;DEQNA: RI set (rx_processed=1 queue=0 rbdl=1373006)
16310;01:17:39.896534;Dbg;deqna;8525;qunibusdevice.cpp;249;update_csr_reg CSR: STA0=177522 STA1=177524 RCLL=177400/172742 RCLH=177422/000005 XMTL=177464/173242 XMTH=177526/000005 VECTOR=000774/000774 CSR=110521/100701
16311;01:17:39.896713;Dbg;deqna;8525;deqna.cpp;643;DEQNA: CSR change prev=010521 now=110521 set=100000 clr=000000
16312;01:17:39.897664;Dbg;deqna;8525;qunibusdevice.cpp;249;update_csr_reg CSR: STA0=177522 STA1=177524 RCLL=177400/172742 RCLH=177422/000005 XMTL=177464/173242 XMTH=177526/000005 VECTOR=000774/000774 CSR=110521/100701
16313;01:17:39.897844;Dbg;deqna;8525;deqna.cpp;586;DEQNA: INTR assert, csr=110521 ie=1
16314;01:17:39.898053;Dbg;deqna;8525;deqna.cpp;724;DEQNA: INTR assert, csr=110521 vec=374 level=5
16315;01:17:39.900258;Dbg;deqna;8526;deqna.cpp;2095;DEQNA: TX desc_read_words @ 01373256 words=6
16316;01:17:39.902821;Dbg;deqna;8519;qunibusdevice.cpp;249;DATO CSR: STA0=177522 STA1=177524 RCLL=177400/172742 RCLH=177422/000005 XMTL=177464/173242 XMTH=177526/000005 VECTOR=000774/000774 CSR=110521/100701
16317;01:17:39.903047;Dbg;deqna;8519;deqna.cpp;1202;DEQNA: Write CSR (reg 7) = 100701 access=0
16318;01:17:39.904056;Dbg;deqna;8519;qunibusdevice.cpp;249;update_csr_reg CSR: STA0=177522 STA1=177524 RCLL=177400/172742 RCLH=177422/000005 XMTL=177464/173242 XMTH=177526/000005 VECTOR=000774/000774 CSR=010521/100701
16319;01:17:39.904207;Dbg;deqna;8519;deqna.cpp;643;DEQNA: CSR change prev=110521 now=010521 set=000501 clr=103216
16320;01:17:39.904506;Dbg;deqna;8519;deqna.cpp;595;DEQNA: INTR deassert, csr=010521 ie=1
16321;01:17:39.904720;Dbg;deqna;8519;deqna.cpp;730;DEQNA: INTR deassert, csr=010521
16322;01:17:39.906331;Dbg;deqna;8525;deqna.cpp;595;DEQNA: INTR deassert, csr=010521 ie=1
16323;01:17:39.906901;Dbg;deqna;8525;deqna.cpp;1365;DEQNA: Enqueue RX type=2 len=60 status=000000 queue=0
16324;01:17:39.910117;Dbg;deqna;8526;deqna.cpp;2108;DEQNA: TX list end (V=0) - XI/XL set desc=1373256
16325;01:17:39.912690;Dbg;deqna;8525;deqna.cpp;1392;DEQNA: ENQ DBG type=2 len=60 data=ffffffffffff2870 4e38d94008060001 0800060400012870 4e38d940c0a80101 000000000000c0a8 01b4000000000000 0000000000000000 00000000
16326;01:17:39.913084;Dbg;deqna;8525;deqna.cpp;1613;DEQNA: RX desc_read_words @ 01373006 words=4
16327;01:17:39.918395;Dbg;deqna;8525;deqna.cpp;1721;DEQNA: RX deliver type=2 rbl=60 to addr=01517100 blen=2048 desc=1373006
16328;01:17:39.922035;Dbg;deqna;8525;deqna.cpp;1798;DEQNA: RX status type=2 st1=000370 st2=000000 desc=1373016
16329;01:17:39.924785;Dbg;deqna;8525;deqna.cpp;1865;DEQNA: RI set (rx_processed=1 queue=0 rbdl=1373022)
16330;01:17:39.925963;Dbg;deqna;8525;qunibusdevice.cpp;249;update_csr_reg CSR: STA0=177522 STA1=177524 RCLL=177400/172742 RCLH=177422/000005 XMTL=177464/173242 XMTH=177526/000005 VECTOR=000774/000774 CSR=110521/100701
16331;01:17:39.926128;Dbg;deqna;8525;deqna.cpp;643;DEQNA: CSR change prev=010521 now=110521 set=100000 clr=000000
16332;01:17:39.927088;Dbg;deqna;8525;qunibusdevice.cpp;249;update_csr_reg CSR: STA0=177522 STA1=177524 RCLL=177400/172742 RCLH=177422/000005 XMTL=177464/173242 XMTH=177526/000005 VECTOR=000774/000774 CSR=110521/100701
16333;01:17:39.927258;Dbg;deqna;8525;deqna.cpp;586;DEQNA: INTR assert, csr=110521 ie=1
16334;01:17:39.927465;Dbg;deqna;8525;deqna.cpp;724;DEQNA: INTR assert, csr=110521 vec=374 level=5
16335;01:17:39.929928;Dbg;deqna;8526;deqna.cpp;2095;DEQNA: TX desc_read_words @ 01373256 words=6
16336;01:17:39.932100;Dbg;deqna;8519;qunibusdevice.cpp;249;DATO CSR: STA0=177522 STA1=177524 RCLL=177400/172742 RCLH=177422/000005 XMTL=177464/173242 XMTH=177526/000005 VECTOR=000774/000774 CSR=110521/100701
16337;01:17:39.932320;Dbg;deqna;8519;deqna.cpp;1202;DEQNA: Write CSR (reg 7) = 100701 access=0
16338;01:17:39.933316;Dbg;deqna;8519;qunibusdevice.cpp;249;update_csr_reg CSR: STA0=177522 STA1=177524 RCLL=177400/172742 RCLH=177422/000005 XMTL=177464/173242 XMTH=177526/000005 VECTOR=000774/000774 CSR=010521/100701
16339;01:17:39.933472;Dbg;deqna;8519;deqna.cpp;643;DEQNA: CSR change prev=110521 now=010521 set=000501 clr=103216
16340;01:17:39.933758;Dbg;deqna;8519;deqna.cpp;595;DEQNA: INTR deassert, csr=010521 ie=1
16341;01:17:39.933965;Dbg;deqna;8519;deqna.cpp;730;DEQNA: INTR deassert, csr=010521
16342;01:17:39.935507;Dbg;deqna;8525;deqna.cpp;595;DEQNA: INTR deassert, csr=010521 ie=1
16343;01:17:39.936934;Dbg;deqna;8526;deqna.cpp;2108;DEQNA: TX list end (V=0) - XI/XL set desc=1373256
16344;01:17:39.955344;Dbg;deqna;8526;deqna.cpp;2095;DEQNA: TX desc_read_words @ 01373256 words=6
16345;01:17:39.956929;Dbg;deqna;8525;deqna.cpp;1365;DEQNA: Enqueue RX type=2 len=60 status=000000 queue=0
16346;01:17:39.960678;Dbg;deqna;8525;deqna.cpp;1392;DEQNA: ENQ DBG type=2 len=60 data=ffffffffffff2870 4e38d94008060001 0800060400012870 4e38d940c0a80101 000000000000c0a8 01a6000000000000 0000000000000000 00000000
16347;01:17:39.963072;Dbg;deqna;8526;deqna.cpp;2108;DEQNA: TX list end (V=0) - XI/XL set desc=1373256
16348;01:17:39.964069;Dbg;deqna;8525;deqna.cpp;1613;DEQNA: RX desc_read_words @ 01373022 words=4
16349;01:17:39.971001;Dbg;deqna;8525;deqna.cpp;1721;DEQNA: RX deliver type=2 rbl=60 to addr=01523100 blen=2048 desc=1373022
16350;01:17:39.973894;Dbg;deqna;8525;deqna.cpp;1798;DEQNA: RX status type=2 st1=000370 st2=000000 desc=1373032
16351;01:17:39.976662;Dbg;deqna;8525;deqna.cpp;1865;DEQNA: RI set (rx_processed=1 queue=0 rbdl=1373036)
16352;01:17:39.977842;Dbg;deqna;8525;qunibusdevice.cpp;249;update_csr_reg CSR: STA0=177522 STA1=177524 RCLL=177400/172742 RCLH=177422/000005 XMTL=177464/173242 XMTH=177526/000005 VECTOR=000774/000774 CSR=110521/100701
16353;01:17:39.978011;Dbg;deqna;8525;deqna.cpp;643;DEQNA: CSR change prev=010521 now=110521 set=100000 clr=000000
16354;01:17:39.979751;Dbg;deqna;8525;qunibusdevice.cpp;249;update_csr_reg CSR: STA0=177522 STA1=177524 RCLL=177400/172742 RCLH=177422/000005 XMTL=177464/173242 XMTH=177526/000005 VECTOR=000774/000774 CSR=110521/100701
16355;01:17:39.979959;Dbg;deqna;8525;deqna.cpp;586;DEQNA: INTR assert, csr=110521 ie=1
16356;01:17:39.980185;Dbg;deqna;8525;deqna.cpp;724;DEQNA: INTR assert, csr=110521 vec=374 level=5
16357;01:17:39.981685;Dbg;deqna;8526;deqna.cpp;2095;DEQNA: TX desc_read_words @ 01373256 words=6
16358;01:17:39.984163;Dbg;deqna;8519;qunibusdevice.cpp;249;DATO CSR: STA0=177522 STA1=177524 RCLL=177400/172742 RCLH=177422/000005 XMTL=177464/173242 XMTH=177526/000005 VECTOR=000774/000774 CSR=110521/100701
16359;01:17:39.984379;Dbg;deqna;8519;deqna.cpp;1202;DEQNA: Write CSR (reg 7) = 100701 access=0
16360;01:17:39.985363;Dbg;deqna;8519;qunibusdevice.cpp;249;update_csr_reg CSR: STA0=177522 STA1=177524 RCLL=177400/172742 RCLH=177422/000005 XMTL=177464/173242 XMTH=177526/000005 VECTOR=000774/000774 CSR=010521/100701
16361;01:17:39.985514;Dbg;deqna;8519;deqna.cpp;643;DEQNA: CSR change prev=110521 now=010521 set=000501 clr=103216
16362;01:17:39.985806;Dbg;deqna;8519;deqna.cpp;595;DEQNA: INTR deassert, csr=010521 ie=1
16363;01:17:39.986017;Dbg;deqna;8519;deqna.cpp;730;DEQNA: INTR deassert, csr=010521
16364;01:17:39.987564;Dbg;deqna;8525;deqna.cpp;595;DEQNA: INTR deassert, csr=010521 ie=1
16365;01:17:39.988096;Dbg;deqna;8525;deqna.cpp;1365;DEQNA: Enqueue RX type=2 len=60 status=000000 queue=0
16366;01:17:39.991716;Dbg;deqna;8525;deqna.cpp;1392;DEQNA: ENQ DBG type=2 len=60 data=ffffffffffff2870 4e38d94008060001 0800060400012870 4e38d940c0a80101 000000000000c0a8 0016000000000000 0000000000000000 00000000
16367;01:17:39.992915;Dbg;deqna;8526;deqna.cpp;2108;DEQNA: TX list end (V=0) - XI/XL set desc=1373256
16368;01:17:39.995011;Dbg;deqna;8525;deqna.cpp;1613;DEQNA: RX desc_read_words @ 01373036 words=4
16369;01:17:40.001760;Dbg;deqna;8525;deqna.cpp;1721;DEQNA: RX deliver type=2 rbl=60 to addr=01527100 blen=2048 desc=1373036
16370;01:17:40.004788;Dbg;deqna;8525;deqna.cpp;1798;DEQNA: RX status type=2 st1=000370 st2=000000 desc=1373046
16371;01:17:40.007522;Dbg;deqna;8525;deqna.cpp;1865;DEQNA: RI set (rx_processed=1 queue=0 rbdl=1373052)
16372;01:17:40.009449;Dbg;deqna;8525;qunibusdevice.cpp;249;update_csr_reg CSR: STA0=177522 STA1=177524 RCLL=177400/172742 RCLH=177422/000005 XMTL=177464/173242 XMTH=177526/000005 VECTOR=000774/000774 CSR=110521/100701
16373;01:17:40.009650;Dbg;deqna;8525;deqna.cpp;643;DEQNA: CSR change prev=010521 now=110521 set=100000 clr=000000
16374;01:17:40.010681;Dbg;deqna;8525;qunibusdevice.cpp;249;update_csr_reg CSR: STA0=177522 STA1=177524 RCLL=177400/172742 RCLH=177422/000005 XMTL=177464/173242 XMTH=177526/000005 VECTOR=000774/000774 CSR=110521/100701
16375;01:17:40.010863;Dbg;deqna;8525;deqna.cpp;586;DEQNA: INTR assert, csr=110521 ie=1
16376;01:17:40.011074;Dbg;deqna;8525;deqna.cpp;724;DEQNA: INTR assert, csr=110521 vec=374 level=5
16377;01:17:40.012583;Dbg;deqna;8526;deqna.cpp;2095;DEQNA: TX desc_read_words @ 01373256 words=6
16378;01:17:40.015077;Dbg;deqna;8519;qunibusdevice.cpp;249;DATO CSR: STA0=177522 STA1=177524 RCLL=177400/172742 RCLH=177422/000005 XMTL=177464/173242 XMTH=177526/000005 VECTOR=000774/000774 CSR=110521/100701
16379;01:17:40.015297;Dbg;deqna;8519;deqna.cpp;1202;DEQNA: Write CSR (reg 7) = 100701 access=0
16380;01:17:40.016279;Dbg;deqna;8519;qunibusdevice.cpp;249;update_csr_reg CSR: STA0=177522 STA1=177524 RCLL=177400/172742 RCLH=177422/000005 XMTL=177464/173242 XMTH=177526/000005 VECTOR=000774/000774 CSR=010521/100701
16381;01:17:40.016428;Dbg;deqna;8519;deqna.cpp;643;DEQNA: CSR change prev=110521 now=010521 set=000501 clr=103216
16382;01:17:40.016721;Dbg;deqna;8519;deqna.cpp;595;DEQNA: INTR deassert, csr=010521 ie=1
16383;01:17:40.016930;Dbg;deqna;8519;deqna.cpp;730;DEQNA: INTR deassert, csr=010521
16384;01:17:40.018480;Dbg;deqna;8525;deqna.cpp;595;DEQNA: INTR deassert, csr=010521 ie=1
16385;01:17:40.020618;Dbg;deqna;8526;deqna.cpp;2108;DEQNA: TX list end (V=0) - XI/XL set desc=1373256
16386;01:17:40.027727;Dbg;deqna;8526;deqna.cpp;2095;DEQNA: TX desc_read_words @ 01373256 words=6
16387;01:17:40.032310;Dbg;deqna;8526;deqna.cpp;2108;DEQNA: TX list end (V=0) - XI/XL set desc=1373256
16388;01:17:40.039559;Dbg;deqna;8526;deqna.cpp;2095;DEQNA: TX desc_read_words @ 01373256 words=6
16389;01:17:40.043876;Dbg;deqna;8526;deqna.cpp;2108;DEQNA: TX list end (V=0) - XI/XL set desc=1373256
16390;01:17:40.050318;Dbg;deqna;8526;deqna.cpp;2095;DEQNA: TX desc_read_words @ 01373256 words=6
16391;01:17:40.054355;Dbg;deqna;8526;deqna.cpp;2108;DEQNA: TX list end (V=0) - XI/XL set desc=1373256
16392;01:17:40.061569;Dbg;deqna;8526;deqna.cpp;2095;DEQNA: TX desc_read_words @ 01373256 words=6
16393;01:17:40.065817;Dbg;deqna;8526;deqna.cpp;2108;DEQNA: TX list end (V=0) - XI/XL set desc=1373256
16394;01:17:40.072338;Dbg;deqna;8526;deqna.cpp;2095;DEQNA: TX desc_read_words @ 01373256 words=6
16395;01:17:40.076315;Dbg;deqna;8526;deqna.cpp;2108;DEQNA: TX list end (V=0) - XI/XL set desc=1373256
16396;01:17:40.083434;Dbg;deqna;8526;deqna.cpp;2095;DEQNA: TX desc_read_words @ 01373256 words=6
16397;01:17:40.087527;Dbg;deqna;8526;deqna.cpp;2108;DEQNA: TX list end (V=0) - XI/XL set desc=1373256
16398;01:17:40.094996;Dbg;deqna;8526;deqna.cpp;2095;DEQNA: TX desc_read_words @ 01373256 words=6
16399;01:17:40.098444;Dbg;deqna;8526;deqna.cpp;2108;DEQNA: TX list end (V=0) - XI/XL set desc=1373256
16400;01:17:40.105146;Dbg;deqna;8526;deqna.cpp;2095;DEQNA: TX desc_read_words @ 01373256 words=6
16401;01:17:40.105460;Dbg;deqna;8526;deqna.cpp;2108;DEQNA: TX list end (V=0) - XI/XL set desc=1373256
16402;01:17:40.110934;Dbg;deqna;8526;deqna.cpp;2095;DEQNA: TX desc_read_words @ 01373256 words=6
16403;01:17:40.111274;Dbg;deqna;8526;deqna.cpp;2108;DEQNA: TX list end (V=0) - XI/XL set desc=1373256
16404;01:17:40.116567;Dbg;deqna;8526;deqna.cpp;2095;DEQNA: TX desc_read_words @ 01373256 words=6
16405;01:17:40.116805;Dbg;deqna;8526;deqna.cpp;2108;DEQNA: TX list end (V=0) - XI/XL set desc=1373256
16406;01:17:40.122142;Dbg;deqna;8526;deqna.cpp;2095;DEQNA: TX desc_read_words @ 01373256 words=6
16407;01:17:40.122395;Dbg;deqna;8526;deqna.cpp;2108;DEQNA: TX list end (V=0) - XI/XL set desc=1373256
16408;01:17:40.127721;Dbg;deqna;8526;deqna.cpp;2095;DEQNA: TX desc_read_words @ 01373256 words=6
16409;01:17:40.127958;Dbg;deqna;8526;deqna.cpp;2108;DEQNA: TX list end (V=0) - XI/XL set desc=1373256
16410;01:17:40.133428;Dbg;deqna;8526;deqna.cpp;2095;DEQNA: TX desc_read_words @ 01373256 words=6
16411;01:17:40.133706;Dbg;deqna;8526;deqna.cpp;2108;DEQNA: TX list end (V=0) - XI/XL set desc=1373256
16412;01:17:40.139128;Dbg;deqna;8526;deqna.cpp;2095;DEQNA: TX desc_read_words @ 01373256 words=6
16413;01:17:40.139444;Dbg;deqna;8526;deqna.cpp;2108;DEQNA: TX list end (V=0) - XI/XL set desc=1373256
16414;01:17:40.144765;Dbg;deqna;8526;deqna.cpp;2095;DEQNA: TX desc_read_words @ 01373256 words=6
16415;01:17:40.144870;Dbg;deqna;8526;deqna.cpp;2108;DEQNA: TX list end (V=0) - XI/XL set desc=1373256
16416;01:17:40.149985;Dbg;deqna;8526;deqna.cpp;2095;DEQNA: TX desc_read_words @ 01373256 words=6
16417;01:17:40.150072;Dbg;deqna;8526;deqna.cpp;2108;DEQNA: TX list end (V=0) - XI/XL set desc=1373256
16418;01:17:40.155170;Dbg;deqna;8526;deqna.cpp;2095;DEQNA: TX desc_read_words @ 01373256 words=6
16419;01:17:40.155262;Dbg;deqna;8526;deqna.cpp;2108;DEQNA: TX list end (V=0) - XI/XL set desc=1373256
16420;01:17:40.160363;Dbg;deqna;8526;deqna.cpp;2095;DEQNA: TX desc_read_words @ 01373256 words=6
16421;01:17:40.160455;Dbg;deqna;8526;deqna.cpp;2108;DEQNA: TX list end (V=0) - XI/XL set desc=1373256
16422;01:17:40.165564;Dbg;deqna;8526;deqna.cpp;2095;DEQNA: TX desc_read_words @ 01373256 words=6
16423;01:17:40.165659;Dbg;deqna;8526;deqna.cpp;2108;DEQNA: TX list end (V=0) - XI/XL set desc=1373256
16424;01:17:40.170815;Dbg;deqna;8526;deqna.cpp;2095;DEQNA: TX desc_read_words @ 01373256 words=6
16425;01:17:40.170974;Dbg;deqna;8526;deqna.cpp;2108;DEQNA: TX list end (V=0) - XI/XL set desc=1373256
16426;01:17:40.176082;Dbg;deqna;8526;deqna.cpp;2095;DEQNA: TX desc_read_words @ 01373256 words=6
16427;01:17:40.176189;Dbg;deqna;8526;deqna.cpp;2108;DEQNA: TX list end (V=0) - XI/XL set desc=1373256
16428;01:17:40.181323;Dbg;deqna;8526;deqna.cpp;2095;DEQNA: TX desc_read_words @ 01373256 words=6
16429;01:17:40.181428;Dbg;deqna;8526;deqna.cpp;2108;DEQNA: TX list end (V=0) - XI/XL set desc=1373256
16430;01:17:40.186589;Dbg;deqna;8526;deqna.cpp;2095;DEQNA: TX desc_read_words @ 01373256 words=6
16431;01:17:40.186696;Dbg;deqna;8526;deqna.cpp;2108;DEQNA: TX list end (V=0) - XI/XL set desc=1373256
16432;01:17:40.191797;Dbg;deqna;8526;deqna.cpp;2095;DEQNA: TX desc_read_words @ 01373256 words=6
16433;01:17:40.191885;Dbg;deqna;8526;deqna.cpp;2108;DEQNA: TX list end (V=0) - XI/XL set desc=1373256
16434;01:17:40.196987;Dbg;deqna;8526;deqna.cpp;2095;DEQNA: TX desc_read_words @ 01373256 words=6
16435;01:17:40.197077;Dbg;deqna;8526;deqna.cpp;2108;DEQNA: TX list end (V=0) - XI/XL set desc=1373256
16436;01:17:40.202183;Dbg;deqna;8526;deqna.cpp;2095;DEQNA: TX desc_read_words @ 01373256 words=6
16437;01:17:40.202274;Dbg;deqna;8526;deqna.cpp;2108;DEQNA: TX list end (V=0) - XI/XL set desc=1373256
16438;01:17:40.207407;Dbg;deqna;8526;deqna.cpp;2095;DEQNA: TX desc_read_words @ 01373256 words=6
16439;01:17:40.207521;Dbg;deqna;8526;deqna.cpp;2108;DEQNA: TX list end (V=0) - XI/XL set desc=1373256
16440;01:17:40.212621;Dbg;deqna;8526;deqna.cpp;2095;DEQNA: TX desc_read_words @ 01373256 words=6
16441;01:17:40.212708;Dbg;deqna;8526;deqna.cpp;2108;DEQNA: TX list end (V=0) - XI/XL set desc=1373256
16442;01:17:40.217806;Dbg;deqna;8526;deqna.cpp;2095;DEQNA: TX desc_read_words @ 01373256 words=6
16443;01:17:40.217895;Dbg;deqna;8526;deqna.cpp;2108;DEQNA: TX list end (V=0) - XI/XL set desc=1373256
16444;01:17:40.222992;Dbg;deqna;8526;deqna.cpp;2095;DEQNA: TX desc_read_words @ 01373256 words=6
16445;01:17:40.223082;Dbg;deqna;8526;deqna.cpp;2108;DEQNA: TX list end (V=0) - XI/XL set desc=1373256
16446;01:17:40.228181;Dbg;deqna;8526;deqna.cpp;2095;DEQNA: TX desc_read_words @ 01373256 words=6
16447;01:17:40.228273;Dbg;deqna;8526;deqna.cpp;2108;DEQNA: TX list end (V=0) - XI/XL set desc=1373256
16448;01:17:40.233375;Dbg;deqna;8526;deqna.cpp;2095;DEQNA: TX desc_read_words @ 01373256 words=6
16449;01:17:40.233479;Dbg;deqna;8526;deqna.cpp;2108;DEQNA: TX list end (V=0) - XI/XL set desc=1373256
16450;01:17:40.238580;Dbg;deqna;8526;deqna.cpp;2095;DEQNA: TX desc_read_words @ 01373256 words=6
16451;01:17:40.238721;Dbg;deqna;8526;deqna.cpp;2108;DEQNA: TX list end (V=0) - XI/XL set desc=1373256
16452;01:17:40.243871;Dbg;deqna;8526;deqna.cpp;2095;DEQNA: TX desc_read_words @ 01373256 words=6
16453;01:17:40.243972;Dbg;deqna;8526;deqna.cpp;2108;DEQNA: TX list end (V=0) - XI/XL set desc=1373256
16454;01:17:40.249084;Dbg;deqna;8526;deqna.cpp;2095;DEQNA: TX desc_read_words @ 01373256 words=6
16455;01:17:40.249189;Dbg;deqna;8526;deqna.cpp;2108;DEQNA: TX list end (V=0) - XI/XL set desc=1373256
16456;01:17:40.254285;Dbg;deqna;8526;deqna.cpp;2095;DEQNA: TX desc_read_words @ 01373256 words=6
16457;01:17:40.254373;Dbg;deqna;8526;deqna.cpp;2108;DEQNA: TX list end (V=0) - XI/XL set desc=1373256
16458;01:17:40.259480;Dbg;deqna;8526;deqna.cpp;2095;DEQNA: TX desc_read_words @ 01373256 words=6
16459;01:17:40.259582;Dbg;deqna;8526;deqna.cpp;2108;DEQNA: TX list end (V=0) - XI/XL set desc=1373256
16460;01:17:40.264687;Dbg;deqna;8526;deqna.cpp;2095;DEQNA: TX desc_read_words @ 01373256 words=6
16461;01:17:40.264780;Dbg;deqna;8526;deqna.cpp;2108;DEQNA: TX list end (V=0) - XI/XL set desc=1373256
16462;01:17:40.269897;Dbg;deqna;8526;deqna.cpp;2095;DEQNA: TX desc_read_words @ 01373256 words=6
16463;01:17:40.270010;Dbg;deqna;8526;deqna.cpp;2108;DEQNA: TX list end (V=0) - XI/XL set desc=1373256
16464;01:17:40.275111;Dbg;deqna;8526;deqna.cpp;2095;DEQNA: TX desc_read_words @ 01373256 words=6
16465;01:17:40.275201;Dbg;deqna;8526;deqna.cpp;2108;DEQNA: TX list end (V=0) - XI/XL set desc=1373256
16466;01:17:40.280308;Dbg;deqna;8526;deqna.cpp;2095;DEQNA: TX desc_read_words @ 01373256 words=6
16467;01:17:40.280419;Dbg;deqna;8526;deqna.cpp;2108;DEQNA: TX list end (V=0) - XI/XL set desc=1373256
16468;01:17:40.285528;Dbg;deqna;8526;deqna.cpp;2095;DEQNA: TX desc_read_words @ 01373256 words=6
16469;01:17:40.285621;Dbg;deqna;8526;deqna.cpp;2108;DEQNA: TX list end (V=0) - XI/XL set desc=1373256
16470;01:17:40.290728;Dbg;deqna;8526;deqna.cpp;2095;DEQNA: TX desc_read_words @ 01373256 words=6
16471;01:17:40.290834;Dbg;deqna;8526;deqna.cpp;2108;DEQNA: TX list end (V=0) - XI/XL set desc=1373256
16472;01:17:40.295961;Dbg;deqna;8526;deqna.cpp;2095;DEQNA: TX desc_read_words @ 01373256 words=6
16473;01:17:40.296053;Dbg;deqna;8526;deqna.cpp;2108;DEQNA: TX list end (V=0) - XI/XL set desc=1373256
16474;01:17:40.301189;Dbg;deqna;8526;deqna.cpp;2095;DEQNA: TX desc_read_words @ 01373256 words=6
16475;01:17:40.301285;Dbg;deqna;8526;deqna.cpp;2108;DEQNA: TX list end (V=0) - XI/XL set desc=1373256
16476;01:17:40.306389;Dbg;deqna;8526;deqna.cpp;2095;DEQNA: TX desc_read_words @ 01373256 words=6
16477;01:17:40.306487;Dbg;deqna;8526;deqna.cpp;2108;DEQNA: TX list end (V=0) - XI/XL set desc=1373256
16478;01:17:40.311610;Dbg;deqna;8526;deqna.cpp;2095;DEQNA: TX desc_read_words @ 01373256 words=6
16479;01:17:40.311781;Dbg;deqna;8526;deqna.cpp;2108;DEQNA: TX list end (V=0) - XI/XL set desc=1373256
16480;01:17:40.316890;Dbg;deqna;8526;deqna.cpp;2095;DEQNA: TX desc_read_words @ 01373256 words=6
16481;01:17:40.316998;Dbg;deqna;8526;deqna.cpp;2108;DEQNA: TX list end (V=0) - XI/XL set desc=1373256
16482;01:17:40.322112;Dbg;deqna;8526;deqna.cpp;2095;DEQNA: TX desc_read_words @ 01373256 words=6
16483;01:17:40.322213;Dbg;deqna;8526;deqna.cpp;2108;DEQNA: TX list end (V=0) - XI/XL set desc=1373256
16484;01:17:40.327330;Dbg;deqna;8526;deqna.cpp;2095;DEQNA: TX desc_read_words @ 01373256 words=6
16485;01:17:40.327424;Dbg;deqna;8526;deqna.cpp;2108;DEQNA: TX list end (V=0) - XI/XL set desc=1373256
16486;01:17:40.332524;Dbg;deqna;8526;deqna.cpp;2095;DEQNA: TX desc_read_words @ 01373256 words=6
16487;01:17:40.332612;Dbg;deqna;8526;deqna.cpp;2108;DEQNA: TX list end (V=0) - XI/XL set desc=1373256
16488;01:17:40.337711;Dbg;deqna;8526;deqna.cpp;2095;DEQNA: TX desc_read_words @ 01373256 words=6
16489;01:17:40.337800;Dbg;deqna;8526;deqna.cpp;2108;DEQNA: TX list end (V=0) - XI/XL set desc=1373256
16490;01:17:40.342911;Dbg;deqna;8526;deqna.cpp;2095;DEQNA: TX desc_read_words @ 01373256 words=6
16491;01:17:40.343010;Dbg;deqna;8526;deqna.cpp;2108;DEQNA: TX list end (V=0) - XI/XL set desc=1373256
16492;01:17:40.348125;Dbg;deqna;8526;deqna.cpp;2095;DEQNA: TX desc_read_words @ 01373256 words=6
16493;01:17:40.348225;Dbg;deqna;8526;deqna.cpp;2108;DEQNA: TX list end (V=0) - XI/XL set desc=1373256
16494;01:17:40.353359;Dbg;deqna;8526;deqna.cpp;2095;DEQNA: TX desc_read_words @ 01373256 words=6
16495;01:17:40.353449;Dbg;deqna;8526;deqna.cpp;2108;DEQNA: TX list end (V=0) - XI/XL set desc=1373256
16496;01:17:40.358586;Dbg;deqna;8526;deqna.cpp;2095;DEQNA: TX desc_read_words @ 01373256 words=6
16497;01:17:40.358714;Dbg;deqna;8526;deqna.cpp;2108;DEQNA: TX list end (V=0) - XI/XL set desc=1373256
16498;01:17:40.363821;Dbg;deqna;8526;deqna.cpp;2095;DEQNA: TX desc_read_words @ 01373256 words=6
16499;01:17:40.363912;Dbg;deqna;8526;deqna.cpp;2108;DEQNA: TX list end (V=0) - XI/XL set desc=1373256
16500;01:17:40.369021;Dbg;deqna;8526;deqna.cpp;2095;DEQNA: TX desc_read_words @ 01373256 words=6
16501;01:17:40.369113;Dbg;deqna;8526;deqna.cpp;2108;DEQNA: TX list end (V=0) - XI/XL set desc=1373256
16502;01:17:40.374208;Dbg;deqna;8526;deqna.cpp;2095;DEQNA: TX desc_read_words @ 01373256 words=6
16503;01:17:40.374294;Dbg;deqna;8526;deqna.cpp;2108;DEQNA: TX list end (V=0) - XI/XL set desc=1373256
16504;01:17:40.379401;Dbg;deqna;8526;deqna.cpp;2095;DEQNA: TX desc_read_words @ 01373256 words=6
16505;01:17:40.379492;Dbg;deqna;8526;deqna.cpp;2108;DEQNA: TX list end (V=0) - XI/XL set desc=1373256
16506;01:17:40.384586;Dbg;deqna;8526;deqna.cpp;2095;DEQNA: TX desc_read_words @ 01373256 words=6
16507;01:17:40.384670;Dbg;deqna;8526;deqna.cpp;2108;DEQNA: TX list end (V=0) - XI/XL set desc=1373256
16508;01:17:40.389773;Dbg;deqna;8526;deqna.cpp;2095;DEQNA: TX desc_read_words @ 01373256 words=6
16509;01:17:40.389866;Dbg;deqna;8526;deqna.cpp;2108;DEQNA: TX list end (V=0) - XI/XL set desc=1373256
16510;01:17:40.394961;Dbg;deqna;8526;deqna.cpp;2095;DEQNA: TX desc_read_words @ 01373256 words=6
16511;01:17:40.395047;Dbg;deqna;8526;deqna.cpp;2108;DEQNA: TX list end (V=0) - XI/XL set desc=1373256
16512;01:17:40.400150;Dbg;deqna;8526;deqna.cpp;2095;DEQNA: TX desc_read_words @ 01373256 words=6
16513;01:17:40.400241;Dbg;deqna;8526;deqna.cpp;2108;DEQNA: TX list end (V=0) - XI/XL set desc=1373256
16514;01:17:40.405357;Dbg;deqna;8526;deqna.cpp;2095;DEQNA: TX desc_read_words @ 01373256 words=6
16515;01:17:40.405468;Dbg;deqna;8526;deqna.cpp;2108;DEQNA: TX list end (V=0) - XI/XL set desc=1373256
16516;01:17:40.410582;Dbg;deqna;8526;deqna.cpp;2095;DEQNA: TX desc_read_words @ 01373256 words=6
16517;01:17:40.410702;Dbg;deqna;8526;deqna.cpp;2108;DEQNA: TX list end (V=0) - XI/XL set desc=1373256
16518;01:17:40.415837;Dbg;deqna;8526;deqna.cpp;2095;DEQNA: TX desc_read_words @ 01373256 words=6
16519;01:17:40.415934;Dbg;deqna;8526;deqna.cpp;2108;DEQNA: TX list end (V=0) - XI/XL set desc=1373256
16520;01:17:40.421044;Dbg;deqna;8526;deqna.cpp;2095;DEQNA: TX desc_read_words @ 01373256 words=6
16521;01:17:40.421147;Dbg;deqna;8526;deqna.cpp;2108;DEQNA: TX list end (V=0) - XI/XL set desc=1373256
16522;01:17:40.426255;Dbg;deqna;8526;deqna.cpp;2095;DEQNA: TX desc_read_words @ 01373256 words=6
16523;01:17:40.426345;Dbg;deqna;8526;deqna.cpp;2108;DEQNA: TX list end (V=0) - XI/XL set desc=1373256
16524;01:17:40.431452;Dbg;deqna;8526;deqna.cpp;2095;DEQNA: TX desc_read_words @ 01373256 words=6
16525;01:17:40.431543;Dbg;deqna;8526;deqna.cpp;2108;DEQNA: TX list end (V=0) - XI/XL set desc=1373256
16526;01:17:40.436638;Dbg;deqna;8526;deqna.cpp;2095;DEQNA: TX desc_read_words @ 01373256 words=6
16527;01:17:40.436725;Dbg;deqna;8526;deqna.cpp;2108;DEQNA: TX list end (V=0) - XI/XL set desc=1373256
16528;01:17:40.443226;Dbg;deqna;8526;deqna.cpp;2095;DEQNA: TX desc_read_words @ 01373256 words=6
16529;01:17:40.446812;Dbg;deqna;8526;deqna.cpp;2108;DEQNA: TX list end (V=0) - XI/XL set desc=1373256
16530;01:17:40.452880;Dbg;deqna;8526;deqna.cpp;2095;DEQNA: TX desc_read_words @ 01373256 words=6
16531;01:17:40.453209;Dbg;deqna;8526;deqna.cpp;2108;DEQNA: TX list end (V=0) - XI/XL set desc=1373256
16532;01:17:40.458519;Dbg;deqna;8526;deqna.cpp;2095;DEQNA: TX desc_read_words @ 01373256 words=6
16533;01:17:40.458962;Dbg;deqna;8526;deqna.cpp;2108;DEQNA: TX list end (V=0) - XI/XL set desc=1373256
16534;01:17:40.460163;Dbg;deqna;8525;deqna.cpp;1365;DEQNA: Enqueue RX type=2 len=60 status=000000 queue=0
16535;01:17:40.460434;Dbg;deqna;8525;deqna.cpp;1392;DEQNA: ENQ DBG type=2 len=60 data=ffffffffffff506b 4b43b2a608060001 080006040001506b 4b43b2a6c0a80111 000000000000c0a8 010d000000000000 0000000000000000 00000000
16536;01:17:40.460470;Dbg;deqna;8525;deqna.cpp;1613;DEQNA: RX desc_read_words @ 01373052 words=4
16537;01:17:40.460919;Dbg;deqna;8525;deqna.cpp;1721;DEQNA: RX deliver type=2 rbl=60 to addr=01533100 blen=2048 desc=1373052
16538;01:17:40.461311;Dbg;deqna;8525;deqna.cpp;1798;DEQNA: RX status type=2 st1=000370 st2=000000 desc=1373062
16539;01:17:40.461555;Dbg;deqna;8525;deqna.cpp;1865;DEQNA: RI set (rx_processed=1 queue=0 rbdl=1373066)
16540;01:17:40.461664;Dbg;deqna;8525;qunibusdevice.cpp;249;update_csr_reg CSR: STA0=177522 STA1=177524 RCLL=177400/172742 RCLH=177422/000005 XMTL=177464/173242 XMTH=177526/000005 VECTOR=000774/000774 CSR=110521/100701
16541;01:17:40.461681;Dbg;deqna;8525;deqna.cpp;643;DEQNA: CSR change prev=010521 now=110521 set=100000 clr=000000
16542;01:17:40.461760;Dbg;deqna;8525;qunibusdevice.cpp;249;update_csr_reg CSR: STA0=177522 STA1=177524 RCLL=177400/172742 RCLH=177422/000005 XMTL=177464/173242 XMTH=177526/000005 VECTOR=000774/000774 CSR=110521/100701
16543;01:17:40.461775;Dbg;deqna;8525;deqna.cpp;586;DEQNA: INTR assert, csr=110521 ie=1
16544;01:17:40.461795;Dbg;deqna;8525;deqna.cpp;724;DEQNA: INTR assert, csr=110521 vec=374 level=5
16545;01:17:40.462016;Dbg;deqna;8519;qunibusdevice.cpp;249;DATO CSR: STA0=177522 STA1=177524 RCLL=177400/172742 RCLH=177422/000005 XMTL=177464/173242 XMTH=177526/000005 VECTOR=000774/000774 CSR=110521/100701
16546;01:17:40.462040;Dbg;deqna;8519;deqna.cpp;1202;DEQNA: Write CSR (reg 7) = 100701 access=0
16547;01:17:40.462128;Dbg;deqna;8519;qunibusdevice.cpp;249;update_csr_reg CSR: STA0=177522 STA1=177524 RCLL=177400/172742 RCLH=177422/000005 XMTL=177464/173242 XMTH=177526/000005 VECTOR=000774/000774 CSR=010521/100701
16548;01:17:40.462140;Dbg;deqna;8519;deqna.cpp;643;DEQNA: CSR change prev=110521 now=010521 set=000501 clr=103216
16549;01:17:40.462164;Dbg;deqna;8519;deqna.cpp;595;DEQNA: INTR deassert, csr=010521 ie=1
16550;01:17:40.462215;Dbg;deqna;8519;deqna.cpp;730;DEQNA: INTR deassert, csr=010521
16551;01:17:40.462307;Dbg;deqna;8526;deqna.cpp;595;DEQNA: INTR deassert, csr=010521 ie=1
16552;01:17:40.464476;Dbg;deqna;8526;deqna.cpp;2095;DEQNA: TX desc_read_words @ 01373256 words=6
16553;01:17:40.464759;Dbg;deqna;8526;deqna.cpp;2108;DEQNA: TX list end (V=0) - XI/XL set desc=1373256
16554;01:17:40.470066;Dbg;deqna;8526;deqna.cpp;2095;DEQNA: TX desc_read_words @ 01373256 words=6
16555;01:17:40.470349;Dbg;deqna;8526;deqna.cpp;2108;DEQNA: TX list end (V=0) - XI/XL set desc=1373256
16556;01:17:40.475773;Dbg;deqna;8526;deqna.cpp;2095;DEQNA: TX desc_read_words @ 01373256 words=6
16557;01:17:40.476075;Dbg;deqna;8526;deqna.cpp;2108;DEQNA: TX list end (V=0) - XI/XL set desc=1373256
16558;01:17:40.481395;Dbg;deqna;8526;deqna.cpp;2095;DEQNA: TX desc_read_words @ 01373256 words=6
16559;01:17:40.481646;Dbg;deqna;8526;deqna.cpp;2108;DEQNA: TX list end (V=0) - XI/XL set desc=1373256
16560;01:17:40.486981;Dbg;deqna;8526;deqna.cpp;2095;DEQNA: TX desc_read_words @ 01373256 words=6
16561;01:17:40.487228;Dbg;deqna;8526;deqna.cpp;2108;DEQNA: TX list end (V=0) - XI/XL set desc=1373256
16562;01:17:40.492537;Dbg;deqna;8526;deqna.cpp;2095;DEQNA: TX desc_read_words @ 01373256 words=6
16563;01:17:40.492773;Dbg;deqna;8526;deqna.cpp;2108;DEQNA: TX list end (V=0) - XI/XL set desc=1373256
16564;01:17:40.498097;Dbg;deqna;8526;deqna.cpp;2095;DEQNA: TX desc_read_words @ 01373256 words=6
16565;01:17:40.498395;Dbg;deqna;8526;deqna.cpp;2108;DEQNA: TX list end (V=0) - XI/XL set desc=1373256
16566;01:17:40.503844;Dbg;deqna;8526;deqna.cpp;2095;DEQNA: TX desc_read_words @ 01373256 words=6
16567;01:17:40.504128;Dbg;deqna;8526;deqna.cpp;2108;DEQNA: TX list end (V=0) - XI/XL set desc=1373256
16568;01:17:40.509479;Dbg;deqna;8526;deqna.cpp;2095;DEQNA: TX desc_read_words @ 01373256 words=6
16569;01:17:40.509746;Dbg;deqna;8526;deqna.cpp;2108;DEQNA: TX list end (V=0) - XI/XL set desc=1373256
16570;01:17:40.515041;Dbg;deqna;8526;deqna.cpp;2095;DEQNA: TX desc_read_words @ 01373256 words=6
16571;01:17:40.515281;Dbg;deqna;8526;deqna.cpp;2108;DEQNA: TX list end (V=0) - XI/XL set desc=1373256
16572;01:17:40.520602;Dbg;deqna;8526;deqna.cpp;2095;DEQNA: TX desc_read_words @ 01373256 words=6
16573;01:17:40.520851;Dbg;deqna;8526;deqna.cpp;2108;DEQNA: TX list end (V=0) - XI/XL set desc=1373256
16574;01:17:40.526174;Dbg;deqna;8526;deqna.cpp;2095;DEQNA: TX desc_read_words @ 01373256 words=6
16575;01:17:40.526460;Dbg;deqna;8526;deqna.cpp;2108;DEQNA: TX list end (V=0) - XI/XL set desc=1373256
16576;01:17:40.531901;Dbg;deqna;8526;deqna.cpp;2095;DEQNA: TX desc_read_words @ 01373256 words=6
16577;01:17:40.532193;Dbg;deqna;8526;deqna.cpp;2108;DEQNA: TX list end (V=0) - XI/XL set desc=1373256
16578;01:17:40.537486;Dbg;deqna;8526;deqna.cpp;2095;DEQNA: TX desc_read_words @ 01373256 words=6
16579;01:17:40.537732;Dbg;deqna;8526;deqna.cpp;2108;DEQNA: TX list end (V=0) - XI/XL set desc=1373256
16580;01:17:40.543065;Dbg;deqna;8526;deqna.cpp;2095;DEQNA: TX desc_read_words @ 01373256 words=6
16581;01:17:40.543308;Dbg;deqna;8526;deqna.cpp;2108;DEQNA: TX list end (V=0) - XI/XL set desc=1373256
16582;01:17:40.548708;Dbg;deqna;8526;deqna.cpp;2095;DEQNA: TX desc_read_words @ 01373256 words=6
16583;01:17:40.548987;Dbg;deqna;8526;deqna.cpp;2108;DEQNA: TX list end (V=0) - XI/XL set desc=1373256
16584;01:17:40.554300;Dbg;deqna;8526;deqna.cpp;2095;DEQNA: TX desc_read_words @ 01373256 words=6
16585;01:17:40.554594;Dbg;deqna;8526;deqna.cpp;2108;DEQNA: TX list end (V=0) - XI/XL set desc=1373256
16586;01:17:40.559848;Dbg;deqna;8525;deqna.cpp;1365;DEQNA: Enqueue RX type=2 len=342 status=000000 queue=0
16587;01:17:40.560174;Dbg;deqna;8525;deqna.cpp;1392;DEQNA: ENQ DBG type=2 len=342 data=ffffffffffff90dd 5d94cc6208004500 014898be0000ff11 21e700000000ffff ffff004400430134 ea9d01010600e806 f78b000800000000 0000000000000000 
16588;01:17:40.560218;Dbg;deqna;8525;deqna.cpp;1613;DEQNA: RX desc_read_words @ 01373066 words=4
16589;01:17:40.560691;Dbg;deqna;8525;deqna.cpp;1721;DEQNA: RX deliver type=2 rbl=342 to addr=01537100 blen=2048 desc=1373066
16590;01:17:40.561208;Dbg;deqna;8525;deqna.cpp;1798;DEQNA: RX status type=2 st1=000770 st2=015032 desc=1373076
16591;01:17:40.561450;Dbg;deqna;8525;deqna.cpp;1865;DEQNA: RI set (rx_processed=1 queue=0 rbdl=1373102)
16592;01:17:40.561554;Dbg;deqna;8525;qunibusdevice.cpp;249;update_csr_reg CSR: STA0=177522 STA1=177524 RCLL=177400/172742 RCLH=177422/000005 XMTL=177464/173242 XMTH=177526/000005 VECTOR=000774/000774 CSR=110521/100701
16593;01:17:40.561570;Dbg;deqna;8525;deqna.cpp;643;DEQNA: CSR change prev=010521 now=110521 set=100000 clr=000000
16594;01:17:40.561651;Dbg;deqna;8525;qunibusdevice.cpp;249;update_csr_reg CSR: STA0=177522 STA1=177524 RCLL=177400/172742 RCLH=177422/000005 XMTL=177464/173242 XMTH=177526/000005 VECTOR=000774/000774 CSR=110521/100701
16595;01:17:40.561666;Dbg;deqna;8525;deqna.cpp;586;DEQNA: INTR assert, csr=110521 ie=1
16596;01:17:40.561685;Dbg;deqna;8525;deqna.cpp;724;DEQNA: INTR assert, csr=110521 vec=374 level=5
16597;01:17:40.561856;Dbg;deqna;8526;deqna.cpp;2095;DEQNA: TX desc_read_words @ 01373256 words=6
16598;01:17:40.562047;Dbg;deqna;8519;qunibusdevice.cpp;249;DATO CSR: STA0=177522 STA1=177524 RCLL=177400/172742 RCLH=177422/000005 XMTL=177464/173242 XMTH=177526/000005 VECTOR=000774/000774 CSR=110521/100701
16599;01:17:40.562067;Dbg;deqna;8519;deqna.cpp;1202;DEQNA: Write CSR (reg 7) = 100701 access=0
16600;01:17:40.562154;Dbg;deqna;8519;qunibusdevice.cpp;249;update_csr_reg CSR: STA0=177522 STA1=177524 RCLL=177400/172742 RCLH=177422/000005 XMTL=177464/173242 XMTH=177526/000005 VECTOR=000774/000774 CSR=010521/100701
16601;01:17:40.562167;Dbg;deqna;8519;deqna.cpp;643;DEQNA: CSR change prev=110521 now=010521 set=000501 clr=103216
16602;01:17:40.562191;Dbg;deqna;8519;deqna.cpp;595;DEQNA: INTR deassert, csr=010521 ie=1
16603;01:17:40.562208;Dbg;deqna;8519;deqna.cpp;730;DEQNA: INTR deassert, csr=010521
16604;01:17:40.562440;Dbg;deqna;8526;deqna.cpp;2108;DEQNA: TX list end (V=0) - XI/XL set desc=1373256
16605;01:17:40.562856;Dbg;deqna;8525;deqna.cpp;595;DEQNA: INTR deassert, csr=010521 ie=1
16606;01:17:40.562925;Dbg;deqna;8525;deqna.cpp;1365;DEQNA: Enqueue RX type=2 len=60 status=000000 queue=0
16607;01:17:40.563162;Dbg;deqna;8525;deqna.cpp;1392;DEQNA: ENQ DBG type=2 len=60 data=ffffffffffff90dd 5d94cc6208060001 08000604000190dd 5d94cc6200000000 000000000000c0a8 017b000000000000 0000000000000000 00000000
16608;01:17:40.563192;Dbg;deqna;8525;deqna.cpp;1613;DEQNA: RX desc_read_words @ 01373102 words=4
16609;01:17:40.563701;Dbg;deqna;8525;deqna.cpp;1721;DEQNA: RX deliver type=2 rbl=60 to addr=01543100 blen=2048 desc=1373102
16610;01:17:40.563979;Dbg;deqna;8525;deqna.cpp;1798;DEQNA: RX status type=2 st1=000370 st2=000000 desc=1373112
16611;01:17:40.564209;Dbg;deqna;8525;deqna.cpp;1865;DEQNA: RI set (rx_processed=1 queue=0 rbdl=1373116)
16612;01:17:40.564305;Dbg;deqna;8525;qunibusdevice.cpp;249;update_csr_reg CSR: STA0=177522 STA1=177524 RCLL=177400/172742 RCLH=177422/000005 XMTL=177464/173242 XMTH=177526/000005 VECTOR=000774/000774 CSR=110521/100701
16613;01:17:40.564319;Dbg;deqna;8525;deqna.cpp;643;DEQNA: CSR change prev=010521 now=110521 set=100000 clr=000000
16614;01:17:40.564396;Dbg;deqna;8525;qunibusdevice.cpp;249;update_csr_reg CSR: STA0=177522 STA1=177524 RCLL=177400/172742 RCLH=177422/000005 XMTL=177464/173242 XMTH=177526/000005 VECTOR=000774/000774 CSR=110521/100701
16615;01:17:40.564411;Dbg;deqna;8525;deqna.cpp;586;DEQNA: INTR assert, csr=110521 ie=1
16616;01:17:40.564428;Dbg;deqna;8525;deqna.cpp;724;DEQNA: INTR assert, csr=110521 vec=374 level=5
16617;01:17:40.564662;Dbg;deqna;8519;qunibusdevice.cpp;249;DATO CSR: STA0=177522 STA1=177524 RCLL=177400/172742 RCLH=177422/000005 XMTL=177464/173242 XMTH=177526/000005 VECTOR=000774/000774 CSR=110521/100701
16618;01:17:40.564681;Dbg;deqna;8519;deqna.cpp;1202;DEQNA: Write CSR (reg 7) = 100701 access=0
16619;01:17:40.564764;Dbg;deqna;8519;qunibusdevice.cpp;249;update_csr_reg CSR: STA0=177522 STA1=177524 RCLL=177400/172742 RCLH=177422/000005 XMTL=177464/173242 XMTH=177526/000005 VECTOR=000774/000774 CSR=010521/100701
16620;01:17:40.564777;Dbg;deqna;8519;deqna.cpp;643;DEQNA: CSR change prev=110521 now=010521 set=000501 clr=103216
16621;01:17:40.564800;Dbg;deqna;8519;deqna.cpp;595;DEQNA: INTR deassert, csr=010521 ie=1
16622;01:17:40.564816;Dbg;deqna;8519;deqna.cpp;730;DEQNA: INTR deassert, csr=010521
16623;01:17:40.564894;Dbg;deqna;8526;deqna.cpp;595;DEQNA: INTR deassert, csr=010521 ie=1
16624;01:17:40.568091;Dbg;deqna;8526;deqna.cpp;2095;DEQNA: TX desc_read_words @ 01373256 words=6
16625;01:17:40.568342;Dbg;deqna;8526;deqna.cpp;2108;DEQNA: TX list end (V=0) - XI/XL set desc=1373256
16626;01:17:40.573648;Dbg;deqna;8526;deqna.cpp;2095;DEQNA: TX desc_read_words @ 01373256 words=6
16627;01:17:40.573900;Dbg;deqna;8526;deqna.cpp;2108;DEQNA: TX list end (V=0) - XI/XL set desc=1373256
16628;01:17:40.579236;Dbg;deqna;8526;deqna.cpp;2095;DEQNA: TX desc_read_words @ 01373256 words=6
16629;01:17:40.579548;Dbg;deqna;8526;deqna.cpp;2108;DEQNA: TX list end (V=0) - XI/XL set desc=1373256
16630;01:17:40.584988;Dbg;deqna;8526;deqna.cpp;2095;DEQNA: TX desc_read_words @ 01373256 words=6
16631;01:17:40.585271;Dbg;deqna;8526;deqna.cpp;2108;DEQNA: TX list end (V=0) - XI/XL set desc=1373256
16632;01:17:40.590594;Dbg;deqna;8526;deqna.cpp;2095;DEQNA: TX desc_read_words @ 01373256 words=6
16633;01:17:40.590840;Dbg;deqna;8526;deqna.cpp;2108;DEQNA: TX list end (V=0) - XI/XL set desc=1373256
16634;01:17:40.596134;Dbg;deqna;8526;deqna.cpp;2095;DEQNA: TX desc_read_words @ 01373256 words=6
16635;01:17:40.596379;Dbg;deqna;8526;deqna.cpp;2108;DEQNA: TX list end (V=0) - XI/XL set desc=1373256
16636;01:17:40.601684;Dbg;deqna;8526;deqna.cpp;2095;DEQNA: TX desc_read_words @ 01373256 words=6
16637;01:17:40.601932;Dbg;deqna;8526;deqna.cpp;2108;DEQNA: TX list end (V=0) - XI/XL set desc=1373256
16638;01:17:40.607278;Dbg;deqna;8526;deqna.cpp;2095;DEQNA: TX desc_read_words @ 01373256 words=6
16639;01:17:40.607593;Dbg;deqna;8526;deqna.cpp;2108;DEQNA: TX list end (V=0) - XI/XL set desc=1373256
16640;01:17:40.613041;Dbg;deqna;8526;deqna.cpp;2095;DEQNA: TX desc_read_words @ 01373256 words=6
16641;01:17:40.613368;Dbg;deqna;8526;deqna.cpp;2108;DEQNA: TX list end (V=0) - XI/XL set desc=1373256
16642;01:17:40.618700;Dbg;deqna;8526;deqna.cpp;2095;DEQNA: TX desc_read_words @ 01373256 words=6
16643;01:17:40.618944;Dbg;deqna;8526;deqna.cpp;2108;DEQNA: TX list end (V=0) - XI/XL set desc=1373256
16644;01:17:40.624270;Dbg;deqna;8526;deqna.cpp;2095;DEQNA: TX desc_read_words @ 01373256 words=6
16645;01:17:40.624516;Dbg;deqna;8526;deqna.cpp;2108;DEQNA: TX list end (V=0) - XI/XL set desc=1373256
16646;01:17:40.629851;Dbg;deqna;8526;deqna.cpp;2095;DEQNA: TX desc_read_words @ 01373256 words=6
16647;01:17:40.630111;Dbg;deqna;8526;deqna.cpp;2108;DEQNA: TX list end (V=0) - XI/XL set desc=1373256
16648;01:17:40.635524;Dbg;deqna;8526;deqna.cpp;2095;DEQNA: TX desc_read_words @ 01373256 words=6
16649;01:17:40.635797;Dbg;deqna;8526;deqna.cpp;2108;DEQNA: TX list end (V=0) - XI/XL set desc=1373256
16650;01:17:40.641231;Dbg;deqna;8526;deqna.cpp;2095;DEQNA: TX desc_read_words @ 01373256 words=6
16651;01:17:40.641515;Dbg;deqna;8526;deqna.cpp;2108;DEQNA: TX list end (V=0) - XI/XL set desc=1373256
16652;01:17:40.646846;Dbg;deqna;8526;deqna.cpp;2095;DEQNA: TX desc_read_words @ 01373256 words=6
16653;01:17:40.647088;Dbg;deqna;8526;deqna.cpp;2108;DEQNA: TX list end (V=0) - XI/XL set desc=1373256
16654;01:17:40.652393;Dbg;deqna;8526;deqna.cpp;2095;DEQNA: TX desc_read_words @ 01373256 words=6
16655;01:17:40.652629;Dbg;deqna;8526;deqna.cpp;2108;DEQNA: TX list end (V=0) - XI/XL set desc=1373256
16656;01:17:40.657944;Dbg;deqna;8526;deqna.cpp;2095;DEQNA: TX desc_read_words @ 01373256 words=6
16657;01:17:40.658186;Dbg;deqna;8526;deqna.cpp;2108;DEQNA: TX list end (V=0) - XI/XL set desc=1373256
16658;01:17:40.663538;Dbg;deqna;8526;deqna.cpp;2095;DEQNA: TX desc_read_words @ 01373256 words=6
16659;01:17:40.663859;Dbg;deqna;8526;deqna.cpp;2108;DEQNA: TX list end (V=0) - XI/XL set desc=1373256
16660;01:17:40.669325;Dbg;deqna;8526;deqna.cpp;2095;DEQNA: TX desc_read_words @ 01373256 words=6
16661;01:17:40.669645;Dbg;deqna;8526;deqna.cpp;2108;DEQNA: TX list end (V=0) - XI/XL set desc=1373256
16662;01:17:40.674943;Dbg;deqna;8526;deqna.cpp;2095;DEQNA: TX desc_read_words @ 01373256 words=6
16663;01:17:40.675180;Dbg;deqna;8526;deqna.cpp;2108;DEQNA: TX list end (V=0) - XI/XL set desc=1373256
16664;01:17:40.679828;Dbg;deqna;8525;deqna.cpp;1365;DEQNA: Enqueue RX type=2 len=60 status=000000 queue=0
16665;01:17:40.680087;Dbg;deqna;8525;deqna.cpp;1392;DEQNA: ENQ DBG type=2 len=60 data=ffffffffffff6c63 f898f73108060001 0800060400016c63 f898f731c0a8010c 000000000000c0a8 010c000000000000 0000000000000000 00000000
16666;01:17:40.680126;Dbg;deqna;8525;deqna.cpp;1613;DEQNA: RX desc_read_words @ 01373116 words=4
16667;01:17:40.680575;Dbg;deqna;8525;deqna.cpp;1721;DEQNA: RX deliver type=2 rbl=60 to addr=01547100 blen=2048 desc=1373116
16668;01:17:40.680933;Dbg;deqna;8525;deqna.cpp;1798;DEQNA: RX status type=2 st1=000370 st2=000000 desc=1373126
16669;01:17:40.681169;Dbg;deqna;8525;deqna.cpp;1865;DEQNA: RI set (rx_processed=1 queue=0 rbdl=1373132)
16670;01:17:40.681273;Dbg;deqna;8525;qunibusdevice.cpp;249;update_csr_reg CSR: STA0=177522 STA1=177524 RCLL=177400/172742 RCLH=177422/000005 XMTL=177464/173242 XMTH=177526/000005 VECTOR=000774/000774 CSR=110521/100701
16671;01:17:40.681290;Dbg;deqna;8525;deqna.cpp;643;DEQNA: CSR change prev=010521 now=110521 set=100000 clr=000000
16672;01:17:40.681370;Dbg;deqna;8525;qunibusdevice.cpp;249;update_csr_reg CSR: STA0=177522 STA1=177524 RCLL=177400/172742 RCLH=177422/000005 XMTL=177464/173242 XMTH=177526/000005 VECTOR=000774/000774 CSR=110521/100701
16673;01:17:40.681386;Dbg;deqna;8525;deqna.cpp;586;DEQNA: INTR assert, csr=110521 ie=1
16674;01:17:40.681405;Dbg;deqna;8525;deqna.cpp;724;DEQNA: INTR assert, csr=110521 vec=374 level=5
16675;01:17:40.681533;Dbg;deqna;8526;deqna.cpp;2095;DEQNA: TX desc_read_words @ 01373256 words=6
16676;01:17:40.681719;Dbg;deqna;8519;qunibusdevice.cpp;249;DATO CSR: STA0=177522 STA1=177524 RCLL=177400/172742 RCLH=177422/000005 XMTL=177464/173242 XMTH=177526/000005 VECTOR=000774/000774 CSR=110521/100701
16677;01:17:40.681739;Dbg;deqna;8519;deqna.cpp;1202;DEQNA: Write CSR (reg 7) = 100701 access=0
16678;01:17:40.681822;Dbg;deqna;8519;qunibusdevice.cpp;249;update_csr_reg CSR: STA0=177522 STA1=177524 RCLL=177400/172742 RCLH=177422/000005 XMTL=177464/173242 XMTH=177526/000005 VECTOR=000774/000774 CSR=010521/100701
16679;01:17:40.681835;Dbg;deqna;8519;deqna.cpp;643;DEQNA: CSR change prev=110521 now=010521 set=000501 clr=103216
16680;01:17:40.681858;Dbg;deqna;8519;deqna.cpp;595;DEQNA: INTR deassert, csr=010521 ie=1
16681;01:17:40.681875;Dbg;deqna;8519;deqna.cpp;730;DEQNA: INTR deassert, csr=010521
16682;01:17:40.682106;Dbg;deqna;8526;deqna.cpp;2108;DEQNA: TX list end (V=0) - XI/XL set desc=1373256
16683;01:17:40.682541;Dbg;deqna;8525;deqna.cpp;595;DEQNA: INTR deassert, csr=010521 ie=1
16684;01:17:40.687435;Dbg;deqna;8526;deqna.cpp;2095;DEQNA: TX desc_read_words @ 01373256 words=6
16685;01:17:40.687690;Dbg;deqna;8526;deqna.cpp;2108;DEQNA: TX list end (V=0) - XI/XL set desc=1373256
16686;01:17:40.692995;Dbg;deqna;8526;deqna.cpp;2095;DEQNA: TX desc_read_words @ 01373256 words=6
16687;01:17:40.693319;Dbg;deqna;8526;deqna.cpp;2108;DEQNA: TX list end (V=0) - XI/XL set desc=1373256
16688;01:17:40.698687;Dbg;deqna;8526;deqna.cpp;2095;DEQNA: TX desc_read_words @ 01373256 words=6
16689;01:17:40.698941;Dbg;deqna;8526;deqna.cpp;2108;DEQNA: TX list end (V=0) - XI/XL set desc=1373256
16690;01:17:40.704266;Dbg;deqna;8526;deqna.cpp;2095;DEQNA: TX desc_read_words @ 01373256 words=6
16691;01:17:40.704507;Dbg;deqna;8526;deqna.cpp;2108;DEQNA: TX list end (V=0) - XI/XL set desc=1373256
16692;01:17:40.709881;Dbg;deqna;8526;deqna.cpp;2095;DEQNA: TX desc_read_words @ 01373256 words=6
16693;01:17:40.710155;Dbg;deqna;8526;deqna.cpp;2108;DEQNA: TX list end (V=0) - XI/XL set desc=1373256
16694;01:17:40.715587;Dbg;deqna;8526;deqna.cpp;2095;DEQNA: TX desc_read_words @ 01373256 words=6
16695;01:17:40.716049;Dbg;deqna;8526;deqna.cpp;2108;DEQNA: TX list end (V=0) - XI/XL set desc=1373256
16696;01:17:40.721768;Dbg;deqna;8526;deqna.cpp;2095;DEQNA: TX desc_read_words @ 01373256 words=6
16697;01:17:40.722252;Dbg;deqna;8526;deqna.cpp;2108;DEQNA: TX list end (V=0) - XI/XL set desc=1373256
16698;01:17:40.727732;Dbg;deqna;8526;deqna.cpp;2095;DEQNA: TX desc_read_words @ 01373256 words=6
16699;01:17:40.728160;Dbg;deqna;8526;deqna.cpp;2108;DEQNA: TX list end (V=0) - XI/XL set desc=1373256
16700;01:17:40.733671;Dbg;deqna;8526;deqna.cpp;2095;DEQNA: TX desc_read_words @ 01373256 words=6
16701;01:17:40.734075;Dbg;deqna;8526;deqna.cpp;2108;DEQNA: TX list end (V=0) - XI/XL set desc=1373256
16702;01:17:40.739632;Dbg;deqna;8526;deqna.cpp;2095;DEQNA: TX desc_read_words @ 01373256 words=6
16703;01:17:40.740095;Dbg;deqna;8525;deqna.cpp;1365;DEQNA: Enqueue RX type=2 len=60 status=000000 queue=0
16704;01:17:40.740374;Dbg;deqna;8525;deqna.cpp;1392;DEQNA: ENQ DBG type=2 len=60 data=ffffffffffff0241 d4d1bd2b08060001 0800060400010241 d4d1bd2bc0a801c2 000000000000c0a8 01c2000000000000 0000000000000000 00000000
16705;01:17:40.740461;Dbg;deqna;8526;deqna.cpp;2108;DEQNA: TX list end (V=0) - XI/XL set desc=1373256
16706;01:17:40.740555;Dbg;deqna;8525;deqna.cpp;1613;DEQNA: RX desc_read_words @ 01373132 words=4
16707;01:17:40.741000;Dbg;deqna;8525;deqna.cpp;1721;DEQNA: RX deliver type=2 rbl=60 to addr=01553100 blen=2048 desc=1373132
16708;01:17:40.741275;Dbg;deqna;8525;deqna.cpp;1798;DEQNA: RX status type=2 st1=000370 st2=000000 desc=1373142
16709;01:17:40.741509;Dbg;deqna;8525;deqna.cpp;1865;DEQNA: RI set (rx_processed=1 queue=0 rbdl=1373146)
16710;01:17:40.741649;Dbg;deqna;8525;qunibusdevice.cpp;249;update_csr_reg CSR: STA0=177522 STA1=177524 RCLL=177400/172742 RCLH=177422/000005 XMTL=177464/173242 XMTH=177526/000005 VECTOR=000774/000774 CSR=110521/100701
16711;01:17:40.741666;Dbg;deqna;8525;deqna.cpp;643;DEQNA: CSR change prev=010521 now=110521 set=100000 clr=000000
16712;01:17:40.741745;Dbg;deqna;8525;qunibusdevice.cpp;249;update_csr_reg CSR: STA0=177522 STA1=177524 RCLL=177400/172742 RCLH=177422/000005 XMTL=177464/173242 XMTH=177526/000005 VECTOR=000774/000774 CSR=110521/100701
16713;01:17:40.741760;Dbg;deqna;8525;deqna.cpp;586;DEQNA: INTR assert, csr=110521 ie=1
16714;01:17:40.741778;Dbg;deqna;8525;deqna.cpp;724;DEQNA: INTR assert, csr=110521 vec=374 level=5
16715;01:17:40.742098;Dbg;deqna;8519;qunibusdevice.cpp;249;DATO CSR: STA0=177522 STA1=177524 RCLL=177400/172742 RCLH=177422/000005 XMTL=177464/173242 XMTH=177526/000005 VECTOR=000774/000774 CSR=110521/100701
16716;01:17:40.742121;Dbg;deqna;8519;deqna.cpp;1202;DEQNA: Write CSR (reg 7) = 100701 access=0
16717;01:17:40.742212;Dbg;deqna;8519;qunibusdevice.cpp;249;update_csr_reg CSR: STA0=177522 STA1=177524 RCLL=177400/172742 RCLH=177422/000005 XMTL=177464/173242 XMTH=177526/000005 VECTOR=000774/000774 CSR=010521/100701
16718;01:17:40.742224;Dbg;deqna;8519;deqna.cpp;643;DEQNA: CSR change prev=110521 now=010521 set=000501 clr=103216
16719;01:17:40.742247;Dbg;deqna;8519;deqna.cpp;595;DEQNA: INTR deassert, csr=010521 ie=1
16720;01:17:40.742264;Dbg;deqna;8519;deqna.cpp;730;DEQNA: INTR deassert, csr=010521
16721;01:17:40.743003;Dbg;deqna;8525;deqna.cpp;595;DEQNA: INTR deassert, csr=010521 ie=1
16722;01:17:40.746550;Dbg;deqna;8526;deqna.cpp;2095;DEQNA: TX desc_read_words @ 01373256 words=6
16723;01:17:40.746913;Dbg;deqna;8526;deqna.cpp;2108;DEQNA: TX list end (V=0) - XI/XL set desc=1373256
16724;01:17:40.752292;Dbg;deqna;8526;deqna.cpp;2095;DEQNA: TX desc_read_words @ 01373256 words=6
16725;01:17:40.752574;Dbg;deqna;8526;deqna.cpp;2108;DEQNA: TX list end (V=0) - XI/XL set desc=1373256
16726;01:17:40.757959;Dbg;deqna;8526;deqna.cpp;2095;DEQNA: TX desc_read_words @ 01373256 words=6
16727;01:17:40.758251;Dbg;deqna;8526;deqna.cpp;2108;DEQNA: TX list end (V=0) - XI/XL set desc=1373256
16728;01:17:40.763738;Dbg;deqna;8526;deqna.cpp;2095;DEQNA: TX desc_read_words @ 01373256 words=6
16729;01:17:40.764091;Dbg;deqna;8526;deqna.cpp;2108;DEQNA: TX list end (V=0) - XI/XL set desc=1373256
16730;01:17:40.769560;Dbg;deqna;8526;deqna.cpp;2095;DEQNA: TX desc_read_words @ 01373256 words=6
16731;01:17:40.769893;Dbg;deqna;8526;deqna.cpp;2108;DEQNA: TX list end (V=0) - XI/XL set desc=1373256
16732;01:17:40.775247;Dbg;deqna;8526;deqna.cpp;2095;DEQNA: TX desc_read_words @ 01373256 words=6
16733;01:17:40.775538;Dbg;deqna;8526;deqna.cpp;2108;DEQNA: TX list end (V=0) - XI/XL set desc=1373256
16734;01:17:40.780838;Dbg;deqna;8526;deqna.cpp;2095;DEQNA: TX desc_read_words @ 01373256 words=6
16735;01:17:40.781136;Dbg;deqna;8526;deqna.cpp;2108;DEQNA: TX list end (V=0) - XI/XL set desc=1373256
16736;01:17:40.786512;Dbg;deqna;8526;deqna.cpp;2095;DEQNA: TX desc_read_words @ 01373256 words=6
16737;01:17:40.786809;Dbg;deqna;8526;deqna.cpp;2108;DEQNA: TX list end (V=0) - XI/XL set desc=1373256
16738;01:17:40.792211;Dbg;deqna;8526;deqna.cpp;2095;DEQNA: TX desc_read_words @ 01373256 words=6
16739;01:17:40.792541;Dbg;deqna;8526;deqna.cpp;2108;DEQNA: TX list end (V=0) - XI/XL set desc=1373256
16740;01:17:40.798042;Dbg;deqna;8526;deqna.cpp;2095;DEQNA: TX desc_read_words @ 01373256 words=6
16741;01:17:40.798415;Dbg;deqna;8526;deqna.cpp;2108;DEQNA: TX list end (V=0) - XI/XL set desc=1373256
16742;01:17:40.803697;Dbg;deqna;8526;deqna.cpp;2095;DEQNA: TX desc_read_words @ 01373256 words=6
16743;01:17:40.803982;Dbg;deqna;8526;deqna.cpp;2108;DEQNA: TX list end (V=0) - XI/XL set desc=1373256
16744;01:17:40.809292;Dbg;deqna;8526;deqna.cpp;2095;DEQNA: TX desc_read_words @ 01373256 words=6
16745;01:17:40.809626;Dbg;deqna;8526;deqna.cpp;2108;DEQNA: TX list end (V=0) - XI/XL set desc=1373256
16746;01:17:40.814995;Dbg;deqna;8526;deqna.cpp;2095;DEQNA: TX desc_read_words @ 01373256 words=6
16747;01:17:40.815284;Dbg;deqna;8526;deqna.cpp;2108;DEQNA: TX list end (V=0) - XI/XL set desc=1373256
16748;01:17:40.819869;Dbg;deqna;8525;deqna.cpp;1365;DEQNA: Enqueue RX type=2 len=60 status=000000 queue=0
16749;01:17:40.820044;Dbg;deqna;8525;deqna.cpp;1392;DEQNA: ENQ DBG type=2 len=60 data=ffffffffffff2870 4e38d94008060001 0800060400012870 4e38d940c0a80101 000000000000c0a8 0097000000000000 0000000000000000 00000000
16750;01:17:40.820065;Dbg;deqna;8525;deqna.cpp;1613;DEQNA: RX desc_read_words @ 01373146 words=4
16751;01:17:40.820742;Dbg;deqna;8525;deqna.cpp;1721;DEQNA: RX deliver type=2 rbl=60 to addr=01557100 blen=2048 desc=1373146
16752;01:17:40.820979;Dbg;deqna;8525;deqna.cpp;1798;DEQNA: RX status type=2 st1=000370 st2=000000 desc=1373156
16753;01:17:40.821115;Dbg;deqna;8525;deqna.cpp;1865;DEQNA: RI set (rx_processed=1 queue=0 rbdl=1373162)
16754;01:17:40.821176;Dbg;deqna;8525;qunibusdevice.cpp;249;update_csr_reg CSR: STA0=177522 STA1=177524 RCLL=177400/172742 RCLH=177422/000005 XMTL=177464/173242 XMTH=177526/000005 VECTOR=000774/000774 CSR=110521/100701
16755;01:17:40.821186;Dbg;deqna;8525;deqna.cpp;643;DEQNA: CSR change prev=010521 now=110521 set=100000 clr=000000
16756;01:17:40.821226;Dbg;deqna;8525;qunibusdevice.cpp;249;update_csr_reg CSR: STA0=177522 STA1=177524 RCLL=177400/172742 RCLH=177422/000005 XMTL=177464/173242 XMTH=177526/000005 VECTOR=000774/000774 CSR=110521/100701
16757;01:17:40.821235;Dbg;deqna;8525;deqna.cpp;586;DEQNA: INTR assert, csr=110521 ie=1
16758;01:17:40.821245;Dbg;deqna;8525;deqna.cpp;724;DEQNA: INTR assert, csr=110521 vec=374 level=5
16759;01:17:40.821309;Dbg;deqna;8526;deqna.cpp;2095;DEQNA: TX desc_read_words @ 01373256 words=6
16760;01:17:40.821433;Dbg;deqna;8519;qunibusdevice.cpp;249;DATO CSR: STA0=177522 STA1=177524 RCLL=177400/172742 RCLH=177422/000005 XMTL=177464/173242 XMTH=177526/000005 VECTOR=000774/000774 CSR=110521/100701
16761;01:17:40.821447;Dbg;deqna;8519;deqna.cpp;1202;DEQNA: Write CSR (reg 7) = 100701 access=0
16762;01:17:40.821495;Dbg;deqna;8519;qunibusdevice.cpp;249;update_csr_reg CSR: STA0=177522 STA1=177524 RCLL=177400/172742 RCLH=177422/000005 XMTL=177464/173242 XMTH=177526/000005 VECTOR=000774/000774 CSR=010521/100701
16763;01:17:40.821502;Dbg;deqna;8519;deqna.cpp;643;DEQNA: CSR change prev=110521 now=010521 set=000501 clr=103216
16764;01:17:40.821515;Dbg;deqna;8519;deqna.cpp;595;DEQNA: INTR deassert, csr=010521 ie=1
16765;01:17:40.821524;Dbg;deqna;8519;deqna.cpp;730;DEQNA: INTR deassert, csr=010521
16766;01:17:40.821597;Dbg;deqna;8526;deqna.cpp;2108;DEQNA: TX list end (V=0) - XI/XL set desc=1373256
16767;01:17:40.822339;Dbg;deqna;8525;deqna.cpp;595;DEQNA: INTR deassert, csr=010521 ie=1
16768;01:17:40.822398;Dbg;deqna;8525;deqna.cpp;1365;DEQNA: Enqueue RX type=2 len=60 status=000000 queue=0
16769;01:17:40.822524;Dbg;deqna;8525;deqna.cpp;1392;DEQNA: ENQ DBG type=2 len=60 data=ffffffffffff2870 4e38d94008060001 0800060400012870 4e38d940c0a80101 000000000000c0a8 0178000000000000 0000000000000000 00000000
16770;01:17:40.822542;Dbg;deqna;8525;deqna.cpp;1613;DEQNA: RX desc_read_words @ 01373162 words=4
16771;01:17:40.822869;Dbg;deqna;8525;deqna.cpp;1721;DEQNA: RX deliver type=2 rbl=60 to addr=01563100 blen=2048 desc=1373162
16772;01:17:40.823070;Dbg;deqna;8525;deqna.cpp;1798;DEQNA: RX status type=2 st1=000370 st2=000000 desc=1373172
16773;01:17:40.823202;Dbg;deqna;8525;deqna.cpp;1865;DEQNA: RI set (rx_processed=1 queue=0 rbdl=1373176)
16774;01:17:40.823255;Dbg;deqna;8525;qunibusdevice.cpp;249;update_csr_reg CSR: STA0=177522 STA1=177524 RCLL=177400/172742 RCLH=177422/000005 XMTL=177464/173242 XMTH=177526/000005 VECTOR=000774/000774 CSR=110521/100701
16775;01:17:40.823262;Dbg;deqna;8525;deqna.cpp;643;DEQNA: CSR change prev=010521 now=110521 set=100000 clr=000000
16776;01:17:40.823302;Dbg;deqna;8525;qunibusdevice.cpp;249;update_csr_reg CSR: STA0=177522 STA1=177524 RCLL=177400/172742 RCLH=177422/000005 XMTL=177464/173242 XMTH=177526/000005 VECTOR=000774/000774 CSR=110521/100701
16777;01:17:40.823310;Dbg;deqna;8525;deqna.cpp;586;DEQNA: INTR assert, csr=110521 ie=1
16778;01:17:40.823319;Dbg;deqna;8525;deqna.cpp;724;DEQNA: INTR assert, csr=110521 vec=374 level=5
16779;01:17:40.823509;Dbg;deqna;8519;qunibusdevice.cpp;249;DATO CSR: STA0=177522 STA1=177524 RCLL=177400/172742 RCLH=177422/000005 XMTL=177464/173242 XMTH=177526/000005 VECTOR=000774/000774 CSR=110521/100701
16780;01:17:40.823521;Dbg;deqna;8519;deqna.cpp;1202;DEQNA: Write CSR (reg 7) = 100701 access=0
16781;01:17:40.823564;Dbg;deqna;8519;qunibusdevice.cpp;249;update_csr_reg CSR: STA0=177522 STA1=177524 RCLL=177400/172742 RCLH=177422/000005 XMTL=177464/173242 XMTH=177526/000005 VECTOR=000774/000774 CSR=010521/100701
16782;01:17:40.823571;Dbg;deqna;8519;deqna.cpp;643;DEQNA: CSR change prev=110521 now=010521 set=000501 clr=103216
16783;01:17:40.823582;Dbg;deqna;8519;deqna.cpp;595;DEQNA: INTR deassert, csr=010521 ie=1
16784;01:17:40.823592;Dbg;deqna;8519;deqna.cpp;730;DEQNA: INTR deassert, csr=010521
16785;01:17:40.823707;Dbg;deqna;8526;deqna.cpp;595;DEQNA: INTR deassert, csr=010521 ie=1
16786;01:17:40.824428;Dbg;deqna;8525;deqna.cpp;1365;DEQNA: Enqueue RX type=2 len=60 status=000000 queue=0
16787;01:17:40.824565;Dbg;deqna;8525;deqna.cpp;1392;DEQNA: ENQ DBG type=2 len=60 data=ffffffffffff2870 4e38d94008060001 0800060400012870 4e38d940c0a80101 000000000000c0a8 009a000000000000 0000000000000000 00000000
16788;01:17:40.824583;Dbg;deqna;8525;deqna.cpp;1613;DEQNA: RX desc_read_words @ 01373176 words=4
16789;01:17:40.824799;Dbg;deqna;8525;deqna.cpp;1613;DEQNA: RX desc_read_words @ 01372742 words=4
16790;01:17:40.825054;Dbg;deqna;8525;deqna.cpp;1721;DEQNA: RX deliver type=2 rbl=60 to addr=01503100 blen=2048 desc=1372742
16791;01:17:40.825244;Dbg;deqna;8525;deqna.cpp;1798;DEQNA: RX status type=2 st1=000370 st2=000000 desc=1372752
16792;01:17:40.825374;Dbg;deqna;8525;deqna.cpp;1865;DEQNA: RI set (rx_processed=1 queue=0 rbdl=1372756)
16793;01:17:40.825428;Dbg;deqna;8525;qunibusdevice.cpp;249;update_csr_reg CSR: STA0=177522 STA1=177524 RCLL=177400/172742 RCLH=177422/000005 XMTL=177464/173242 XMTH=177526/000005 VECTOR=000774/000774 CSR=110521/100701
16794;01:17:40.825437;Dbg;deqna;8525;deqna.cpp;643;DEQNA: CSR change prev=010521 now=110521 set=100000 clr=000000
16795;01:17:40.825477;Dbg;deqna;8525;qunibusdevice.cpp;249;update_csr_reg CSR: STA0=177522 STA1=177524 RCLL=177400/172742 RCLH=177422/000005 XMTL=177464/173242 XMTH=177526/000005 VECTOR=000774/000774 CSR=110521/100701
16796;01:17:40.825484;Dbg;deqna;8525;deqna.cpp;586;DEQNA: INTR assert, csr=110521 ie=1
16797;01:17:40.825494;Dbg;deqna;8525;deqna.cpp;724;DEQNA: INTR assert, csr=110521 vec=374 level=5
16798;01:17:40.825667;Dbg;deqna;8519;qunibusdevice.cpp;249;DATO CSR: STA0=177522 STA1=177524 RCLL=177400/172742 RCLH=177422/000005 XMTL=177464/173242 XMTH=177526/000005 VECTOR=000774/000774 CSR=110521/100701
16799;01:17:40.825679;Dbg;deqna;8519;deqna.cpp;1202;DEQNA: Write CSR (reg 7) = 100701 access=0
16800;01:17:40.825725;Dbg;deqna;8519;qunibusdevice.cpp;249;update_csr_reg CSR: STA0=177522 STA1=177524 RCLL=177400/172742 RCLH=177422/000005 XMTL=177464/173242 XMTH=177526/000005 VECTOR=000774/000774 CSR=010521/100701
16801;01:17:40.825732;Dbg;deqna;8519;deqna.cpp;643;DEQNA: CSR change prev=110521 now=010521 set=000501 clr=103216
16802;01:17:40.825743;Dbg;deqna;8519;deqna.cpp;595;DEQNA: INTR deassert, csr=010521 ie=1
16803;01:17:40.825751;Dbg;deqna;8519;deqna.cpp;730;DEQNA: INTR deassert, csr=010521
16804;01:17:40.825911;Dbg;deqna;8526;deqna.cpp;595;DEQNA: INTR deassert, csr=010521 ie=1
16805;01:17:40.826610;Dbg;deqna;8525;deqna.cpp;1365;DEQNA: Enqueue RX type=2 len=60 status=000000 queue=0
16806;01:17:40.826751;Dbg;deqna;8525;deqna.cpp;1392;DEQNA: ENQ DBG type=2 len=60 data=ffffffffffff2870 4e38d94008060001 0800060400012870 4e38d940c0a80101 000000000000c0a8 0196000000000000 0000000000000000 00000000
16807;01:17:40.826771;Dbg;deqna;8525;deqna.cpp;1613;DEQNA: RX desc_read_words @ 01372756 words=4
16808;01:17:40.827125;Dbg;deqna;8525;deqna.cpp;1721;DEQNA: RX deliver type=2 rbl=60 to addr=01507100 blen=2048 desc=1372756
16809;01:17:40.827320;Dbg;deqna;8525;deqna.cpp;1798;DEQNA: RX status type=2 st1=000370 st2=000000 desc=1372766
16810;01:17:40.827455;Dbg;deqna;8525;deqna.cpp;1865;DEQNA: RI set (rx_processed=1 queue=0 rbdl=1372772)
16811;01:17:40.827510;Dbg;deqna;8525;qunibusdevice.cpp;249;update_csr_reg CSR: STA0=177522 STA1=177524 RCLL=177400/172742 RCLH=177422/000005 XMTL=177464/173242 XMTH=177526/000005 VECTOR=000774/000774 CSR=110521/100701
16812;01:17:40.827519;Dbg;deqna;8525;deqna.cpp;643;DEQNA: CSR change prev=010521 now=110521 set=100000 clr=000000
16813;01:17:40.827559;Dbg;deqna;8525;qunibusdevice.cpp;249;update_csr_reg CSR: STA0=177522 STA1=177524 RCLL=177400/172742 RCLH=177422/000005 XMTL=177464/173242 XMTH=177526/000005 VECTOR=000774/000774 CSR=110521/100701
16814;01:17:40.827567;Dbg;deqna;8525;deqna.cpp;586;DEQNA: INTR assert, csr=110521 ie=1
16815;01:17:40.827576;Dbg;deqna;8525;deqna.cpp;724;DEQNA: INTR assert, csr=110521 vec=374 level=5
16816;01:17:40.827636;Dbg;deqna;8526;deqna.cpp;2095;DEQNA: TX desc_read_words @ 01373256 words=6
16817;01:17:40.827754;Dbg;deqna;8519;qunibusdevice.cpp;249;DATO CSR: STA0=177522 STA1=177524 RCLL=177400/172742 RCLH=177422/000005 XMTL=177464/173242 XMTH=177526/000005 VECTOR=000774/000774 CSR=110521/100701
16818;01:17:40.827766;Dbg;deqna;8519;deqna.cpp;1202;DEQNA: Write CSR (reg 7) = 100701 access=0
16819;01:17:40.827809;Dbg;deqna;8519;qunibusdevice.cpp;249;update_csr_reg CSR: STA0=177522 STA1=177524 RCLL=177400/172742 RCLH=177422/000005 XMTL=177464/173242 XMTH=177526/000005 VECTOR=000774/000774 CSR=010521/100701
16820;01:17:40.827816;Dbg;deqna;8519;deqna.cpp;643;DEQNA: CSR change prev=110521 now=010521 set=000501 clr=103216
16821;01:17:40.827828;Dbg;deqna;8519;deqna.cpp;595;DEQNA: INTR deassert, csr=010521 ie=1
16822;01:17:40.827836;Dbg;deqna;8519;deqna.cpp;730;DEQNA: INTR deassert, csr=010521
16823;01:17:40.827906;Dbg;deqna;8526;deqna.cpp;2108;DEQNA: TX list end (V=0) - XI/XL set desc=1373256
16824;01:17:40.828772;Dbg;deqna;8525;deqna.cpp;595;DEQNA: INTR deassert, csr=010521 ie=1
16825;01:17:40.833125;Dbg;deqna;8526;deqna.cpp;2095;DEQNA: TX desc_read_words @ 01373256 words=6
16826;01:17:40.833377;Dbg;deqna;8526;deqna.cpp;2108;DEQNA: TX list end (V=0) - XI/XL set desc=1373256
16827;01:17:40.838560;Dbg;deqna;8526;deqna.cpp;2095;DEQNA: TX desc_read_words @ 01373256 words=6
16828;01:17:40.838807;Dbg;deqna;8526;deqna.cpp;2108;DEQNA: TX list end (V=0) - XI/XL set desc=1373256
16829;01:17:40.839268;Dbg;deqna;8525;deqna.cpp;1365;DEQNA: Enqueue RX type=2 len=219 status=000000 queue=0
16830;01:17:40.839424;Dbg;deqna;8525;deqna.cpp;1392;DEQNA: ENQ DBG type=2 len=219 data=ffffffffffff0010 752b42e908004500 00cd000040004011 781ec0a8015affff ffffe2a004d200b9 65e648656c6c6f20 74686572652e2049 20616d2061742031 
16831;01:17:40.839449;Dbg;deqna;8525;deqna.cpp;1613;DEQNA: RX desc_read_words @ 01372772 words=4
16832;01:17:40.839703;Dbg;deqna;8525;deqna.cpp;1721;DEQNA: RX deliver type=2 rbl=219 to addr=01513100 blen=2048 desc=1372772
16833;01:17:40.840197;Dbg;deqna;8525;deqna.cpp;1798;DEQNA: RX status type=2 st1=000370 st2=117637 desc=1373002
16834;01:17:40.840323;Dbg;deqna;8525;deqna.cpp;1865;DEQNA: RI set (rx_processed=1 queue=0 rbdl=1373006)
16835;01:17:40.840381;Dbg;deqna;8525;qunibusdevice.cpp;249;update_csr_reg CSR: STA0=177522 STA1=177524 RCLL=177400/172742 RCLH=177422/000005 XMTL=177464/173242 XMTH=177526/000005 VECTOR=000774/000774 CSR=110521/100701
16836;01:17:40.840389;Dbg;deqna;8525;deqna.cpp;643;DEQNA: CSR change prev=010521 now=110521 set=100000 clr=000000
16837;01:17:40.840430;Dbg;deqna;8525;qunibusdevice.cpp;249;update_csr_reg CSR: STA0=177522 STA1=177524 RCLL=177400/172742 RCLH=177422/000005 XMTL=177464/173242 XMTH=177526/000005 VECTOR=000774/000774 CSR=110521/100701
16838;01:17:40.840438;Dbg;deqna;8525;deqna.cpp;586;DEQNA: INTR assert, csr=110521 ie=1
16839;01:17:40.840448;Dbg;deqna;8525;deqna.cpp;724;DEQNA: INTR assert, csr=110521 vec=374 level=5
16840;01:17:40.840631;Dbg;deqna;8519;qunibusdevice.cpp;249;DATO CSR: STA0=177522 STA1=177524 RCLL=177400/172742 RCLH=177422/000005 XMTL=177464/173242 XMTH=177526/000005 VECTOR=000774/000774 CSR=110521/100701
16841;01:17:40.840644;Dbg;deqna;8519;deqna.cpp;1202;DEQNA: Write CSR (reg 7) = 100701 access=0
16842;01:17:40.840691;Dbg;deqna;8519;qunibusdevice.cpp;249;update_csr_reg CSR: STA0=177522 STA1=177524 RCLL=177400/172742 RCLH=177422/000005 XMTL=177464/173242 XMTH=177526/000005 VECTOR=000774/000774 CSR=010521/100701
16843;01:17:40.840698;Dbg;deqna;8519;deqna.cpp;643;DEQNA: CSR change prev=110521 now=010521 set=000501 clr=103216
16844;01:17:40.840710;Dbg;deqna;8519;deqna.cpp;595;DEQNA: INTR deassert, csr=010521 ie=1
16845;01:17:40.840719;Dbg;deqna;8519;deqna.cpp;730;DEQNA: INTR deassert, csr=010521
16846;01:17:40.840908;Dbg;deqna;8526;deqna.cpp;595;DEQNA: INTR deassert, csr=010521 ie=1
16847;01:17:40.841523;Dbg;deqna;8525;deqna.cpp;1365;DEQNA: Enqueue RX type=2 len=243 status=000000 queue=0
16848;01:17:40.841659;Dbg;deqna;8525;deqna.cpp;1392;DEQNA: ENQ DBG type=2 len=243 data=ffffffffffff0010 752b42e908004500 00e5000040004011 7806c0a8015affff ffffe2a1d01a00d1 baac48656c6c6f20 74686572652e2049 20616d2061742031 
16849;01:17:40.841679;Dbg;deqna;8525;deqna.cpp;1613;DEQNA: RX desc_read_words @ 01373006 words=4
16850;01:17:40.841930;Dbg;deqna;8525;deqna.cpp;1721;DEQNA: RX deliver type=2 rbl=243 to addr=01517100 blen=2048 desc=1373006
16851;01:17:40.842458;Dbg;deqna;8525;deqna.cpp;1798;DEQNA: RX status type=2 st1=000370 st2=133667 desc=1373016
16852;01:17:40.842580;Dbg;deqna;8525;deqna.cpp;1865;DEQNA: RI set (rx_processed=1 queue=0 rbdl=1373022)
16853;01:17:40.842630;Dbg;deqna;8525;qunibusdevice.cpp;249;update_csr_reg CSR: STA0=177522 STA1=177524 RCLL=177400/172742 RCLH=177422/000005 XMTL=177464/173242 XMTH=177526/000005 VECTOR=000774/000774 CSR=110521/100701
16854;01:17:40.842638;Dbg;deqna;8525;deqna.cpp;643;DEQNA: CSR change prev=010521 now=110521 set=100000 clr=000000
16855;01:17:40.842677;Dbg;deqna;8525;qunibusdevice.cpp;249;update_csr_reg CSR: STA0=177522 STA1=177524 RCLL=177400/172742 RCLH=177422/000005 XMTL=177464/173242 XMTH=177526/000005 VECTOR=000774/000774 CSR=110521/100701
16856;01:17:40.842685;Dbg;deqna;8525;deqna.cpp;586;DEQNA: INTR assert, csr=110521 ie=1
16857;01:17:40.842694;Dbg;deqna;8525;deqna.cpp;724;DEQNA: INTR assert, csr=110521 vec=374 level=5
16858;01:17:40.842864;Dbg;deqna;8519;qunibusdevice.cpp;249;DATO CSR: STA0=177522 STA1=177524 RCLL=177400/172742 RCLH=177422/000005 XMTL=177464/173242 XMTH=177526/000005 VECTOR=000774/000774 CSR=110521/100701
16859;01:17:40.842875;Dbg;deqna;8519;deqna.cpp;1202;DEQNA: Write CSR (reg 7) = 100701 access=0
16860;01:17:40.842918;Dbg;deqna;8519;qunibusdevice.cpp;249;update_csr_reg CSR: STA0=177522 STA1=177524 RCLL=177400/172742 RCLH=177422/000005 XMTL=177464/173242 XMTH=177526/000005 VECTOR=000774/000774 CSR=010521/100701
16861;01:17:40.842925;Dbg;deqna;8519;deqna.cpp;643;DEQNA: CSR change prev=110521 now=010521 set=000501 clr=103216
16862;01:17:40.842936;Dbg;deqna;8519;deqna.cpp;595;DEQNA: INTR deassert, csr=010521 ie=1
16863;01:17:40.842945;Dbg;deqna;8519;deqna.cpp;730;DEQNA: INTR deassert, csr=010521
16864;01:17:40.843041;Dbg;deqna;8526;deqna.cpp;595;DEQNA: INTR deassert, csr=010521 ie=1
16865;01:17:40.844356;Dbg;deqna;8526;deqna.cpp;2095;DEQNA: TX desc_read_words @ 01373256 words=6
16866;01:17:40.844524;Dbg;deqna;8526;deqna.cpp;2108;DEQNA: TX list end (V=0) - XI/XL set desc=1373256
16867;01:17:40.849724;Dbg;deqna;8526;deqna.cpp;2095;DEQNA: TX desc_read_words @ 01373256 words=6
16868;01:17:40.849889;Dbg;deqna;8526;deqna.cpp;2108;DEQNA: TX list end (V=0) - XI/XL set desc=1373256
16869;01:17:40.855045;Dbg;deqna;8526;deqna.cpp;2095;DEQNA: TX desc_read_words @ 01373256 words=6
16870;01:17:40.855206;Dbg;deqna;8526;deqna.cpp;2108;DEQNA: TX list end (V=0) - XI/XL set desc=1373256
16871;01:17:40.859214;Dbg;deqna;8525;deqna.cpp;1365;DEQNA: Enqueue RX type=2 len=60 status=000000 queue=0
16872;01:17:40.859377;Dbg;deqna;8525;deqna.cpp;1392;DEQNA: ENQ DBG type=2 len=60 data=ffffffffffff2870 4e38d94008060001 0800060400012870 4e38d940c0a80101 000000000000c0a8 0011000000000000 0000000000000000 00000000
16873;01:17:40.859396;Dbg;deqna;8525;deqna.cpp;1613;DEQNA: RX desc_read_words @ 01373022 words=4
16874;01:17:40.859667;Dbg;deqna;8525;deqna.cpp;1721;DEQNA: RX deliver type=2 rbl=60 to addr=01523100 blen=2048 desc=1373022
16875;01:17:40.859842;Dbg;deqna;8525;deqna.cpp;1798;DEQNA: RX status type=2 st1=000370 st2=000000 desc=1373032
16876;01:17:40.859968;Dbg;deqna;8525;deqna.cpp;1865;DEQNA: RI set (rx_processed=1 queue=0 rbdl=1373036)
16877;01:17:40.860023;Dbg;deqna;8525;qunibusdevice.cpp;249;update_csr_reg CSR: STA0=177522 STA1=177524 RCLL=177400/172742 RCLH=177422/000005 XMTL=177464/173242 XMTH=177526/000005 VECTOR=000774/000774 CSR=110521/100701
16878;01:17:40.860031;Dbg;deqna;8525;deqna.cpp;643;DEQNA: CSR change prev=010521 now=110521 set=100000 clr=000000
16879;01:17:40.860072;Dbg;deqna;8525;qunibusdevice.cpp;249;update_csr_reg CSR: STA0=177522 STA1=177524 RCLL=177400/172742 RCLH=177422/000005 XMTL=177464/173242 XMTH=177526/000005 VECTOR=000774/000774 CSR=110521/100701
16880;01:17:40.860080;Dbg;deqna;8525;deqna.cpp;586;DEQNA: INTR assert, csr=110521 ie=1
16881;01:17:40.860089;Dbg;deqna;8525;deqna.cpp;724;DEQNA: INTR assert, csr=110521 vec=374 level=5
16882;01:17:40.860272;Dbg;deqna;8519;qunibusdevice.cpp;249;DATO CSR: STA0=177522 STA1=177524 RCLL=177400/172742 RCLH=177422/000005 XMTL=177464/173242 XMTH=177526/000005 VECTOR=000774/000774 CSR=110521/100701
16883;01:17:40.860284;Dbg;deqna;8519;deqna.cpp;1202;DEQNA: Write CSR (reg 7) = 100701 access=0
16884;01:17:40.860329;Dbg;deqna;8519;qunibusdevice.cpp;249;update_csr_reg CSR: STA0=177522 STA1=177524 RCLL=177400/172742 RCLH=177422/000005 XMTL=177464/173242 XMTH=177526/000005 VECTOR=000774/000774 CSR=010521/100701
16885;01:17:40.860336;Dbg;deqna;8519;deqna.cpp;643;DEQNA: CSR change prev=110521 now=010521 set=000501 clr=103216
16886;01:17:40.860347;Dbg;deqna;8519;deqna.cpp;595;DEQNA: INTR deassert, csr=010521 ie=1
16887;01:17:40.860356;Dbg;deqna;8519;deqna.cpp;730;DEQNA: INTR deassert, csr=010521
16888;01:17:40.860518;Dbg;deqna;8526;deqna.cpp;595;DEQNA: INTR deassert, csr=010521 ie=1
16889;01:17:40.860545;Dbg;deqna;8526;deqna.cpp;2095;DEQNA: TX desc_read_words @ 01373256 words=6
16890;01:17:40.860680;Dbg;deqna;8526;deqna.cpp;2108;DEQNA: TX list end (V=0) - XI/XL set desc=1373256
16891;01:17:40.861158;Dbg;deqna;8525;deqna.cpp;1365;DEQNA: Enqueue RX type=2 len=60 status=000000 queue=0
16892;01:17:40.861279;Dbg;deqna;8525;deqna.cpp;1392;DEQNA: ENQ DBG type=2 len=60 data=ffffffffffff2870 4e38d94008060001 0800060400012870 4e38d940c0a80101 000000000000c0a8 01b4000000000000 0000000000000000 00000000
16893;01:17:40.861296;Dbg;deqna;8525;deqna.cpp;1613;DEQNA: RX desc_read_words @ 01373036 words=4
16894;01:17:40.861519;Dbg;deqna;8525;deqna.cpp;1721;DEQNA: RX deliver type=2 rbl=60 to addr=01527100 blen=2048 desc=1373036
16895;01:17:40.861691;Dbg;deqna;8525;deqna.cpp;1798;DEQNA: RX status type=2 st1=000370 st2=000000 desc=1373046
16896;01:17:40.861843;Dbg;deqna;8525;deqna.cpp;1865;DEQNA: RI set (rx_processed=1 queue=0 rbdl=1373052)
16897;01:17:40.861894;Dbg;deqna;8525;qunibusdevice.cpp;249;update_csr_reg CSR: STA0=177522 STA1=177524 RCLL=177400/172742 RCLH=177422/000005 XMTL=177464/173242 XMTH=177526/000005 VECTOR=000774/000774 CSR=110521/100701
16898;01:17:40.861903;Dbg;deqna;8525;deqna.cpp;643;DEQNA: CSR change prev=010521 now=110521 set=100000 clr=000000
16899;01:17:40.861942;Dbg;deqna;8525;qunibusdevice.cpp;249;update_csr_reg CSR: STA0=177522 STA1=177524 RCLL=177400/172742 RCLH=177422/000005 XMTL=177464/173242 XMTH=177526/000005 VECTOR=000774/000774 CSR=110521/100701
16900;01:17:40.861949;Dbg;deqna;8525;deqna.cpp;586;DEQNA: INTR assert, csr=110521 ie=1
16901;01:17:40.861958;Dbg;deqna;8525;deqna.cpp;724;DEQNA: INTR assert, csr=110521 vec=374 level=5
16902;01:17:40.862126;Dbg;deqna;8519;qunibusdevice.cpp;249;DATO CSR: STA0=177522 STA1=177524 RCLL=177400/172742 RCLH=177422/000005 XMTL=177464/173242 XMTH=177526/000005 VECTOR=000774/000774 CSR=110521/100701
16903;01:17:40.862136;Dbg;deqna;8519;deqna.cpp;1202;DEQNA: Write CSR (reg 7) = 100701 access=0
16904;01:17:40.862179;Dbg;deqna;8519;qunibusdevice.cpp;249;update_csr_reg CSR: STA0=177522 STA1=177524 RCLL=177400/172742 RCLH=177422/000005 XMTL=177464/173242 XMTH=177526/000005 VECTOR=000774/000774 CSR=010521/100701
16905;01:17:40.862186;Dbg;deqna;8519;deqna.cpp;643;DEQNA: CSR change prev=110521 now=010521 set=000501 clr=103216
16906;01:17:40.862196;Dbg;deqna;8519;deqna.cpp;595;DEQNA: INTR deassert, csr=010521 ie=1
16907;01:17:40.862204;Dbg;deqna;8519;deqna.cpp;730;DEQNA: INTR deassert, csr=010521
16908;01:17:40.862793;Dbg;deqna;8526;deqna.cpp;595;DEQNA: INTR deassert, csr=010521 ie=1
16909;01:17:40.865913;Dbg;deqna;8526;deqna.cpp;2095;DEQNA: TX desc_read_words @ 01373256 words=6
16910;01:17:40.866104;Dbg;deqna;8526;deqna.cpp;2108;DEQNA: TX list end (V=0) - XI/XL set desc=1373256
16911;01:17:40.871323;Dbg;deqna;8526;deqna.cpp;2095;DEQNA: TX desc_read_words @ 01373256 words=6
16912;01:17:40.871502;Dbg;deqna;8526;deqna.cpp;2108;DEQNA: TX list end (V=0) - XI/XL set desc=1373256
16913;01:17:40.876727;Dbg;deqna;8526;deqna.cpp;2095;DEQNA: TX desc_read_words @ 01373256 words=6
16914;01:17:40.876888;Dbg;deqna;8526;deqna.cpp;2108;DEQNA: TX list end (V=0) - XI/XL set desc=1373256
16915;01:17:40.879697;Dbg;deqna;8525;deqna.cpp;1365;DEQNA: Enqueue RX type=2 len=60 status=000000 queue=0
16916;01:17:40.879832;Dbg;deqna;8525;deqna.cpp;1392;DEQNA: ENQ DBG type=2 len=60 data=ffffffffffff2870 4e38d94008060001 0800060400012870 4e38d940c0a80101 000000000000c0a8 0016000000000000 0000000000000000 00000000
16917;01:17:40.879849;Dbg;deqna;8525;deqna.cpp;1613;DEQNA: RX desc_read_words @ 01373052 words=4
16918;01:17:40.880135;Dbg;deqna;8525;deqna.cpp;1721;DEQNA: RX deliver type=2 rbl=60 to addr=01533100 blen=2048 desc=1373052
16919;01:17:40.880307;Dbg;deqna;8525;deqna.cpp;1798;DEQNA: RX status type=2 st1=000370 st2=000000 desc=1373062
16920;01:17:40.880432;Dbg;deqna;8525;deqna.cpp;1865;DEQNA: RI set (rx_processed=1 queue=0 rbdl=1373066)
16921;01:17:40.880484;Dbg;deqna;8525;qunibusdevice.cpp;249;update_csr_reg CSR: STA0=177522 STA1=177524 RCLL=177400/172742 RCLH=177422/000005 XMTL=177464/173242 XMTH=177526/000005 VECTOR=000774/000774 CSR=110521/100701
16922;01:17:40.880493;Dbg;deqna;8525;deqna.cpp;643;DEQNA: CSR change prev=010521 now=110521 set=100000 clr=000000
16923;01:17:40.880533;Dbg;deqna;8525;qunibusdevice.cpp;249;update_csr_reg CSR: STA0=177522 STA1=177524 RCLL=177400/172742 RCLH=177422/000005 XMTL=177464/173242 XMTH=177526/000005 VECTOR=000774/000774 CSR=110521/100701
16924;01:17:40.880540;Dbg;deqna;8525;deqna.cpp;586;DEQNA: INTR assert, csr=110521 ie=1
16925;01:17:40.880549;Dbg;deqna;8525;deqna.cpp;724;DEQNA: INTR assert, csr=110521 vec=374 level=5
16926;01:17:40.880723;Dbg;deqna;8519;qunibusdevice.cpp;249;DATO CSR: STA0=177522 STA1=177524 RCLL=177400/172742 RCLH=177422/000005 XMTL=177464/173242 XMTH=177526/000005 VECTOR=000774/000774 CSR=110521/100701
16927;01:17:40.880734;Dbg;deqna;8519;deqna.cpp;1202;DEQNA: Write CSR (reg 7) = 100701 access=0
16928;01:17:40.880776;Dbg;deqna;8519;qunibusdevice.cpp;249;update_csr_reg CSR: STA0=177522 STA1=177524 RCLL=177400/172742 RCLH=177422/000005 XMTL=177464/173242 XMTH=177526/000005 VECTOR=000774/000774 CSR=010521/100701
16929;01:17:40.880782;Dbg;deqna;8519;deqna.cpp;643;DEQNA: CSR change prev=110521 now=010521 set=000501 clr=103216
16930;01:17:40.880795;Dbg;deqna;8519;deqna.cpp;595;DEQNA: INTR deassert, csr=010521 ie=1
16931;01:17:40.880803;Dbg;deqna;8519;deqna.cpp;730;DEQNA: INTR deassert, csr=010521
16932;01:17:40.881083;Dbg;deqna;8526;deqna.cpp;595;DEQNA: INTR deassert, csr=010521 ie=1
16933;01:17:40.881610;Dbg;deqna;8525;deqna.cpp;1365;DEQNA: Enqueue RX type=2 len=60 status=000000 queue=0
16934;01:17:40.881727;Dbg;deqna;8525;deqna.cpp;1392;DEQNA: ENQ DBG type=2 len=60 data=ffffffffffff2870 4e38d94008060001 0800060400012870 4e38d940c0a80101 000000000000c0a8 01a6000000000000 0000000000000000 00000000
16935;01:17:40.881742;Dbg;deqna;8525;deqna.cpp;1613;DEQNA: RX desc_read_words @ 01373066 words=4
16936;01:17:40.881965;Dbg;deqna;8525;deqna.cpp;1721;DEQNA: RX deliver type=2 rbl=60 to addr=01537100 blen=2048 desc=1373066
16937;01:17:40.882148;Dbg;deqna;8525;deqna.cpp;1798;DEQNA: RX status type=2 st1=000370 st2=000000 desc=1373076
16938;01:17:40.882288;Dbg;deqna;8525;deqna.cpp;1865;DEQNA: RI set (rx_processed=1 queue=0 rbdl=1373102)
16939;01:17:40.882338;Dbg;deqna;8525;qunibusdevice.cpp;249;update_csr_reg CSR: STA0=177522 STA1=177524 RCLL=177400/172742 RCLH=177422/000005 XMTL=177464/173242 XMTH=177526/000005 VECTOR=000774/000774 CSR=110521/100701
16940;01:17:40.882345;Dbg;deqna;8525;deqna.cpp;643;DEQNA: CSR change prev=010521 now=110521 set=100000 clr=000000
16941;01:17:40.882385;Dbg;deqna;8525;qunibusdevice.cpp;249;update_csr_reg CSR: STA0=177522 STA1=177524 RCLL=177400/172742 RCLH=177422/000005 XMTL=177464/173242 XMTH=177526/000005 VECTOR=000774/000774 CSR=110521/100701
16942;01:17:40.882392;Dbg;deqna;8525;deqna.cpp;586;DEQNA: INTR assert, csr=110521 ie=1
16943;01:17:40.882401;Dbg;deqna;8525;deqna.cpp;724;DEQNA: INTR assert, csr=110521 vec=374 level=5
16944;01:17:40.882454;Dbg;deqna;8526;deqna.cpp;2095;DEQNA: TX desc_read_words @ 01373256 words=6
16945;01:17:40.882563;Dbg;deqna;8519;qunibusdevice.cpp;249;DATO CSR: STA0=177522 STA1=177524 RCLL=177400/172742 RCLH=177422/000005 XMTL=177464/173242 XMTH=177526/000005 VECTOR=000774/000774 CSR=110521/100701
16946;01:17:40.882572;Dbg;deqna;8519;deqna.cpp;1202;DEQNA: Write CSR (reg 7) = 100701 access=0
16947;01:17:40.882613;Dbg;deqna;8519;qunibusdevice.cpp;249;update_csr_reg CSR: STA0=177522 STA1=177524 RCLL=177400/172742 RCLH=177422/000005 XMTL=177464/173242 XMTH=177526/000005 VECTOR=000774/000774 CSR=010521/100701
16948;01:17:40.882619;Dbg;deqna;8519;deqna.cpp;643;DEQNA: CSR change prev=110521 now=010521 set=000501 clr=103216
16949;01:17:40.882631;Dbg;deqna;8519;deqna.cpp;595;DEQNA: INTR deassert, csr=010521 ie=1
16950;01:17:40.882639;Dbg;deqna;8519;deqna.cpp;730;DEQNA: INTR deassert, csr=010521
16951;01:17:40.882703;Dbg;deqna;8526;deqna.cpp;2108;DEQNA: TX list end (V=0) - XI/XL set desc=1373256
16952;01:17:40.883468;Dbg;deqna;8525;deqna.cpp;595;DEQNA: INTR deassert, csr=010521 ie=1
16953;01:17:40.883491;Dbg;deqna;8525;deqna.cpp;1365;DEQNA: Enqueue RX type=2 len=60 status=000000 queue=0
16954;01:17:40.883605;Dbg;deqna;8525;deqna.cpp;1392;DEQNA: ENQ DBG type=2 len=60 data=ffffffffffff90dd 5d94cc6208060001 08000604000190dd 5d94cc6200000000 000000000000c0a8 017b000000000000 0000000000000000 00000000
16955;01:17:40.883622;Dbg;deqna;8525;deqna.cpp;1613;DEQNA: RX desc_read_words @ 01373102 words=4
16956;01:17:40.883876;Dbg;deqna;8525;deqna.cpp;1721;DEQNA: RX deliver type=2 rbl=60 to addr=01543100 blen=2048 desc=1373102
16957;01:17:40.884042;Dbg;deqna;8525;deqna.cpp;1798;DEQNA: RX status type=2 st1=000370 st2=000000 desc=1373112
16958;01:17:40.884165;Dbg;deqna;8525;deqna.cpp;1865;DEQNA: RI set (rx_processed=1 queue=0 rbdl=1373116)
16959;01:17:40.884214;Dbg;deqna;8525;qunibusdevice.cpp;249;update_csr_reg CSR: STA0=177522 STA1=177524 RCLL=177400/172742 RCLH=177422/000005 XMTL=177464/173242 XMTH=177526/000005 VECTOR=000774/000774 CSR=110521/100701
16960;01:17:40.884222;Dbg;deqna;8525;deqna.cpp;643;DEQNA: CSR change prev=010521 now=110521 set=100000 clr=000000
16961;01:17:40.884262;Dbg;deqna;8525;qunibusdevice.cpp;249;update_csr_reg CSR: STA0=177522 STA1=177524 RCLL=177400/172742 RCLH=177422/000005 XMTL=177464/173242 XMTH=177526/000005 VECTOR=000774/000774 CSR=110521/100701
16962;01:17:40.884268;Dbg;deqna;8525;deqna.cpp;586;DEQNA: INTR assert, csr=110521 ie=1
16963;01:17:40.884277;Dbg;deqna;8525;deqna.cpp;724;DEQNA: INTR assert, csr=110521 vec=374 level=5
16964;01:17:40.884536;Dbg;deqna;8519;qunibusdevice.cpp;249;DATO CSR: STA0=177522 STA1=177524 RCLL=177400/172742 RCLH=177422/000005 XMTL=177464/173242 XMTH=177526/000005 VECTOR=000774/000774 CSR=110521/100701
16965;01:17:40.884546;Dbg;deqna;8519;deqna.cpp;1202;DEQNA: Write CSR (reg 7) = 100701 access=0
16966;01:17:40.884587;Dbg;deqna;8519;qunibusdevice.cpp;249;update_csr_reg CSR: STA0=177522 STA1=177524 RCLL=177400/172742 RCLH=177422/000005 XMTL=177464/173242 XMTH=177526/000005 VECTOR=000774/000774 CSR=010521/100701
16967;01:17:40.884593;Dbg;deqna;8519;deqna.cpp;643;DEQNA: CSR change prev=110521 now=010521 set=000501 clr=103216
16968;01:17:40.884605;Dbg;deqna;8519;deqna.cpp;595;DEQNA: INTR deassert, csr=010521 ie=1
16969;01:17:40.884613;Dbg;deqna;8519;deqna.cpp;730;DEQNA: INTR deassert, csr=010521
16970;01:17:40.884823;Dbg;deqna;8526;deqna.cpp;595;DEQNA: INTR deassert, csr=010521 ie=1
16971;01:17:40.887929;Dbg;deqna;8526;deqna.cpp;2095;DEQNA: TX desc_read_words @ 01373256 words=6
16972;01:17:40.888088;Dbg;deqna;8526;deqna.cpp;2108;DEQNA: TX list end (V=0) - XI/XL set desc=1373256
16973;01:17:40.893249;Dbg;deqna;8526;deqna.cpp;2095;DEQNA: TX desc_read_words @ 01373256 words=6
16974;01:17:40.893392;Dbg;deqna;8526;deqna.cpp;2108;DEQNA: TX list end (V=0) - XI/XL set desc=1373256
16975;01:17:40.898548;Dbg;deqna;8526;deqna.cpp;2095;DEQNA: TX desc_read_words @ 01373256 words=6
16976;01:17:40.898759;Dbg;deqna;8526;deqna.cpp;2108;DEQNA: TX list end (V=0) - XI/XL set desc=1373256
16977;01:17:40.903993;Dbg;deqna;8526;deqna.cpp;2095;DEQNA: TX desc_read_words @ 01373256 words=6
16978;01:17:40.904153;Dbg;deqna;8526;deqna.cpp;2108;DEQNA: TX list end (V=0) - XI/XL set desc=1373256
16979;01:17:40.909333;Dbg;deqna;8526;deqna.cpp;2095;DEQNA: TX desc_read_words @ 01373256 words=6
16980;01:17:40.909484;Dbg;deqna;8526;deqna.cpp;2108;DEQNA: TX list end (V=0) - XI/XL set desc=1373256
16981;01:17:40.914639;Dbg;deqna;8526;deqna.cpp;2095;DEQNA: TX desc_read_words @ 01373256 words=6
16982;01:17:40.914778;Dbg;deqna;8526;deqna.cpp;2108;DEQNA: TX list end (V=0) - XI/XL set desc=1373256
16983;01:17:40.919942;Dbg;deqna;8526;deqna.cpp;2095;DEQNA: TX desc_read_words @ 01373256 words=6
16984;01:17:40.920074;Dbg;deqna;8526;deqna.cpp;2108;DEQNA: TX list end (V=0) - XI/XL set desc=1373256
16985;01:17:40.925244;Dbg;deqna;8526;deqna.cpp;2095;DEQNA: TX desc_read_words @ 01373256 words=6
16986;01:17:40.925381;Dbg;deqna;8526;deqna.cpp;2108;DEQNA: TX list end (V=0) - XI/XL set desc=1373256
16987;01:17:40.930545;Dbg;deqna;8526;deqna.cpp;2095;DEQNA: TX desc_read_words @ 01373256 words=6
16988;01:17:40.930673;Dbg;deqna;8526;deqna.cpp;2108;DEQNA: TX list end (V=0) - XI/XL set desc=1373256
16989;01:17:40.935824;Dbg;deqna;8526;deqna.cpp;2095;DEQNA: TX desc_read_words @ 01373256 words=6
16990;01:17:40.935957;Dbg;deqna;8526;deqna.cpp;2108;DEQNA: TX list end (V=0) - XI/XL set desc=1373256
16991;01:17:40.941118;Dbg;deqna;8526;deqna.cpp;2095;DEQNA: TX desc_read_words @ 01373256 words=6
16992;01:17:40.941283;Dbg;deqna;8526;deqna.cpp;2108;DEQNA: TX list end (V=0) - XI/XL set desc=1373256
16993;01:17:40.946457;Dbg;deqna;8526;deqna.cpp;2095;DEQNA: TX desc_read_words @ 01373256 words=6
16994;01:17:40.946590;Dbg;deqna;8526;deqna.cpp;2108;DEQNA: TX list end (V=0) - XI/XL set desc=1373256
16995;01:17:40.951755;Dbg;deqna;8526;deqna.cpp;2095;DEQNA: TX desc_read_words @ 01373256 words=6
16996;01:17:40.951883;Dbg;deqna;8526;deqna.cpp;2108;DEQNA: TX list end (V=0) - XI/XL set desc=1373256
16997;01:17:40.957042;Dbg;deqna;8526;deqna.cpp;2095;DEQNA: TX desc_read_words @ 01373256 words=6
16998;01:17:40.957174;Dbg;deqna;8526;deqna.cpp;2108;DEQNA: TX list end (V=0) - XI/XL set desc=1373256
16999;01:17:40.962341;Dbg;deqna;8526;deqna.cpp;2095;DEQNA: TX desc_read_words @ 01373256 words=6
17000;01:17:40.962474;Dbg;deqna;8526;deqna.cpp;2108;DEQNA: TX list end (V=0) - XI/XL set desc=1373256
17001;01:17:40.967649;Dbg;deqna;8526;deqna.cpp;2095;DEQNA: TX desc_read_words @ 01373256 words=6
17002;01:17:40.967783;Dbg;deqna;8526;deqna.cpp;2108;DEQNA: TX list end (V=0) - XI/XL set desc=1373256
17003;01:17:40.972947;Dbg;deqna;8526;deqna.cpp;2095;DEQNA: TX desc_read_words @ 01373256 words=6
17004;01:17:40.973075;Dbg;deqna;8526;deqna.cpp;2108;DEQNA: TX list end (V=0) - XI/XL set desc=1373256
17005;01:17:40.978241;Dbg;deqna;8526;deqna.cpp;2095;DEQNA: TX desc_read_words @ 01373256 words=6
17006;01:17:40.978403;Dbg;deqna;8526;deqna.cpp;2108;DEQNA: TX list end (V=0) - XI/XL set desc=1373256
17007;01:17:40.983571;Dbg;deqna;8526;deqna.cpp;2095;DEQNA: TX desc_read_words @ 01373256 words=6
17008;01:17:40.983701;Dbg;deqna;8526;deqna.cpp;2108;DEQNA: TX list end (V=0) - XI/XL set desc=1373256
17009;01:17:40.988877;Dbg;deqna;8526;deqna.cpp;2095;DEQNA: TX desc_read_words @ 01373256 words=6
17010;01:17:40.989010;Dbg;deqna;8526;deqna.cpp;2108;DEQNA: TX list end (V=0) - XI/XL set desc=1373256
17011;01:17:40.994161;Dbg;deqna;8526;deqna.cpp;2095;DEQNA: TX desc_read_words @ 01373256 words=6
17012;01:17:40.994288;Dbg;deqna;8526;deqna.cpp;2108;DEQNA: TX list end (V=0) - XI/XL set desc=1373256
17013;01:17:40.999231;Dbg;deqna;8525;deqna.cpp;1365;DEQNA: Enqueue RX type=2 len=60 status=000000 queue=0
17014;01:17:40.999367;Dbg;deqna;8525;deqna.cpp;1392;DEQNA: ENQ DBG type=2 len=60 data=ffffffffffff7845 58f5956108060001 0800060400017845 58f59561c0a8000c ffffffffffffc0a8 0101000000000000 0000000000000000 00000000
17015;01:17:40.999385;Dbg;deqna;8525;deqna.cpp;1613;DEQNA: RX desc_read_words @ 01373116 words=4
17016;01:17:40.999677;Dbg;deqna;8525;deqna.cpp;1721;DEQNA: RX deliver type=2 rbl=60 to addr=01547100 blen=2048 desc=1373116
17017;01:17:40.999861;Dbg;deqna;8525;deqna.cpp;1798;DEQNA: RX status type=2 st1=000370 st2=000000 desc=1373126
17018;01:17:40.999987;Dbg;deqna;8525;deqna.cpp;1865;DEQNA: RI set (rx_processed=1 queue=0 rbdl=1373132)
17019;01:17:41.000042;Dbg;deqna;8525;qunibusdevice.cpp;249;update_csr_reg CSR: STA0=177522 STA1=177524 RCLL=177400/172742 RCLH=177422/000005 XMTL=177464/173242 XMTH=177526/000005 VECTOR=000774/000774 CSR=110521/100701
17020;01:17:41.000050;Dbg;deqna;8525;deqna.cpp;643;DEQNA: CSR change prev=010521 now=110521 set=100000 clr=000000
17021;01:17:41.000090;Dbg;deqna;8525;qunibusdevice.cpp;249;update_csr_reg CSR: STA0=177522 STA1=177524 RCLL=177400/172742 RCLH=177422/000005 XMTL=177464/173242 XMTH=177526/000005 VECTOR=000774/000774 CSR=110521/100701
17022;01:17:41.000097;Dbg;deqna;8525;deqna.cpp;586;DEQNA: INTR assert, csr=110521 ie=1
17023;01:17:41.000107;Dbg;deqna;8525;deqna.cpp;724;DEQNA: INTR assert, csr=110521 vec=374 level=5
17024;01:17:41.000165;Dbg;deqna;8526;deqna.cpp;2095;DEQNA: TX desc_read_words @ 01373256 words=6
17025;01:17:41.000281;Dbg;deqna;8519;qunibusdevice.cpp;249;DATO CSR: STA0=177522 STA1=177524 RCLL=177400/172742 RCLH=177422/000005 XMTL=177464/173242 XMTH=177526/000005 VECTOR=000774/000774 CSR=110521/100701
17026;01:17:41.000293;Dbg;deqna;8519;deqna.cpp;1202;DEQNA: Write CSR (reg 7) = 100701 access=0
17027;01:17:41.000338;Dbg;deqna;8519;qunibusdevice.cpp;249;update_csr_reg CSR: STA0=177522 STA1=177524 RCLL=177400/172742 RCLH=177422/000005 XMTL=177464/173242 XMTH=177526/000005 VECTOR=000774/000774 CSR=010521/100701
17028;01:17:41.000344;Dbg;deqna;8519;deqna.cpp;643;DEQNA: CSR change prev=110521 now=010521 set=000501 clr=103216
17029;01:17:41.000355;Dbg;deqna;8519;deqna.cpp;595;DEQNA: INTR deassert, csr=010521 ie=1
17030;01:17:41.000364;Dbg;deqna;8519;deqna.cpp;730;DEQNA: INTR deassert, csr=010521
17031;01:17:41.000430;Dbg;deqna;8526;deqna.cpp;2108;DEQNA: TX list end (V=0) - XI/XL set desc=1373256
17032;01:17:41.001185;Dbg;deqna;8525;deqna.cpp;595;DEQNA: INTR deassert, csr=010521 ie=1
17033;01:17:41.005585;Dbg;deqna;8526;deqna.cpp;2095;DEQNA: TX desc_read_words @ 01373256 words=6
17034;01:17:41.005721;Dbg;deqna;8526;deqna.cpp;2108;DEQNA: TX list end (V=0) - XI/XL set desc=1373256
17035;01:17:41.010896;Dbg;deqna;8526;deqna.cpp;2095;DEQNA: TX desc_read_words @ 01373256 words=6
17036;01:17:41.011056;Dbg;deqna;8526;deqna.cpp;2108;DEQNA: TX list end (V=0) - XI/XL set desc=1373256
17037;01:17:41.016209;Dbg;deqna;8526;deqna.cpp;2095;DEQNA: TX desc_read_words @ 01373256 words=6
17038;01:17:41.016341;Dbg;deqna;8526;deqna.cpp;2108;DEQNA: TX list end (V=0) - XI/XL set desc=1373256
17039;01:17:41.021516;Dbg;deqna;8526;deqna.cpp;2095;DEQNA: TX desc_read_words @ 01373256 words=6
17040;01:17:41.021660;Dbg;deqna;8526;deqna.cpp;2108;DEQNA: TX list end (V=0) - XI/XL set desc=1373256
17041;01:17:41.026829;Dbg;deqna;8526;deqna.cpp;2095;DEQNA: TX desc_read_words @ 01373256 words=6
17042;01:17:41.026976;Dbg;deqna;8526;deqna.cpp;2108;DEQNA: TX list end (V=0) - XI/XL set desc=1373256
17043;01:17:41.032206;Dbg;deqna;8526;deqna.cpp;2095;DEQNA: TX desc_read_words @ 01373256 words=6
17044;01:17:41.032363;Dbg;deqna;8526;deqna.cpp;2108;DEQNA: TX list end (V=0) - XI/XL set desc=1373256
17045;01:17:41.037516;Dbg;deqna;8526;deqna.cpp;2095;DEQNA: TX desc_read_words @ 01373256 words=6
17046;01:17:41.037644;Dbg;deqna;8526;deqna.cpp;2108;DEQNA: TX list end (V=0) - XI/XL set desc=1373256
17047;01:17:41.042838;Dbg;deqna;8526;deqna.cpp;2095;DEQNA: TX desc_read_words @ 01373256 words=6
17048;01:17:41.042979;Dbg;deqna;8526;deqna.cpp;2108;DEQNA: TX list end (V=0) - XI/XL set desc=1373256
17049;01:17:41.048150;Dbg;deqna;8526;deqna.cpp;2095;DEQNA: TX desc_read_words @ 01373256 words=6
17050;01:17:41.048278;Dbg;deqna;8526;deqna.cpp;2108;DEQNA: TX list end (V=0) - XI/XL set desc=1373256
17051;01:17:41.053440;Dbg;deqna;8526;deqna.cpp;2095;DEQNA: TX desc_read_words @ 01373256 words=6
17052;01:17:41.053574;Dbg;deqna;8526;deqna.cpp;2108;DEQNA: TX list end (V=0) - XI/XL set desc=1373256
17053;01:17:41.058738;Dbg;deqna;8526;deqna.cpp;2095;DEQNA: TX desc_read_words @ 01373256 words=6
17054;01:17:41.058893;Dbg;deqna;8526;deqna.cpp;2108;DEQNA: TX list end (V=0) - XI/XL set desc=1373256
17055;01:17:41.059448;Dbg;deqna;8525;deqna.cpp;1365;DEQNA: Enqueue RX type=2 len=60 status=000000 queue=0
17056;01:17:41.059582;Dbg;deqna;8525;deqna.cpp;1392;DEQNA: ENQ DBG type=2 len=60 data=ffffffffffff1c0b 8b0a107408060001 0800060400011c0b 8b0a1074c0a8019b 000000000000c0a8 019b000000000000 0000000000000000 00000000
17057;01:17:41.059601;Dbg;deqna;8525;deqna.cpp;1613;DEQNA: RX desc_read_words @ 01373132 words=4
17058;01:17:41.059836;Dbg;deqna;8525;deqna.cpp;1721;DEQNA: RX deliver type=2 rbl=60 to addr=01553100 blen=2048 desc=1373132
17059;01:17:41.060067;Dbg;deqna;8525;deqna.cpp;1798;DEQNA: RX status type=2 st1=000370 st2=000000 desc=1373142
17060;01:17:41.060199;Dbg;deqna;8525;deqna.cpp;1865;DEQNA: RI set (rx_processed=1 queue=0 rbdl=1373146)
17061;01:17:41.060253;Dbg;deqna;8525;qunibusdevice.cpp;249;update_csr_reg CSR: STA0=177522 STA1=177524 RCLL=177400/172742 RCLH=177422/000005 XMTL=177464/173242 XMTH=177526/000005 VECTOR=000774/000774 CSR=110521/100701
17062;01:17:41.060262;Dbg;deqna;8525;deqna.cpp;643;DEQNA: CSR change prev=010521 now=110521 set=100000 clr=000000
17063;01:17:41.060302;Dbg;deqna;8525;qunibusdevice.cpp;249;update_csr_reg CSR: STA0=177522 STA1=177524 RCLL=177400/172742 RCLH=177422/000005 XMTL=177464/173242 XMTH=177526/000005 VECTOR=000774/000774 CSR=110521/100701
17064;01:17:41.060310;Dbg;deqna;8525;deqna.cpp;586;DEQNA: INTR assert, csr=110521 ie=1
17065;01:17:41.060319;Dbg;deqna;8525;deqna.cpp;724;DEQNA: INTR assert, csr=110521 vec=374 level=5
17066;01:17:41.060494;Dbg;deqna;8519;qunibusdevice.cpp;249;DATO CSR: STA0=177522 STA1=177524 RCLL=177400/172742 RCLH=177422/000005 XMTL=177464/173242 XMTH=177526/000005 VECTOR=000774/000774 CSR=110521/100701
17067;01:17:41.060506;Dbg;deqna;8519;deqna.cpp;1202;DEQNA: Write CSR (reg 7) = 100701 access=0
17068;01:17:41.060551;Dbg;deqna;8519;qunibusdevice.cpp;249;update_csr_reg CSR: STA0=177522 STA1=177524 RCLL=177400/172742 RCLH=177422/000005 XMTL=177464/173242 XMTH=177526/000005 VECTOR=000774/000774 CSR=010521/100701
17069;01:17:41.060557;Dbg;deqna;8519;deqna.cpp;643;DEQNA: CSR change prev=110521 now=010521 set=000501 clr=103216
17070;01:17:41.060569;Dbg;deqna;8519;deqna.cpp;595;DEQNA: INTR deassert, csr=010521 ie=1
17071;01:17:41.060577;Dbg;deqna;8519;deqna.cpp;730;DEQNA: INTR deassert, csr=010521
17072;01:17:41.061011;Dbg;deqna;8526;deqna.cpp;595;DEQNA: INTR deassert, csr=010521 ie=1
17073;01:17:41.064121;Dbg;deqna;8526;deqna.cpp;2095;DEQNA: TX desc_read_words @ 01373256 words=6
17074;01:17:41.064274;Dbg;deqna;8526;deqna.cpp;2108;DEQNA: TX list end (V=0) - XI/XL set desc=1373256
17075;01:17:41.069432;Dbg;deqna;8526;deqna.cpp;2095;DEQNA: TX desc_read_words @ 01373256 words=6
17076;01:17:41.069573;Dbg;deqna;8526;deqna.cpp;2108;DEQNA: TX list end (V=0) - XI/XL set desc=1373256
17077;01:17:41.074802;Dbg;deqna;8526;deqna.cpp;2095;DEQNA: TX desc_read_words @ 01373256 words=6
17078;01:17:41.074953;Dbg;deqna;8526;deqna.cpp;2108;DEQNA: TX list end (V=0) - XI/XL set desc=1373256
17079;01:17:41.080180;Dbg;deqna;8526;deqna.cpp;2095;DEQNA: TX desc_read_words @ 01373256 words=6
17080;01:17:41.080341;Dbg;deqna;8526;deqna.cpp;2108;DEQNA: TX list end (V=0) - XI/XL set desc=1373256
17081;01:17:41.085515;Dbg;deqna;8526;deqna.cpp;2095;DEQNA: TX desc_read_words @ 01373256 words=6
17082;01:17:41.085644;Dbg;deqna;8526;deqna.cpp;2108;DEQNA: TX list end (V=0) - XI/XL set desc=1373256
17083;01:17:41.090817;Dbg;deqna;8526;deqna.cpp;2095;DEQNA: TX desc_read_words @ 01373256 words=6
17084;01:17:41.090945;Dbg;deqna;8526;deqna.cpp;2108;DEQNA: TX list end (V=0) - XI/XL set desc=1373256
17085;01:17:41.096108;Dbg;deqna;8526;deqna.cpp;2095;DEQNA: TX desc_read_words @ 01373256 words=6
17086;01:17:41.096236;Dbg;deqna;8526;deqna.cpp;2108;DEQNA: TX list end (V=0) - XI/XL set desc=1373256
17087;01:17:41.101390;Dbg;deqna;8526;deqna.cpp;2095;DEQNA: TX desc_read_words @ 01373256 words=6
17088;01:17:41.101517;Dbg;deqna;8526;deqna.cpp;2108;DEQNA: TX list end (V=0) - XI/XL set desc=1373256
17089;01:17:41.106688;Dbg;deqna;8526;deqna.cpp;2095;DEQNA: TX desc_read_words @ 01373256 words=6
17090;01:17:41.106853;Dbg;deqna;8526;deqna.cpp;2108;DEQNA: TX list end (V=0) - XI/XL set desc=1373256
17091;01:17:41.112011;Dbg;deqna;8526;deqna.cpp;2095;DEQNA: TX desc_read_words @ 01373256 words=6
17092;01:17:41.112152;Dbg;deqna;8526;deqna.cpp;2108;DEQNA: TX list end (V=0) - XI/XL set desc=1373256
17093;01:17:41.117378;Dbg;deqna;8526;deqna.cpp;2095;DEQNA: TX desc_read_words @ 01373256 words=6
17094;01:17:41.117538;Dbg;deqna;8526;deqna.cpp;2108;DEQNA: TX list end (V=0) - XI/XL set desc=1373256
17095;01:17:41.122706;Dbg;deqna;8526;deqna.cpp;2095;DEQNA: TX desc_read_words @ 01373256 words=6
17096;01:17:41.122839;Dbg;deqna;8526;deqna.cpp;2108;DEQNA: TX list end (V=0) - XI/XL set desc=1373256
17097;01:17:41.128015;Dbg;deqna;8526;deqna.cpp;2095;DEQNA: TX desc_read_words @ 01373256 words=6
17098;01:17:41.128148;Dbg;deqna;8526;deqna.cpp;2108;DEQNA: TX list end (V=0) - XI/XL set desc=1373256
17099;01:17:41.133300;Dbg;deqna;8526;deqna.cpp;2095;DEQNA: TX desc_read_words @ 01373256 words=6
17100;01:17:41.133428;Dbg;deqna;8526;deqna.cpp;2108;DEQNA: TX list end (V=0) - XI/XL set desc=1373256
17101;01:17:41.138592;Dbg;deqna;8526;deqna.cpp;2095;DEQNA: TX desc_read_words @ 01373256 words=6
17102;01:17:41.138767;Dbg;deqna;8526;deqna.cpp;2108;DEQNA: TX list end (V=0) - XI/XL set desc=1373256
17103;01:17:41.143937;Dbg;deqna;8526;deqna.cpp;2095;DEQNA: TX desc_read_words @ 01373256 words=6
17104;01:17:41.144068;Dbg;deqna;8526;deqna.cpp;2108;DEQNA: TX list end (V=0) - XI/XL set desc=1373256
17105;01:17:41.149250;Dbg;deqna;8526;deqna.cpp;2095;DEQNA: TX desc_read_words @ 01373256 words=6
17106;01:17:41.149385;Dbg;deqna;8526;deqna.cpp;2108;DEQNA: TX list end (V=0) - XI/XL set desc=1373256
17107;01:17:41.154604;Dbg;deqna;8526;deqna.cpp;2095;DEQNA: TX desc_read_words @ 01373256 words=6
17108;01:17:41.154752;Dbg;deqna;8526;deqna.cpp;2108;DEQNA: TX list end (V=0) - XI/XL set desc=1373256
17109;01:17:41.159925;Dbg;deqna;8526;deqna.cpp;2095;DEQNA: TX desc_read_words @ 01373256 words=6
17110;01:17:41.160058;Dbg;deqna;8526;deqna.cpp;2108;DEQNA: TX list end (V=0) - XI/XL set desc=1373256
17111;01:17:41.165227;Dbg;deqna;8526;deqna.cpp;2095;DEQNA: TX desc_read_words @ 01373256 words=6
17112;01:17:41.165357;Dbg;deqna;8526;deqna.cpp;2108;DEQNA: TX list end (V=0) - XI/XL set desc=1373256
17113;01:17:41.170521;Dbg;deqna;8526;deqna.cpp;2095;DEQNA: TX desc_read_words @ 01373256 words=6
17114;01:17:41.170653;Dbg;deqna;8526;deqna.cpp;2108;DEQNA: TX list end (V=0) - XI/XL set desc=1373256
17115;01:17:41.175807;Dbg;deqna;8526;deqna.cpp;2095;DEQNA: TX desc_read_words @ 01373256 words=6
17116;01:17:41.175933;Dbg;deqna;8526;deqna.cpp;2108;DEQNA: TX list end (V=0) - XI/XL set desc=1373256
17117;01:17:41.181094;Dbg;deqna;8526;deqna.cpp;2095;DEQNA: TX desc_read_words @ 01373256 words=6
17118;01:17:41.181227;Dbg;deqna;8526;deqna.cpp;2108;DEQNA: TX list end (V=0) - XI/XL set desc=1373256
17119;01:17:41.186378;Dbg;deqna;8526;deqna.cpp;2095;DEQNA: TX desc_read_words @ 01373256 words=6
17120;01:17:41.186504;Dbg;deqna;8526;deqna.cpp;2108;DEQNA: TX list end (V=0) - XI/XL set desc=1373256
17121;01:17:41.191665;Dbg;deqna;8526;deqna.cpp;2095;DEQNA: TX desc_read_words @ 01373256 words=6
17122;01:17:41.191837;Dbg;deqna;8526;deqna.cpp;2108;DEQNA: TX list end (V=0) - XI/XL set desc=1373256
17123;01:17:41.197001;Dbg;deqna;8526;deqna.cpp;2095;DEQNA: TX desc_read_words @ 01373256 words=6
17124;01:17:41.197147;Dbg;deqna;8526;deqna.cpp;2108;DEQNA: TX list end (V=0) - XI/XL set desc=1373256
17125;01:17:41.199219;Dbg;deqna;8525;deqna.cpp;1365;DEQNA: Enqueue RX type=2 len=60 status=000000 queue=0
17126;01:17:41.199353;Dbg;deqna;8525;deqna.cpp;1392;DEQNA: ENQ DBG type=2 len=60 data=ffffffffffff90dd 5d94cc6208060001 08000604000190dd 5d94cc6200000000 000000000000c0a8 017b000000000000 0000000000000000 00000000
17127;01:17:41.199371;Dbg;deqna;8525;deqna.cpp;1613;DEQNA: RX desc_read_words @ 01373146 words=4
17128;01:17:41.199623;Dbg;deqna;8525;deqna.cpp;1721;DEQNA: RX deliver type=2 rbl=60 to addr=01557100 blen=2048 desc=1373146
17129;01:17:41.199808;Dbg;deqna;8525;deqna.cpp;1798;DEQNA: RX status type=2 st1=000370 st2=000000 desc=1373156
17130;01:17:41.199936;Dbg;deqna;8525;deqna.cpp;1865;DEQNA: RI set (rx_processed=1 queue=0 rbdl=1373162)
17131;01:17:41.199990;Dbg;deqna;8525;qunibusdevice.cpp;249;update_csr_reg CSR: STA0=177522 STA1=177524 RCLL=177400/172742 RCLH=177422/000005 XMTL=177464/173242 XMTH=177526/000005 VECTOR=000774/000774 CSR=110521/100701
17132;01:17:41.199998;Dbg;deqna;8525;deqna.cpp;643;DEQNA: CSR change prev=010521 now=110521 set=100000 clr=000000
17133;01:17:41.200039;Dbg;deqna;8525;qunibusdevice.cpp;249;update_csr_reg CSR: STA0=177522 STA1=177524 RCLL=177400/172742 RCLH=177422/000005 XMTL=177464/173242 XMTH=177526/000005 VECTOR=000774/000774 CSR=110521/100701
17134;01:17:41.200046;Dbg;deqna;8525;deqna.cpp;586;DEQNA: INTR assert, csr=110521 ie=1
17135;01:17:41.200056;Dbg;deqna;8525;deqna.cpp;724;DEQNA: INTR assert, csr=110521 vec=374 level=5
17136;01:17:41.200255;Dbg;deqna;8519;qunibusdevice.cpp;249;DATO CSR: STA0=177522 STA1=177524 RCLL=177400/172742 RCLH=177422/000005 XMTL=177464/173242 XMTH=177526/000005 VECTOR=000774/000774 CSR=110521/100701
17137;01:17:41.200267;Dbg;deqna;8519;deqna.cpp;1202;DEQNA: Write CSR (reg 7) = 100701 access=0
17138;01:17:41.200311;Dbg;deqna;8519;qunibusdevice.cpp;249;update_csr_reg CSR: STA0=177522 STA1=177524 RCLL=177400/172742 RCLH=177422/000005 XMTL=177464/173242 XMTH=177526/000005 VECTOR=000774/000774 CSR=010521/100701
17139;01:17:41.200318;Dbg;deqna;8519;deqna.cpp;643;DEQNA: CSR change prev=110521 now=010521 set=000501 clr=103216
17140;01:17:41.200330;Dbg;deqna;8519;deqna.cpp;595;DEQNA: INTR deassert, csr=010521 ie=1
17141;01:17:41.200338;Dbg;deqna;8519;deqna.cpp;730;DEQNA: INTR deassert, csr=010521
17142;01:17:41.200458;Dbg;deqna;8526;deqna.cpp;595;DEQNA: INTR deassert, csr=010521 ie=1
17143;01:17:41.202548;Dbg;deqna;8526;deqna.cpp;2095;DEQNA: TX desc_read_words @ 01373256 words=6
17144;01:17:41.202701;Dbg;deqna;8526;deqna.cpp;2108;DEQNA: TX list end (V=0) - XI/XL set desc=1373256
17145;01:17:41.207893;Dbg;deqna;8526;deqna.cpp;2095;DEQNA: TX desc_read_words @ 01373256 words=6
17146;01:17:41.208056;Dbg;deqna;8526;deqna.cpp;2108;DEQNA: TX list end (V=0) - XI/XL set desc=1373256
17147;01:17:41.213237;Dbg;deqna;8526;deqna.cpp;2095;DEQNA: TX desc_read_words @ 01373256 words=6
17148;01:17:41.213377;Dbg;deqna;8526;deqna.cpp;2108;DEQNA: TX list end (V=0) - XI/XL set desc=1373256
17149;01:17:41.218530;Dbg;deqna;8526;deqna.cpp;2095;DEQNA: TX desc_read_words @ 01373256 words=6
17150;01:17:41.218727;Dbg;deqna;8526;deqna.cpp;2108;DEQNA: TX list end (V=0) - XI/XL set desc=1373256
17151;01:17:41.223963;Dbg;deqna;8526;deqna.cpp;2095;DEQNA: TX desc_read_words @ 01373256 words=6
17152;01:17:41.224123;Dbg;deqna;8526;deqna.cpp;2108;DEQNA: TX list end (V=0) - XI/XL set desc=1373256
17153;01:17:41.229289;Dbg;deqna;8526;deqna.cpp;2095;DEQNA: TX desc_read_words @ 01373256 words=6
17154;01:17:41.229417;Dbg;deqna;8526;deqna.cpp;2108;DEQNA: TX list end (V=0) - XI/XL set desc=1373256
17155;01:17:41.234570;Dbg;deqna;8526;deqna.cpp;2095;DEQNA: TX desc_read_words @ 01373256 words=6
17156;01:17:41.234703;Dbg;deqna;8526;deqna.cpp;2108;DEQNA: TX list end (V=0) - XI/XL set desc=1373256
17157;01:17:41.239865;Dbg;deqna;8526;deqna.cpp;2095;DEQNA: TX desc_read_words @ 01373256 words=6
17158;01:17:41.239997;Dbg;deqna;8526;deqna.cpp;2108;DEQNA: TX list end (V=0) - XI/XL set desc=1373256
17159;01:17:41.245170;Dbg;deqna;8526;deqna.cpp;2095;DEQNA: TX desc_read_words @ 01373256 words=6
17160;01:17:41.245305;Dbg;deqna;8526;deqna.cpp;2108;DEQNA: TX list end (V=0) - XI/XL set desc=1373256
17161;01:17:41.250467;Dbg;deqna;8526;deqna.cpp;2095;DEQNA: TX desc_read_words @ 01373256 words=6
17162;01:17:41.250595;Dbg;deqna;8526;deqna.cpp;2108;DEQNA: TX list end (V=0) - XI/XL set desc=1373256
17163;01:17:41.255749;Dbg;deqna;8526;deqna.cpp;2095;DEQNA: TX desc_read_words @ 01373256 words=6
17164;01:17:41.255881;Dbg;deqna;8526;deqna.cpp;2108;DEQNA: TX list end (V=0) - XI/XL set desc=1373256
17165;01:17:41.261037;Dbg;deqna;8526;deqna.cpp;2095;DEQNA: TX desc_read_words @ 01373256 words=6
17166;01:17:41.261205;Dbg;deqna;8526;deqna.cpp;2108;DEQNA: TX list end (V=0) - XI/XL set desc=1373256
17167;01:17:41.266372;Dbg;deqna;8526;deqna.cpp;2095;DEQNA: TX desc_read_words @ 01373256 words=6
17168;01:17:41.266502;Dbg;deqna;8526;deqna.cpp;2108;DEQNA: TX list end (V=0) - XI/XL set desc=1373256
17169;01:17:41.271659;Dbg;deqna;8526;deqna.cpp;2095;DEQNA: TX desc_read_words @ 01373256 words=6
17170;01:17:41.271802;Dbg;deqna;8526;deqna.cpp;2108;DEQNA: TX list end (V=0) - XI/XL set desc=1373256
17171;01:17:41.276962;Dbg;deqna;8526;deqna.cpp;2095;DEQNA: TX desc_read_words @ 01373256 words=6
17172;01:17:41.277100;Dbg;deqna;8526;deqna.cpp;2108;DEQNA: TX list end (V=0) - XI/XL set desc=1373256
17173;01:17:41.282271;Dbg;deqna;8526;deqna.cpp;2095;DEQNA: TX desc_read_words @ 01373256 words=6
17174;01:17:41.282404;Dbg;deqna;8526;deqna.cpp;2108;DEQNA: TX list end (V=0) - XI/XL set desc=1373256
17175;01:17:41.287590;Dbg;deqna;8526;deqna.cpp;2095;DEQNA: TX desc_read_words @ 01373256 words=6
17176;01:17:41.287723;Dbg;deqna;8526;deqna.cpp;2108;DEQNA: TX list end (V=0) - XI/XL set desc=1373256
17177;01:17:41.292887;Dbg;deqna;8526;deqna.cpp;2095;DEQNA: TX desc_read_words @ 01373256 words=6
17178;01:17:41.293015;Dbg;deqna;8526;deqna.cpp;2108;DEQNA: TX list end (V=0) - XI/XL set desc=1373256
17179;01:17:41.298172;Dbg;deqna;8526;deqna.cpp;2095;DEQNA: TX desc_read_words @ 01373256 words=6
17180;01:17:41.298337;Dbg;deqna;8526;deqna.cpp;2108;DEQNA: TX list end (V=0) - XI/XL set desc=1373256
17181;01:17:41.303506;Dbg;deqna;8526;deqna.cpp;2095;DEQNA: TX desc_read_words @ 01373256 words=6
17182;01:17:41.303636;Dbg;deqna;8526;deqna.cpp;2108;DEQNA: TX list end (V=0) - XI/XL set desc=1373256
17183;01:17:41.308827;Dbg;deqna;8526;deqna.cpp;2095;DEQNA: TX desc_read_words @ 01373256 words=6
17184;01:17:41.308968;Dbg;deqna;8526;deqna.cpp;2108;DEQNA: TX list end (V=0) - XI/XL set desc=1373256
17185;01:17:41.314121;Dbg;deqna;8526;deqna.cpp;2095;DEQNA: TX desc_read_words @ 01373256 words=6
17186;01:17:41.314251;Dbg;deqna;8526;deqna.cpp;2108;DEQNA: TX list end (V=0) - XI/XL set desc=1373256
17187;01:17:41.319419;Dbg;deqna;8526;deqna.cpp;2095;DEQNA: TX desc_read_words @ 01373256 words=6
17188;01:17:41.319555;Dbg;deqna;8526;deqna.cpp;2108;DEQNA: TX list end (V=0) - XI/XL set desc=1373256
17189;01:17:41.324723;Dbg;deqna;8526;deqna.cpp;2095;DEQNA: TX desc_read_words @ 01373256 words=6
17190;01:17:41.324849;Dbg;deqna;8526;deqna.cpp;2108;DEQNA: TX list end (V=0) - XI/XL set desc=1373256
17191;01:17:41.330025;Dbg;deqna;8526;deqna.cpp;2095;DEQNA: TX desc_read_words @ 01373256 words=6
17192;01:17:41.330154;Dbg;deqna;8526;deqna.cpp;2108;DEQNA: TX list end (V=0) - XI/XL set desc=1373256
17193;01:17:41.335305;Dbg;deqna;8526;deqna.cpp;2095;DEQNA: TX desc_read_words @ 01373256 words=6
17194;01:17:41.335466;Dbg;deqna;8526;deqna.cpp;2108;DEQNA: TX list end (V=0) - XI/XL set desc=1373256
17195;01:17:41.340733;Dbg;deqna;8526;deqna.cpp;2095;DEQNA: TX desc_read_words @ 01373256 words=6
17196;01:17:41.341016;Dbg;deqna;8526;deqna.cpp;2108;DEQNA: TX list end (V=0) - XI/XL set desc=1373256
17197;01:17:41.346362;Dbg;deqna;8526;deqna.cpp;2095;DEQNA: TX desc_read_words @ 01373256 words=6
17198;01:17:41.346622;Dbg;deqna;8526;deqna.cpp;2108;DEQNA: TX list end (V=0) - XI/XL set desc=1373256
17199;01:17:41.351948;Dbg;deqna;8526;deqna.cpp;2095;DEQNA: TX desc_read_words @ 01373256 words=6
17200;01:17:41.352187;Dbg;deqna;8526;deqna.cpp;2108;DEQNA: TX list end (V=0) - XI/XL set desc=1373256
17201;01:17:41.357500;Dbg;deqna;8526;deqna.cpp;2095;DEQNA: TX desc_read_words @ 01373256 words=6
17202;01:17:41.357797;Dbg;deqna;8526;deqna.cpp;2108;DEQNA: TX list end (V=0) - XI/XL set desc=1373256
17203;01:17:41.363241;Dbg;deqna;8526;deqna.cpp;2095;DEQNA: TX desc_read_words @ 01373256 words=6
17204;01:17:41.363567;Dbg;deqna;8526;deqna.cpp;2108;DEQNA: TX list end (V=0) - XI/XL set desc=1373256
17205;01:17:41.368900;Dbg;deqna;8526;deqna.cpp;2095;DEQNA: TX desc_read_words @ 01373256 words=6
17206;01:17:41.369144;Dbg;deqna;8526;deqna.cpp;2108;DEQNA: TX list end (V=0) - XI/XL set desc=1373256
17207;01:17:41.374440;Dbg;deqna;8526;deqna.cpp;2095;DEQNA: TX desc_read_words @ 01373256 words=6
17208;01:17:41.374706;Dbg;deqna;8526;deqna.cpp;2108;DEQNA: TX list end (V=0) - XI/XL set desc=1373256
17209;01:17:41.380017;Dbg;deqna;8526;deqna.cpp;2095;DEQNA: TX desc_read_words @ 01373256 words=6
17210;01:17:41.380303;Dbg;deqna;8526;deqna.cpp;2108;DEQNA: TX list end (V=0) - XI/XL set desc=1373256
17211;01:17:41.385717;Dbg;deqna;8526;deqna.cpp;2095;DEQNA: TX desc_read_words @ 01373256 words=6
17212;01:17:41.385983;Dbg;deqna;8526;deqna.cpp;2108;DEQNA: TX list end (V=0) - XI/XL set desc=1373256
17213;01:17:41.391405;Dbg;deqna;8526;deqna.cpp;2095;DEQNA: TX desc_read_words @ 01373256 words=6
17214;01:17:41.391701;Dbg;deqna;8526;deqna.cpp;2108;DEQNA: TX list end (V=0) - XI/XL set desc=1373256
17215;01:17:41.397003;Dbg;deqna;8526;deqna.cpp;2095;DEQNA: TX desc_read_words @ 01373256 words=6
17216;01:17:41.397265;Dbg;deqna;8526;deqna.cpp;2108;DEQNA: TX list end (V=0) - XI/XL set desc=1373256
17217;01:17:41.399854;Dbg;deqna;8525;deqna.cpp;1365;DEQNA: Enqueue RX type=2 len=60 status=000000 queue=0
17218;01:17:41.400116;Dbg;deqna;8525;deqna.cpp;1392;DEQNA: ENQ DBG type=2 len=60 data=ffffffffffff6c63 f898f75908060001 0800060400016c63 f898f759c0a80134 000000000000c0a8 0134000000000000 0000000000000000 00000000
17219;01:17:41.400151;Dbg;deqna;8525;deqna.cpp;1613;DEQNA: RX desc_read_words @ 01373162 words=4
17220;01:17:41.400606;Dbg;deqna;8525;deqna.cpp;1721;DEQNA: RX deliver type=2 rbl=60 to addr=01563100 blen=2048 desc=1373162
17221;01:17:41.400968;Dbg;deqna;8525;deqna.cpp;1798;DEQNA: RX status type=2 st1=000370 st2=000000 desc=1373172
17222;01:17:41.401205;Dbg;deqna;8525;deqna.cpp;1865;DEQNA: RI set (rx_processed=1 queue=0 rbdl=1373176)
17223;01:17:41.401310;Dbg;deqna;8525;qunibusdevice.cpp;249;update_csr_reg CSR: STA0=177522 STA1=177524 RCLL=177400/172742 RCLH=177422/000005 XMTL=177464/173242 XMTH=177526/000005 VECTOR=000774/000774 CSR=110521/100701
17224;01:17:41.401326;Dbg;deqna;8525;deqna.cpp;643;DEQNA: CSR change prev=010521 now=110521 set=100000 clr=000000
17225;01:17:41.401405;Dbg;deqna;8525;qunibusdevice.cpp;249;update_csr_reg CSR: STA0=177522 STA1=177524 RCLL=177400/172742 RCLH=177422/000005 XMTL=177464/173242 XMTH=177526/000005 VECTOR=000774/000774 CSR=110521/100701
17226;01:17:41.401420;Dbg;deqna;8525;deqna.cpp;586;DEQNA: INTR assert, csr=110521 ie=1
17227;01:17:41.401437;Dbg;deqna;8525;deqna.cpp;724;DEQNA: INTR assert, csr=110521 vec=374 level=5
17228;01:17:41.401655;Dbg;deqna;8519;qunibusdevice.cpp;249;DATO CSR: STA0=177522 STA1=177524 RCLL=177400/172742 RCLH=177422/000005 XMTL=177464/173242 XMTH=177526/000005 VECTOR=000774/000774 CSR=110521/100701
17229;01:17:41.401678;Dbg;deqna;8519;deqna.cpp;1202;DEQNA: Write CSR (reg 7) = 100701 access=0
17230;01:17:41.401764;Dbg;deqna;8519;qunibusdevice.cpp;249;update_csr_reg CSR: STA0=177522 STA1=177524 RCLL=177400/172742 RCLH=177422/000005 XMTL=177464/173242 XMTH=177526/000005 VECTOR=000774/000774 CSR=010521/100701
17231;01:17:41.401776;Dbg;deqna;8519;deqna.cpp;643;DEQNA: CSR change prev=110521 now=010521 set=000501 clr=103216
17232;01:17:41.401800;Dbg;deqna;8519;deqna.cpp;595;DEQNA: INTR deassert, csr=010521 ie=1
17233;01:17:41.401818;Dbg;deqna;8519;deqna.cpp;730;DEQNA: INTR deassert, csr=010521
17234;01:17:41.401992;Dbg;deqna;8526;deqna.cpp;595;DEQNA: INTR deassert, csr=010521 ie=1
17235;01:17:41.403097;Dbg;deqna;8526;deqna.cpp;2095;DEQNA: TX desc_read_words @ 01373256 words=6
17236;01:17:41.403359;Dbg;deqna;8526;deqna.cpp;2108;DEQNA: TX list end (V=0) - XI/XL set desc=1373256
17237;01:17:41.408770;Dbg;deqna;8526;deqna.cpp;2095;DEQNA: TX desc_read_words @ 01373256 words=6
17238;01:17:41.409133;Dbg;deqna;8526;deqna.cpp;2108;DEQNA: TX list end (V=0) - XI/XL set desc=1373256
17239;01:17:41.414428;Dbg;deqna;8526;deqna.cpp;2095;DEQNA: TX desc_read_words @ 01373256 words=6
17240;01:17:41.414680;Dbg;deqna;8526;deqna.cpp;2108;DEQNA: TX list end (V=0) - XI/XL set desc=1373256
17241;01:17:41.420017;Dbg;deqna;8526;deqna.cpp;2095;DEQNA: TX desc_read_words @ 01373256 words=6
17242;01:17:41.420282;Dbg;deqna;8526;deqna.cpp;2108;DEQNA: TX list end (V=0) - XI/XL set desc=1373256
17243;01:17:41.425612;Dbg;deqna;8526;deqna.cpp;2095;DEQNA: TX desc_read_words @ 01373256 words=6
17244;01:17:41.425887;Dbg;deqna;8526;deqna.cpp;2108;DEQNA: TX list end (V=0) - XI/XL set desc=1373256
17245;01:17:41.431331;Dbg;deqna;8526;deqna.cpp;2095;DEQNA: TX desc_read_words @ 01373256 words=6
17246;01:17:41.431630;Dbg;deqna;8526;deqna.cpp;2108;DEQNA: TX list end (V=0) - XI/XL set desc=1373256
17247;01:17:41.437042;Dbg;deqna;8526;deqna.cpp;2095;DEQNA: TX desc_read_words @ 01373256 words=6
17248;01:17:41.437328;Dbg;deqna;8526;deqna.cpp;2108;DEQNA: TX list end (V=0) - XI/XL set desc=1373256
17249;01:17:41.442660;Dbg;deqna;8526;deqna.cpp;2095;DEQNA: TX desc_read_words @ 01373256 words=6
17250;01:17:41.442927;Dbg;deqna;8526;deqna.cpp;2108;DEQNA: TX list end (V=0) - XI/XL set desc=1373256
17251;01:17:41.448252;Dbg;deqna;8526;deqna.cpp;2095;DEQNA: TX desc_read_words @ 01373256 words=6
17252;01:17:41.448516;Dbg;deqna;8526;deqna.cpp;2108;DEQNA: TX list end (V=0) - XI/XL set desc=1373256
17253;01:17:41.453858;Dbg;deqna;8526;deqna.cpp;2095;DEQNA: TX desc_read_words @ 01373256 words=6
17254;01:17:41.454226;Dbg;deqna;8526;deqna.cpp;2108;DEQNA: TX list end (V=0) - XI/XL set desc=1373256
17255;01:17:41.459764;Dbg;deqna;8526;deqna.cpp;2095;DEQNA: TX desc_read_words @ 01373256 words=6
17256;01:17:41.459908;Dbg;deqna;8525;deqna.cpp;1365;DEQNA: Enqueue RX type=2 len=60 status=000000 queue=0
17257;01:17:41.460157;Dbg;deqna;8525;deqna.cpp;1392;DEQNA: ENQ DBG type=2 len=60 data=ffffffffffff6462 6622847608060001 0800060400016462 66228476c0a80109 000000000000c0a8 010d000000000000 0000000000000000 00000000
17258;01:17:41.460381;Dbg;deqna;8526;deqna.cpp;2108;DEQNA: TX list end (V=0) - XI/XL set desc=1373256
17259;01:17:41.460467;Dbg;deqna;8525;deqna.cpp;1613;DEQNA: RX desc_read_words @ 01373176 words=4
17260;01:17:41.460702;Dbg;deqna;8525;deqna.cpp;1613;DEQNA: RX desc_read_words @ 01372742 words=4
17261;01:17:41.461110;Dbg;deqna;8525;deqna.cpp;1721;DEQNA: RX deliver type=2 rbl=60 to addr=01503100 blen=2048 desc=1372742
17262;01:17:41.461394;Dbg;deqna;8525;deqna.cpp;1798;DEQNA: RX status type=2 st1=000370 st2=000000 desc=1372752
17263;01:17:41.461686;Dbg;deqna;8525;deqna.cpp;1865;DEQNA: RI set (rx_processed=1 queue=0 rbdl=1372756)
17264;01:17:41.461788;Dbg;deqna;8525;qunibusdevice.cpp;249;update_csr_reg CSR: STA0=177522 STA1=177524 RCLL=177400/172742 RCLH=177422/000005 XMTL=177464/173242 XMTH=177526/000005 VECTOR=000774/000774 CSR=110521/100701
17265;01:17:41.461804;Dbg;deqna;8525;deqna.cpp;643;DEQNA: CSR change prev=010521 now=110521 set=100000 clr=000000
17266;01:17:41.461883;Dbg;deqna;8525;qunibusdevice.cpp;249;update_csr_reg CSR: STA0=177522 STA1=177524 RCLL=177400/172742 RCLH=177422/000005 XMTL=177464/173242 XMTH=177526/000005 VECTOR=000774/000774 CSR=110521/100701
17267;01:17:41.461897;Dbg;deqna;8525;deqna.cpp;586;DEQNA: INTR assert, csr=110521 ie=1
17268;01:17:41.461916;Dbg;deqna;8525;deqna.cpp;724;DEQNA: INTR assert, csr=110521 vec=374 level=5
17269;01:17:41.462136;Dbg;deqna;8519;qunibusdevice.cpp;249;DATO CSR: STA0=177522 STA1=177524 RCLL=177400/172742 RCLH=177422/000005 XMTL=177464/173242 XMTH=177526/000005 VECTOR=000774/000774 CSR=110521/100701
17270;01:17:41.462155;Dbg;deqna;8519;deqna.cpp;1202;DEQNA: Write CSR (reg 7) = 100701 access=0
17271;01:17:41.462239;Dbg;deqna;8519;qunibusdevice.cpp;249;update_csr_reg CSR: STA0=177522 STA1=177524 RCLL=177400/172742 RCLH=177422/000005 XMTL=177464/173242 XMTH=177526/000005 VECTOR=000774/000774 CSR=010521/100701
17272;01:17:41.462251;Dbg;deqna;8519;deqna.cpp;643;DEQNA: CSR change prev=110521 now=010521 set=000501 clr=103216
17273;01:17:41.462274;Dbg;deqna;8519;deqna.cpp;595;DEQNA: INTR deassert, csr=010521 ie=1
17274;01:17:41.462291;Dbg;deqna;8519;deqna.cpp;730;DEQNA: INTR deassert, csr=010521
17275;01:17:41.462588;Dbg;deqna;8526;deqna.cpp;595;DEQNA: INTR deassert, csr=010521 ie=1
17276;01:17:41.465814;Dbg;deqna;8526;deqna.cpp;2095;DEQNA: TX desc_read_words @ 01373256 words=6
17277;01:17:41.466100;Dbg;deqna;8526;deqna.cpp;2108;DEQNA: TX list end (V=0) - XI/XL set desc=1373256
17278;01:17:41.471414;Dbg;deqna;8526;deqna.cpp;2095;DEQNA: TX desc_read_words @ 01373256 words=6
17279;01:17:41.471741;Dbg;deqna;8526;deqna.cpp;2108;DEQNA: TX list end (V=0) - XI/XL set desc=1373256
17280;01:17:41.477063;Dbg;deqna;8526;deqna.cpp;2095;DEQNA: TX desc_read_words @ 01373256 words=6
17281;01:17:41.477349;Dbg;deqna;8526;deqna.cpp;2108;DEQNA: TX list end (V=0) - XI/XL set desc=1373256
17282;01:17:41.479831;Dbg;deqna;8525;deqna.cpp;1365;DEQNA: Enqueue RX type=2 len=60 status=000000 queue=0
17283;01:17:41.480083;Dbg;deqna;8525;deqna.cpp;1392;DEQNA: ENQ DBG type=2 len=60 data=ffffffffffff506b 4b43b2a608060001 080006040001506b 4b43b2a6c0a80111 000000000000c0a8 010d000000000000 0000000000000000 00000000
17284;01:17:41.480116;Dbg;deqna;8525;deqna.cpp;1613;DEQNA: RX desc_read_words @ 01372756 words=4
17285;01:17:41.480556;Dbg;deqna;8525;deqna.cpp;1721;DEQNA: RX deliver type=2 rbl=60 to addr=01507100 blen=2048 desc=1372756
17286;01:17:41.480872;Dbg;deqna;8525;deqna.cpp;1798;DEQNA: RX status type=2 st1=000370 st2=000000 desc=1372766
17287;01:17:41.481145;Dbg;deqna;8525;deqna.cpp;1865;DEQNA: RI set (rx_processed=1 queue=0 rbdl=1372772)
17288;01:17:41.481247;Dbg;deqna;8525;qunibusdevice.cpp;249;update_csr_reg CSR: STA0=177522 STA1=177524 RCLL=177400/172742 RCLH=177422/000005 XMTL=177464/173242 XMTH=177526/000005 VECTOR=000774/000774 CSR=110521/100701
17289;01:17:41.481262;Dbg;deqna;8525;deqna.cpp;643;DEQNA: CSR change prev=010521 now=110521 set=100000 clr=000000
17290;01:17:41.481341;Dbg;deqna;8525;qunibusdevice.cpp;249;update_csr_reg CSR: STA0=177522 STA1=177524 RCLL=177400/172742 RCLH=177422/000005 XMTL=177464/173242 XMTH=177526/000005 VECTOR=000774/000774 CSR=110521/100701
17291;01:17:41.481355;Dbg;deqna;8525;deqna.cpp;586;DEQNA: INTR assert, csr=110521 ie=1
17292;01:17:41.481373;Dbg;deqna;8525;deqna.cpp;724;DEQNA: INTR assert, csr=110521 vec=374 level=5
17293;01:17:41.481581;Dbg;deqna;8519;qunibusdevice.cpp;249;DATO CSR: STA0=177522 STA1=177524 RCLL=177400/172742 RCLH=177422/000005 XMTL=177464/173242 XMTH=177526/000005 VECTOR=000774/000774 CSR=110521/100701
17294;01:17:41.481600;Dbg;deqna;8519;deqna.cpp;1202;DEQNA: Write CSR (reg 7) = 100701 access=0
17295;01:17:41.481682;Dbg;deqna;8519;qunibusdevice.cpp;249;update_csr_reg CSR: STA0=177522 STA1=177524 RCLL=177400/172742 RCLH=177422/000005 XMTL=177464/173242 XMTH=177526/000005 VECTOR=000774/000774 CSR=010521/100701
17296;01:17:41.481694;Dbg;deqna;8519;deqna.cpp;643;DEQNA: CSR change prev=110521 now=010521 set=000501 clr=103216
17297;01:17:41.481717;Dbg;deqna;8519;deqna.cpp;595;DEQNA: INTR deassert, csr=010521 ie=1
17298;01:17:41.481735;Dbg;deqna;8519;deqna.cpp;730;DEQNA: INTR deassert, csr=010521
17299;01:17:41.482046;Dbg;deqna;8526;deqna.cpp;595;DEQNA: INTR deassert, csr=010521 ie=1
17300;01:17:41.483151;Dbg;deqna;8526;deqna.cpp;2095;DEQNA: TX desc_read_words @ 01373256 words=6
17301;01:17:41.483401;Dbg;deqna;8526;deqna.cpp;2108;DEQNA: TX list end (V=0) - XI/XL set desc=1373256
17302;01:17:41.488724;Dbg;deqna;8526;deqna.cpp;2095;DEQNA: TX desc_read_words @ 01373256 words=6
17303;01:17:41.489055;Dbg;deqna;8526;deqna.cpp;2108;DEQNA: TX list end (V=0) - XI/XL set desc=1373256
17304;01:17:41.494347;Dbg;deqna;8526;deqna.cpp;2095;DEQNA: TX desc_read_words @ 01373256 words=6
17305;01:17:41.494592;Dbg;deqna;8526;deqna.cpp;2108;DEQNA: TX list end (V=0) - XI/XL set desc=1373256
17306;01:17:41.499917;Dbg;deqna;8526;deqna.cpp;2095;DEQNA: TX desc_read_words @ 01373256 words=6
17307;01:17:41.500176;Dbg;deqna;8526;deqna.cpp;2108;DEQNA: TX list end (V=0) - XI/XL set desc=1373256
17308;01:17:41.505503;Dbg;deqna;8526;deqna.cpp;2095;DEQNA: TX desc_read_words @ 01373256 words=6
17309;01:17:41.505740;Dbg;deqna;8526;deqna.cpp;2108;DEQNA: TX list end (V=0) - XI/XL set desc=1373256
17310;01:17:41.511251;Dbg;deqna;8526;deqna.cpp;2095;DEQNA: TX desc_read_words @ 01373256 words=6
17311;01:17:41.511543;Dbg;deqna;8526;deqna.cpp;2108;DEQNA: TX list end (V=0) - XI/XL set desc=1373256
17312;01:17:41.516955;Dbg;deqna;8526;deqna.cpp;2095;DEQNA: TX desc_read_words @ 01373256 words=6
17313;01:17:41.517241;Dbg;deqna;8526;deqna.cpp;2108;DEQNA: TX list end (V=0) - XI/XL set desc=1373256
17314;01:17:41.522585;Dbg;deqna;8526;deqna.cpp;2095;DEQNA: TX desc_read_words @ 01373256 words=6
17315;01:17:41.522857;Dbg;deqna;8526;deqna.cpp;2108;DEQNA: TX list end (V=0) - XI/XL set desc=1373256
17316;01:17:41.528154;Dbg;deqna;8526;deqna.cpp;2095;DEQNA: TX desc_read_words @ 01373256 words=6
17317;01:17:41.528394;Dbg;deqna;8526;deqna.cpp;2108;DEQNA: TX list end (V=0) - XI/XL set desc=1373256
17318;01:17:41.533703;Dbg;deqna;8526;deqna.cpp;2095;DEQNA: TX desc_read_words @ 01373256 words=6
17319;01:17:41.533959;Dbg;deqna;8526;deqna.cpp;2108;DEQNA: TX list end (V=0) - XI/XL set desc=1373256
17320;01:17:41.539260;Dbg;deqna;8526;deqna.cpp;2095;DEQNA: TX desc_read_words @ 01373256 words=6
17321;01:17:41.540033;Dbg;deqna;8525;deqna.cpp;1365;DEQNA: Enqueue RX type=2 len=60 status=000000 queue=0
17322;01:17:41.540288;Dbg;deqna;8525;deqna.cpp;1392;DEQNA: ENQ DBG type=2 len=60 data=ffffffffffff90dd 5d94cc6208060001 08000604000190dd 5d94cc62c0a8017b 000000000000c0a8 017b000000000000 0000000000000000 00000000
17323;01:17:41.540361;Dbg;deqna;8526;deqna.cpp;2108;DEQNA: TX list end (V=0) - XI/XL set desc=1373256
17324;01:17:41.540444;Dbg;deqna;8525;deqna.cpp;1613;DEQNA: RX desc_read_words @ 01372772 words=4
17325;01:17:41.540866;Dbg;deqna;8525;deqna.cpp;1721;DEQNA: RX deliver type=2 rbl=60 to addr=01513100 blen=2048 desc=1372772
17326;01:17:41.541155;Dbg;deqna;8525;deqna.cpp;1798;DEQNA: RX status type=2 st1=000370 st2=000000 desc=1373002
17327;01:17:41.541387;Dbg;deqna;8525;deqna.cpp;1865;DEQNA: RI set (rx_processed=1 queue=0 rbdl=1373006)
17328;01:17:41.541519;Dbg;deqna;8525;qunibusdevice.cpp;249;update_csr_reg CSR: STA0=177522 STA1=177524 RCLL=177400/172742 RCLH=177422/000005 XMTL=177464/173242 XMTH=177526/000005 VECTOR=000774/000774 CSR=110521/100701
17329;01:17:41.541536;Dbg;deqna;8525;deqna.cpp;643;DEQNA: CSR change prev=010521 now=110521 set=100000 clr=000000
17330;01:17:41.541617;Dbg;deqna;8525;qunibusdevice.cpp;249;update_csr_reg CSR: STA0=177522 STA1=177524 RCLL=177400/172742 RCLH=177422/000005 XMTL=177464/173242 XMTH=177526/000005 VECTOR=000774/000774 CSR=110521/100701
17331;01:17:41.541631;Dbg;deqna;8525;deqna.cpp;586;DEQNA: INTR assert, csr=110521 ie=1
17332;01:17:41.541649;Dbg;deqna;8525;deqna.cpp;724;DEQNA: INTR assert, csr=110521 vec=374 level=5
17333;01:17:41.541895;Dbg;deqna;8519;qunibusdevice.cpp;249;DATO CSR: STA0=177522 STA1=177524 RCLL=177400/172742 RCLH=177422/000005 XMTL=177464/173242 XMTH=177526/000005 VECTOR=000774/000774 CSR=110521/100701
17334;01:17:41.541915;Dbg;deqna;8519;deqna.cpp;1202;DEQNA: Write CSR (reg 7) = 100701 access=0
17335;01:17:41.541999;Dbg;deqna;8519;qunibusdevice.cpp;249;update_csr_reg CSR: STA0=177522 STA1=177524 RCLL=177400/172742 RCLH=177422/000005 XMTL=177464/173242 XMTH=177526/000005 VECTOR=000774/000774 CSR=010521/100701
17336;01:17:41.542011;Dbg;deqna;8519;deqna.cpp;643;DEQNA: CSR change prev=110521 now=010521 set=000501 clr=103216
17337;01:17:41.542034;Dbg;deqna;8519;deqna.cpp;595;DEQNA: INTR deassert, csr=010521 ie=1
17338;01:17:41.542050;Dbg;deqna;8519;deqna.cpp;730;DEQNA: INTR deassert, csr=010521
17339;01:17:41.542795;Dbg;deqna;8525;deqna.cpp;595;DEQNA: INTR deassert, csr=010521 ie=1
17340;01:17:41.546110;Dbg;deqna;8526;deqna.cpp;2095;DEQNA: TX desc_read_words @ 01373256 words=6
17341;01:17:41.546368;Dbg;deqna;8526;deqna.cpp;2108;DEQNA: TX list end (V=0) - XI/XL set desc=1373256
17342;01:17:41.551668;Dbg;deqna;8526;deqna.cpp;2095;DEQNA: TX desc_read_words @ 01373256 words=6
17343;01:17:41.551917;Dbg;deqna;8526;deqna.cpp;2108;DEQNA: TX list end (V=0) - XI/XL set desc=1373256
17344;01:17:41.557226;Dbg;deqna;8526;deqna.cpp;2095;DEQNA: TX desc_read_words @ 01373256 words=6
17345;01:17:41.557470;Dbg;deqna;8526;deqna.cpp;2108;DEQNA: TX list end (V=0) - XI/XL set desc=1373256
17346;01:17:41.562794;Dbg;deqna;8526;deqna.cpp;2095;DEQNA: TX desc_read_words @ 01373256 words=6
17347;01:17:41.563094;Dbg;deqna;8526;deqna.cpp;2108;DEQNA: TX list end (V=0) - XI/XL set desc=1373256
17348;01:17:41.568576;Dbg;deqna;8526;deqna.cpp;2095;DEQNA: TX desc_read_words @ 01373256 words=6
17349;01:17:41.568940;Dbg;deqna;8526;deqna.cpp;2108;DEQNA: TX list end (V=0) - XI/XL set desc=1373256
17350;01:17:41.574237;Dbg;deqna;8526;deqna.cpp;2095;DEQNA: TX desc_read_words @ 01373256 words=6
17351;01:17:41.574471;Dbg;deqna;8526;deqna.cpp;2108;DEQNA: TX list end (V=0) - XI/XL set desc=1373256
17352;01:17:41.579795;Dbg;deqna;8526;deqna.cpp;2095;DEQNA: TX desc_read_words @ 01373256 words=6
17353;01:17:41.580041;Dbg;deqna;8526;deqna.cpp;2108;DEQNA: TX list end (V=0) - XI/XL set desc=1373256
17354;01:17:41.585369;Dbg;deqna;8526;deqna.cpp;2095;DEQNA: TX desc_read_words @ 01373256 words=6
17355;01:17:41.585605;Dbg;deqna;8526;deqna.cpp;2108;DEQNA: TX list end (V=0) - XI/XL set desc=1373256
17356;01:17:41.591064;Dbg;deqna;8526;deqna.cpp;2095;DEQNA: TX desc_read_words @ 01373256 words=6
17357;01:17:41.591337;Dbg;deqna;8526;deqna.cpp;2108;DEQNA: TX list end (V=0) - XI/XL set desc=1373256
17358;01:17:41.596746;Dbg;deqna;8526;deqna.cpp;2095;DEQNA: TX desc_read_words @ 01373256 words=6
17359;01:17:41.597025;Dbg;deqna;8526;deqna.cpp;2108;DEQNA: TX list end (V=0) - XI/XL set desc=1373256
17360;01:17:41.602372;Dbg;deqna;8526;deqna.cpp;2095;DEQNA: TX desc_read_words @ 01373256 words=6
17361;01:17:41.602619;Dbg;deqna;8526;deqna.cpp;2108;DEQNA: TX list end (V=0) - XI/XL set desc=1373256
17362;01:17:41.607971;Dbg;deqna;8526;deqna.cpp;2095;DEQNA: TX desc_read_words @ 01373256 words=6
17363;01:17:41.608234;Dbg;deqna;8526;deqna.cpp;2108;DEQNA: TX list end (V=0) - XI/XL set desc=1373256
17364;01:17:41.613560;Dbg;deqna;8526;deqna.cpp;2095;DEQNA: TX desc_read_words @ 01373256 words=6
17365;01:17:41.613809;Dbg;deqna;8526;deqna.cpp;2108;DEQNA: TX list end (V=0) - XI/XL set desc=1373256
17366;01:17:41.619242;Dbg;deqna;8526;deqna.cpp;2095;DEQNA: TX desc_read_words @ 01373256 words=6
17367;01:17:41.619519;Dbg;deqna;8526;deqna.cpp;2108;DEQNA: TX list end (V=0) - XI/XL set desc=1373256
17368;01:17:41.624962;Dbg;deqna;8526;deqna.cpp;2095;DEQNA: TX desc_read_words @ 01373256 words=6
17369;01:17:41.625253;Dbg;deqna;8526;deqna.cpp;2108;DEQNA: TX list end (V=0) - XI/XL set desc=1373256
17370;01:17:41.630568;Dbg;deqna;8526;deqna.cpp;2095;DEQNA: TX desc_read_words @ 01373256 words=6
17371;01:17:41.630803;Dbg;deqna;8526;deqna.cpp;2108;DEQNA: TX list end (V=0) - XI/XL set desc=1373256
17372;01:17:41.636145;Dbg;deqna;8526;deqna.cpp;2095;DEQNA: TX desc_read_words @ 01373256 words=6
17373;01:17:41.636385;Dbg;deqna;8526;deqna.cpp;2108;DEQNA: TX list end (V=0) - XI/XL set desc=1373256
17374;01:17:41.641745;Dbg;deqna;8526;deqna.cpp;2095;DEQNA: TX desc_read_words @ 01373256 words=6
17375;01:17:41.641907;Dbg;deqna;8526;deqna.cpp;2108;DEQNA: TX list end (V=0) - XI/XL set desc=1373256
17376;01:17:41.647083;Dbg;deqna;8526;deqna.cpp;2095;DEQNA: TX desc_read_words @ 01373256 words=6
17377;01:17:41.647234;Dbg;deqna;8526;deqna.cpp;2108;DEQNA: TX list end (V=0) - XI/XL set desc=1373256
17378;01:17:41.652451;Dbg;deqna;8526;deqna.cpp;2095;DEQNA: TX desc_read_words @ 01373256 words=6
17379;01:17:41.652599;Dbg;deqna;8526;deqna.cpp;2108;DEQNA: TX list end (V=0) - XI/XL set desc=1373256
17380;01:17:41.657755;Dbg;deqna;8526;deqna.cpp;2095;DEQNA: TX desc_read_words @ 01373256 words=6
17381;01:17:41.657890;Dbg;deqna;8526;deqna.cpp;2108;DEQNA: TX list end (V=0) - XI/XL set desc=1373256
17382;01:17:41.663061;Dbg;deqna;8526;deqna.cpp;2095;DEQNA: TX desc_read_words @ 01373256 words=6
17383;01:17:41.663197;Dbg;deqna;8526;deqna.cpp;2108;DEQNA: TX list end (V=0) - XI/XL set desc=1373256
17384;01:17:41.668370;Dbg;deqna;8526;deqna.cpp;2095;DEQNA: TX desc_read_words @ 01373256 words=6
17385;01:17:41.668514;Dbg;deqna;8526;deqna.cpp;2108;DEQNA: TX list end (V=0) - XI/XL set desc=1373256
17386;01:17:41.673667;Dbg;deqna;8526;deqna.cpp;2095;DEQNA: TX desc_read_words @ 01373256 words=6
17387;01:17:41.673796;Dbg;deqna;8526;deqna.cpp;2108;DEQNA: TX list end (V=0) - XI/XL set desc=1373256
17388;01:17:41.678968;Dbg;deqna;8526;deqna.cpp;2095;DEQNA: TX desc_read_words @ 01373256 words=6
17389;01:17:41.679101;Dbg;deqna;8526;deqna.cpp;2108;DEQNA: TX list end (V=0) - XI/XL set desc=1373256
17390;01:17:41.684271;Dbg;deqna;8526;deqna.cpp;2095;DEQNA: TX desc_read_words @ 01373256 words=6
17391;01:17:41.684399;Dbg;deqna;8526;deqna.cpp;2108;DEQNA: TX list end (V=0) - XI/XL set desc=1373256
17392;01:17:41.689569;Dbg;deqna;8526;deqna.cpp;2095;DEQNA: TX desc_read_words @ 01373256 words=6
17393;01:17:41.689735;Dbg;deqna;8526;deqna.cpp;2108;DEQNA: TX list end (V=0) - XI/XL set desc=1373256
17394;01:17:41.694887;Dbg;deqna;8526;deqna.cpp;2095;DEQNA: TX desc_read_words @ 01373256 words=6
17395;01:17:41.695012;Dbg;deqna;8526;deqna.cpp;2108;DEQNA: TX list end (V=0) - XI/XL set desc=1373256
17396;01:17:41.700185;Dbg;deqna;8526;deqna.cpp;2095;DEQNA: TX desc_read_words @ 01373256 words=6
17397;01:17:41.700317;Dbg;deqna;8526;deqna.cpp;2108;DEQNA: TX list end (V=0) - XI/XL set desc=1373256
17398;01:17:41.705485;Dbg;deqna;8526;deqna.cpp;2095;DEQNA: TX desc_read_words @ 01373256 words=6
17399;01:17:41.705612;Dbg;deqna;8526;deqna.cpp;2108;DEQNA: TX list end (V=0) - XI/XL set desc=1373256
17400;01:17:41.710797;Dbg;deqna;8526;deqna.cpp;2095;DEQNA: TX desc_read_words @ 01373256 words=6
17401;01:17:41.710938;Dbg;deqna;8526;deqna.cpp;2108;DEQNA: TX list end (V=0) - XI/XL set desc=1373256
17402;01:17:41.716091;Dbg;deqna;8526;deqna.cpp;2095;DEQNA: TX desc_read_words @ 01373256 words=6
17403;01:17:41.716222;Dbg;deqna;8526;deqna.cpp;2108;DEQNA: TX list end (V=0) - XI/XL set desc=1373256
17404;01:17:41.721387;Dbg;deqna;8526;deqna.cpp;2095;DEQNA: TX desc_read_words @ 01373256 words=6
17405;01:17:41.721523;Dbg;deqna;8526;deqna.cpp;2108;DEQNA: TX list end (V=0) - XI/XL set desc=1373256
17406;01:17:41.726689;Dbg;deqna;8526;deqna.cpp;2095;DEQNA: TX desc_read_words @ 01373256 words=6
17407;01:17:41.726853;Dbg;deqna;8526;deqna.cpp;2108;DEQNA: TX list end (V=0) - XI/XL set desc=1373256
17408;01:17:41.732012;Dbg;deqna;8526;deqna.cpp;2095;DEQNA: TX desc_read_words @ 01373256 words=6
17409;01:17:41.732143;Dbg;deqna;8526;deqna.cpp;2108;DEQNA: TX list end (V=0) - XI/XL set desc=1373256
17410;01:17:41.737295;Dbg;deqna;8526;deqna.cpp;2095;DEQNA: TX desc_read_words @ 01373256 words=6
17411;01:17:41.737421;Dbg;deqna;8526;deqna.cpp;2108;DEQNA: TX list end (V=0) - XI/XL set desc=1373256
17412;01:17:41.742576;Dbg;deqna;8526;deqna.cpp;2095;DEQNA: TX desc_read_words @ 01373256 words=6
17413;01:17:41.742710;Dbg;deqna;8526;deqna.cpp;2108;DEQNA: TX list end (V=0) - XI/XL set desc=1373256
17414;01:17:41.747861;Dbg;deqna;8526;deqna.cpp;2095;DEQNA: TX desc_read_words @ 01373256 words=6
17415;01:17:41.747988;Dbg;deqna;8526;deqna.cpp;2108;DEQNA: TX list end (V=0) - XI/XL set desc=1373256
17416;01:17:41.753142;Dbg;deqna;8526;deqna.cpp;2095;DEQNA: TX desc_read_words @ 01373256 words=6
17417;01:17:41.753272;Dbg;deqna;8526;deqna.cpp;2108;DEQNA: TX list end (V=0) - XI/XL set desc=1373256
17418;01:17:41.758424;Dbg;deqna;8526;deqna.cpp;2095;DEQNA: TX desc_read_words @ 01373256 words=6
17419;01:17:41.758549;Dbg;deqna;8526;deqna.cpp;2108;DEQNA: TX list end (V=0) - XI/XL set desc=1373256
17420;01:17:41.763726;Dbg;deqna;8526;deqna.cpp;2095;DEQNA: TX desc_read_words @ 01373256 words=6
17421;01:17:41.763902;Dbg;deqna;8526;deqna.cpp;2108;DEQNA: TX list end (V=0) - XI/XL set desc=1373256
17422;01:17:41.769071;Dbg;deqna;8526;deqna.cpp;2095;DEQNA: TX desc_read_words @ 01373256 words=6
17423;01:17:41.769200;Dbg;deqna;8526;deqna.cpp;2108;DEQNA: TX list end (V=0) - XI/XL set desc=1373256
17424;01:17:41.774364;Dbg;deqna;8526;deqna.cpp;2095;DEQNA: TX desc_read_words @ 01373256 words=6
17425;01:17:41.774495;Dbg;deqna;8526;deqna.cpp;2108;DEQNA: TX list end (V=0) - XI/XL set desc=1373256
17426;01:17:41.779674;Dbg;deqna;8526;deqna.cpp;2095;DEQNA: TX desc_read_words @ 01373256 words=6
17427;01:17:41.779805;Dbg;deqna;8526;deqna.cpp;2108;DEQNA: TX list end (V=0) - XI/XL set desc=1373256
17428;01:17:41.784975;Dbg;deqna;8526;deqna.cpp;2095;DEQNA: TX desc_read_words @ 01373256 words=6
17429;01:17:41.785108;Dbg;deqna;8526;deqna.cpp;2108;DEQNA: TX list end (V=0) - XI/XL set desc=1373256
17430;01:17:41.790271;Dbg;deqna;8526;deqna.cpp;2095;DEQNA: TX desc_read_words @ 01373256 words=6
17431;01:17:41.790398;Dbg;deqna;8526;deqna.cpp;2108;DEQNA: TX list end (V=0) - XI/XL set desc=1373256
17432;01:17:41.795554;Dbg;deqna;8526;deqna.cpp;2095;DEQNA: TX desc_read_words @ 01373256 words=6
17433;01:17:41.795686;Dbg;deqna;8526;deqna.cpp;2108;DEQNA: TX list end (V=0) - XI/XL set desc=1373256
17434;01:17:41.800851;Dbg;deqna;8526;deqna.cpp;2095;DEQNA: TX desc_read_words @ 01373256 words=6
17435;01:17:41.800995;Dbg;deqna;8526;deqna.cpp;2108;DEQNA: TX list end (V=0) - XI/XL set desc=1373256
17436;01:17:41.806221;Dbg;deqna;8526;deqna.cpp;2095;DEQNA: TX desc_read_words @ 01373256 words=6
17437;01:17:41.806367;Dbg;deqna;8526;deqna.cpp;2108;DEQNA: TX list end (V=0) - XI/XL set desc=1373256
17438;01:17:41.811613;Dbg;deqna;8526;deqna.cpp;2095;DEQNA: TX desc_read_words @ 01373256 words=6
17439;01:17:41.811771;Dbg;deqna;8526;deqna.cpp;2108;DEQNA: TX list end (V=0) - XI/XL set desc=1373256
17440;01:17:41.816934;Dbg;deqna;8526;deqna.cpp;2095;DEQNA: TX desc_read_words @ 01373256 words=6
17441;01:17:41.817069;Dbg;deqna;8526;deqna.cpp;2108;DEQNA: TX list end (V=0) - XI/XL set desc=1373256
17442;01:17:41.822237;Dbg;deqna;8526;deqna.cpp;2095;DEQNA: TX desc_read_words @ 01373256 words=6
17443;01:17:41.822370;Dbg;deqna;8526;deqna.cpp;2108;DEQNA: TX list end (V=0) - XI/XL set desc=1373256
17444;01:17:41.827544;Dbg;deqna;8526;deqna.cpp;2095;DEQNA: TX desc_read_words @ 01373256 words=6
17445;01:17:41.827678;Dbg;deqna;8526;deqna.cpp;2108;DEQNA: TX list end (V=0) - XI/XL set desc=1373256
17446;01:17:41.832841;Dbg;deqna;8526;deqna.cpp;2095;DEQNA: TX desc_read_words @ 01373256 words=6
17447;01:17:41.832968;Dbg;deqna;8526;deqna.cpp;2108;DEQNA: TX list end (V=0) - XI/XL set desc=1373256
17448;01:17:41.838122;Dbg;deqna;8526;deqna.cpp;2095;DEQNA: TX desc_read_words @ 01373256 words=6
17449;01:17:41.838253;Dbg;deqna;8526;deqna.cpp;2108;DEQNA: TX list end (V=0) - XI/XL set desc=1373256
17450;01:17:41.843437;Dbg;deqna;8526;deqna.cpp;2095;DEQNA: TX desc_read_words @ 01373256 words=6
17451;01:17:41.843578;Dbg;deqna;8526;deqna.cpp;2108;DEQNA: TX list end (V=0) - XI/XL set desc=1373256
17452;01:17:41.848763;Dbg;deqna;8526;deqna.cpp;2095;DEQNA: TX desc_read_words @ 01373256 words=6
17453;01:17:41.848975;Dbg;deqna;8526;deqna.cpp;2108;DEQNA: TX list end (V=0) - XI/XL set desc=1373256
17454;01:17:41.854131;Dbg;deqna;8526;deqna.cpp;2095;DEQNA: TX desc_read_words @ 01373256 words=6
17455;01:17:41.854259;Dbg;deqna;8526;deqna.cpp;2108;DEQNA: TX list end (V=0) - XI/XL set desc=1373256
17456;01:17:41.859166;Dbg;deqna;8525;deqna.cpp;1365;DEQNA: Enqueue RX type=2 len=60 status=000000 queue=0
17457;01:17:41.859304;Dbg;deqna;8525;deqna.cpp;1392;DEQNA: ENQ DBG type=2 len=60 data=ffffffffffff90dd 5d94cc6208060001 08000604000190dd 5d94cc62c0a8017b 000000000000c0a8 017b000000000000 0000000000000000 00000000
17458;01:17:41.859322;Dbg;deqna;8525;deqna.cpp;1613;DEQNA: RX desc_read_words @ 01373006 words=4
17459;01:17:41.859603;Dbg;deqna;8525;deqna.cpp;1721;DEQNA: RX deliver type=2 rbl=60 to addr=01517100 blen=2048 desc=1373006
17460;01:17:41.859778;Dbg;deqna;8525;deqna.cpp;1798;DEQNA: RX status type=2 st1=000370 st2=000000 desc=1373016
17461;01:17:41.859906;Dbg;deqna;8525;deqna.cpp;1865;DEQNA: RI set (rx_processed=1 queue=0 rbdl=1373022)
17462;01:17:41.859961;Dbg;deqna;8525;qunibusdevice.cpp;249;update_csr_reg CSR: STA0=177522 STA1=177524 RCLL=177400/172742 RCLH=177422/000005 XMTL=177464/173242 XMTH=177526/000005 VECTOR=000774/000774 CSR=110521/100701
17463;01:17:41.859970;Dbg;deqna;8525;deqna.cpp;643;DEQNA: CSR change prev=010521 now=110521 set=100000 clr=000000
17464;01:17:41.860010;Dbg;deqna;8525;qunibusdevice.cpp;249;update_csr_reg CSR: STA0=177522 STA1=177524 RCLL=177400/172742 RCLH=177422/000005 XMTL=177464/173242 XMTH=177526/000005 VECTOR=000774/000774 CSR=110521/100701
17465;01:17:41.860018;Dbg;deqna;8525;deqna.cpp;586;DEQNA: INTR assert, csr=110521 ie=1
17466;01:17:41.860028;Dbg;deqna;8525;deqna.cpp;724;DEQNA: INTR assert, csr=110521 vec=374 level=5
17467;01:17:41.860088;Dbg;deqna;8526;deqna.cpp;2095;DEQNA: TX desc_read_words @ 01373256 words=6
17468;01:17:41.860203;Dbg;deqna;8519;qunibusdevice.cpp;249;DATO CSR: STA0=177522 STA1=177524 RCLL=177400/172742 RCLH=177422/000005 XMTL=177464/173242 XMTH=177526/000005 VECTOR=000774/000774 CSR=110521/100701
17469;01:17:41.860216;Dbg;deqna;8519;deqna.cpp;1202;DEQNA: Write CSR (reg 7) = 100701 access=0
17470;01:17:41.860262;Dbg;deqna;8519;qunibusdevice.cpp;249;update_csr_reg CSR: STA0=177522 STA1=177524 RCLL=177400/172742 RCLH=177422/000005 XMTL=177464/173242 XMTH=177526/000005 VECTOR=000774/000774 CSR=010521/100701
17471;01:17:41.860268;Dbg;deqna;8519;deqna.cpp;643;DEQNA: CSR change prev=110521 now=010521 set=000501 clr=103216
17472;01:17:41.860280;Dbg;deqna;8519;deqna.cpp;595;DEQNA: INTR deassert, csr=010521 ie=1
17473;01:17:41.860289;Dbg;deqna;8519;deqna.cpp;730;DEQNA: INTR deassert, csr=010521
17474;01:17:41.860356;Dbg;deqna;8526;deqna.cpp;2108;DEQNA: TX list end (V=0) - XI/XL set desc=1373256
17475;01:17:41.861113;Dbg;deqna;8525;deqna.cpp;595;DEQNA: INTR deassert, csr=010521 ie=1
17476;01:17:41.865533;Dbg;deqna;8526;deqna.cpp;2095;DEQNA: TX desc_read_words @ 01373256 words=6
17477;01:17:41.865673;Dbg;deqna;8526;deqna.cpp;2108;DEQNA: TX list end (V=0) - XI/XL set desc=1373256
17478;01:17:41.870855;Dbg;deqna;8526;deqna.cpp;2095;DEQNA: TX desc_read_words @ 01373256 words=6
17479;01:17:41.870992;Dbg;deqna;8526;deqna.cpp;2108;DEQNA: TX list end (V=0) - XI/XL set desc=1373256
17480;01:17:41.876145;Dbg;deqna;8526;deqna.cpp;2095;DEQNA: TX desc_read_words @ 01373256 words=6
17481;01:17:41.876272;Dbg;deqna;8526;deqna.cpp;2108;DEQNA: TX list end (V=0) - XI/XL set desc=1373256
17482;01:17:41.881444;Dbg;deqna;8526;deqna.cpp;2095;DEQNA: TX desc_read_words @ 01373256 words=6
17483;01:17:41.881583;Dbg;deqna;8526;deqna.cpp;2108;DEQNA: TX list end (V=0) - XI/XL set desc=1373256
17484;01:17:41.886755;Dbg;deqna;8526;deqna.cpp;2095;DEQNA: TX desc_read_words @ 01373256 words=6
17485;01:17:41.886884;Dbg;deqna;8526;deqna.cpp;2108;DEQNA: TX list end (V=0) - XI/XL set desc=1373256
17486;01:17:41.892127;Dbg;deqna;8526;deqna.cpp;2095;DEQNA: TX desc_read_words @ 01373256 words=6
17487;01:17:41.892283;Dbg;deqna;8526;deqna.cpp;2108;DEQNA: TX list end (V=0) - XI/XL set desc=1373256
17488;01:17:41.897433;Dbg;deqna;8526;deqna.cpp;2095;DEQNA: TX desc_read_words @ 01373256 words=6
17489;01:17:41.897559;Dbg;deqna;8526;deqna.cpp;2108;DEQNA: TX list end (V=0) - XI/XL set desc=1373256
17490;01:17:41.902762;Dbg;deqna;8526;deqna.cpp;2095;DEQNA: TX desc_read_words @ 01373256 words=6
17491;01:17:41.902897;Dbg;deqna;8526;deqna.cpp;2108;DEQNA: TX list end (V=0) - XI/XL set desc=1373256
17492;01:17:41.908087;Dbg;deqna;8526;deqna.cpp;2095;DEQNA: TX desc_read_words @ 01373256 words=6
17493;01:17:41.908237;Dbg;deqna;8526;deqna.cpp;2108;DEQNA: TX list end (V=0) - XI/XL set desc=1373256
17494;01:17:41.913396;Dbg;deqna;8526;deqna.cpp;2095;DEQNA: TX desc_read_words @ 01373256 words=6
17495;01:17:41.913543;Dbg;deqna;8526;deqna.cpp;2108;DEQNA: TX list end (V=0) - XI/XL set desc=1373256
17496;01:17:41.918702;Dbg;deqna;8526;deqna.cpp;2095;DEQNA: TX desc_read_words @ 01373256 words=6
17497;01:17:41.918835;Dbg;deqna;8526;deqna.cpp;2108;DEQNA: TX list end (V=0) - XI/XL set desc=1373256
17498;01:17:41.924007;Dbg;deqna;8526;deqna.cpp;2095;DEQNA: TX desc_read_words @ 01373256 words=6
17499;01:17:41.924154;Dbg;deqna;8526;deqna.cpp;2108;DEQNA: TX list end (V=0) - XI/XL set desc=1373256
17500;01:17:41.929381;Dbg;deqna;8526;deqna.cpp;2095;DEQNA: TX desc_read_words @ 01373256 words=6
17501;01:17:41.929532;Dbg;deqna;8526;deqna.cpp;2108;DEQNA: TX list end (V=0) - XI/XL set desc=1373256
17502;01:17:41.934683;Dbg;deqna;8526;deqna.cpp;2095;DEQNA: TX desc_read_words @ 01373256 words=6
17503;01:17:41.934820;Dbg;deqna;8526;deqna.cpp;2108;DEQNA: TX list end (V=0) - XI/XL set desc=1373256
17504;01:17:41.940084;Dbg;deqna;8526;deqna.cpp;2095;DEQNA: TX desc_read_words @ 01373256 words=6
17505;01:17:41.940375;Dbg;deqna;8526;deqna.cpp;2108;DEQNA: TX list end (V=0) - XI/XL set desc=1373256
17506;01:17:41.945749;Dbg;deqna;8526;deqna.cpp;2095;DEQNA: TX desc_read_words @ 01373256 words=6
17507;01:17:41.946007;Dbg;deqna;8526;deqna.cpp;2108;DEQNA: TX list end (V=0) - XI/XL set desc=1373256
17508;01:17:41.951340;Dbg;deqna;8526;deqna.cpp;2095;DEQNA: TX desc_read_words @ 01373256 words=6
17509;01:17:41.951635;Dbg;deqna;8526;deqna.cpp;2108;DEQNA: TX list end (V=0) - XI/XL set desc=1373256
17510;01:17:41.957059;Dbg;deqna;8526;deqna.cpp;2095;DEQNA: TX desc_read_words @ 01373256 words=6
17511;01:17:41.957344;Dbg;deqna;8526;deqna.cpp;2108;DEQNA: TX list end (V=0) - XI/XL set desc=1373256
17512;01:17:41.962665;Dbg;deqna;8526;deqna.cpp;2095;DEQNA: TX desc_read_words @ 01373256 words=6
17513;01:17:41.962907;Dbg;deqna;8526;deqna.cpp;2108;DEQNA: TX list end (V=0) - XI/XL set desc=1373256
17514;01:17:41.968250;Dbg;deqna;8526;deqna.cpp;2095;DEQNA: TX desc_read_words @ 01373256 words=6
17515;01:17:41.968495;Dbg;deqna;8526;deqna.cpp;2108;DEQNA: TX list end (V=0) - XI/XL set desc=1373256
17516;01:17:41.973784;Dbg;deqna;8526;deqna.cpp;2095;DEQNA: TX desc_read_words @ 01373256 words=6
17517;01:17:41.974020;Dbg;deqna;8526;deqna.cpp;2108;DEQNA: TX list end (V=0) - XI/XL set desc=1373256
17518;01:17:41.979352;Dbg;deqna;8526;deqna.cpp;2095;DEQNA: TX desc_read_words @ 01373256 words=6
17519;01:17:41.979651;Dbg;deqna;8526;deqna.cpp;2108;DEQNA: TX list end (V=0) - XI/XL set desc=1373256
17520;01:17:41.985092;Dbg;deqna;8526;deqna.cpp;2095;DEQNA: TX desc_read_words @ 01373256 words=6
17521;01:17:41.985371;Dbg;deqna;8526;deqna.cpp;2108;DEQNA: TX list end (V=0) - XI/XL set desc=1373256
17522;01:17:41.990695;Dbg;deqna;8526;deqna.cpp;2095;DEQNA: TX desc_read_words @ 01373256 words=6
17523;01:17:41.990938;Dbg;deqna;8526;deqna.cpp;2108;DEQNA: TX list end (V=0) - XI/XL set desc=1373256
17524;01:17:41.996233;Dbg;deqna;8526;deqna.cpp;2095;DEQNA: TX desc_read_words @ 01373256 words=6
17525;01:17:41.996464;Dbg;deqna;8526;deqna.cpp;2108;DEQNA: TX list end (V=0) - XI/XL set desc=1373256
17526;01:17:42.001840;Dbg;deqna;8526;deqna.cpp;2095;DEQNA: TX desc_read_words @ 01373256 words=6
17527;01:17:42.002082;Dbg;deqna;8526;deqna.cpp;2108;DEQNA: TX list end (V=0) - XI/XL set desc=1373256
17528;01:17:42.007546;Dbg;deqna;8526;deqna.cpp;2095;DEQNA: TX desc_read_words @ 01373256 words=6
17529;01:17:42.007840;Dbg;deqna;8526;deqna.cpp;2108;DEQNA: TX list end (V=0) - XI/XL set desc=1373256
17530;01:17:42.013232;Dbg;deqna;8526;deqna.cpp;2095;DEQNA: TX desc_read_words @ 01373256 words=6
17531;01:17:42.013579;Dbg;deqna;8526;deqna.cpp;2108;DEQNA: TX list end (V=0) - XI/XL set desc=1373256
17532;01:17:42.018883;Dbg;deqna;8526;deqna.cpp;2095;DEQNA: TX desc_read_words @ 01373256 words=6
17533;01:17:42.019133;Dbg;deqna;8526;deqna.cpp;2108;DEQNA: TX list end (V=0) - XI/XL set desc=1373256
17534;01:17:42.019779;Dbg;deqna;8525;deqna.cpp;1365;DEQNA: Enqueue RX type=2 len=60 status=000000 queue=0
17535;01:17:42.020078;Dbg;deqna;8525;deqna.cpp;1392;DEQNA: ENQ DBG type=2 len=60 data=fffffffffffff4e2 c62f6b4208060001 080006040001f4e2 c62f6b42c0a80019 ffffffffffffc0a8 0101000000000000 0000000000000000 00000000
17536;01:17:42.020113;Dbg;deqna;8525;deqna.cpp;1613;DEQNA: RX desc_read_words @ 01373022 words=4
17537;01:17:42.020593;Dbg;deqna;8525;deqna.cpp;1721;DEQNA: RX deliver type=2 rbl=60 to addr=01523100 blen=2048 desc=1373022
17538;01:17:42.020859;Dbg;deqna;8525;deqna.cpp;1798;DEQNA: RX status type=2 st1=000370 st2=000000 desc=1373032
17539;01:17:42.021088;Dbg;deqna;8525;deqna.cpp;1865;DEQNA: RI set (rx_processed=1 queue=0 rbdl=1373036)
17540;01:17:42.021191;Dbg;deqna;8525;qunibusdevice.cpp;249;update_csr_reg CSR: STA0=177522 STA1=177524 RCLL=177400/172742 RCLH=177422/000005 XMTL=177464/173242 XMTH=177526/000005 VECTOR=000774/000774 CSR=110521/100701
17541;01:17:42.021207;Dbg;deqna;8525;deqna.cpp;643;DEQNA: CSR change prev=010521 now=110521 set=100000 clr=000000
17542;01:17:42.021320;Dbg;deqna;8525;qunibusdevice.cpp;249;update_csr_reg CSR: STA0=177522 STA1=177524 RCLL=177400/172742 RCLH=177422/000005 XMTL=177464/173242 XMTH=177526/000005 VECTOR=000774/000774 CSR=110521/100701
17543;01:17:42.021336;Dbg;deqna;8525;deqna.cpp;586;DEQNA: INTR assert, csr=110521 ie=1
17544;01:17:42.021356;Dbg;deqna;8525;deqna.cpp;724;DEQNA: INTR assert, csr=110521 vec=374 level=5
17545;01:17:42.021600;Dbg;deqna;8519;qunibusdevice.cpp;249;DATO CSR: STA0=177522 STA1=177524 RCLL=177400/172742 RCLH=177422/000005 XMTL=177464/173242 XMTH=177526/000005 VECTOR=000774/000774 CSR=110521/100701
17546;01:17:42.021622;Dbg;deqna;8519;deqna.cpp;1202;DEQNA: Write CSR (reg 7) = 100701 access=0
17547;01:17:42.021706;Dbg;deqna;8519;qunibusdevice.cpp;249;update_csr_reg CSR: STA0=177522 STA1=177524 RCLL=177400/172742 RCLH=177422/000005 XMTL=177464/173242 XMTH=177526/000005 VECTOR=000774/000774 CSR=010521/100701
17548;01:17:42.021718;Dbg;deqna;8519;deqna.cpp;643;DEQNA: CSR change prev=110521 now=010521 set=000501 clr=103216
17549;01:17:42.021743;Dbg;deqna;8519;deqna.cpp;595;DEQNA: INTR deassert, csr=010521 ie=1
17550;01:17:42.021761;Dbg;deqna;8519;deqna.cpp;730;DEQNA: INTR deassert, csr=010521
17551;01:17:42.022539;Dbg;deqna;8525;deqna.cpp;595;DEQNA: INTR deassert, csr=010521 ie=1
17552;01:17:42.024793;Dbg;deqna;8526;deqna.cpp;2095;DEQNA: TX desc_read_words @ 01373256 words=6
17553;01:17:42.025056;Dbg;deqna;8526;deqna.cpp;2108;DEQNA: TX list end (V=0) - XI/XL set desc=1373256
17554;01:17:42.030353;Dbg;deqna;8526;deqna.cpp;2095;DEQNA: TX desc_read_words @ 01373256 words=6
17555;01:17:42.030605;Dbg;deqna;8526;deqna.cpp;2108;DEQNA: TX list end (V=0) - XI/XL set desc=1373256
17556;01:17:42.035915;Dbg;deqna;8526;deqna.cpp;2095;DEQNA: TX desc_read_words @ 01373256 words=6
17557;01:17:42.036179;Dbg;deqna;8526;deqna.cpp;2108;DEQNA: TX list end (V=0) - XI/XL set desc=1373256
17558;01:17:42.041498;Dbg;deqna;8526;deqna.cpp;2095;DEQNA: TX desc_read_words @ 01373256 words=6
17559;01:17:42.041835;Dbg;deqna;8526;deqna.cpp;2108;DEQNA: TX list end (V=0) - XI/XL set desc=1373256
17560;01:17:42.047154;Dbg;deqna;8526;deqna.cpp;2095;DEQNA: TX desc_read_words @ 01373256 words=6
17561;01:17:42.047427;Dbg;deqna;8526;deqna.cpp;2108;DEQNA: TX list end (V=0) - XI/XL set desc=1373256
17562;01:17:42.052724;Dbg;deqna;8526;deqna.cpp;2095;DEQNA: TX desc_read_words @ 01373256 words=6
17563;01:17:42.052976;Dbg;deqna;8526;deqna.cpp;2108;DEQNA: TX list end (V=0) - XI/XL set desc=1373256
17564;01:17:42.058293;Dbg;deqna;8526;deqna.cpp;2095;DEQNA: TX desc_read_words @ 01373256 words=6
17565;01:17:42.058541;Dbg;deqna;8526;deqna.cpp;2108;DEQNA: TX list end (V=0) - XI/XL set desc=1373256
17566;01:17:42.059904;Dbg;deqna;8525;deqna.cpp;1365;DEQNA: Enqueue RX type=2 len=60 status=000000 queue=0
17567;01:17:42.060157;Dbg;deqna;8525;deqna.cpp;1392;DEQNA: ENQ DBG type=2 len=60 data=ffffffffffff6c63 f898f58308060001 0800060400016c63 f898f583c0a8019f 000000000000c0a8 019f000000000000 0000000000000000 00000000
17568;01:17:42.060190;Dbg;deqna;8525;deqna.cpp;1613;DEQNA: RX desc_read_words @ 01373036 words=4
17569;01:17:42.060623;Dbg;deqna;8525;deqna.cpp;1721;DEQNA: RX deliver type=2 rbl=60 to addr=01527100 blen=2048 desc=1373036
17570;01:17:42.060943;Dbg;deqna;8525;deqna.cpp;1798;DEQNA: RX status type=2 st1=000370 st2=000000 desc=1373046
17571;01:17:42.061175;Dbg;deqna;8525;deqna.cpp;1865;DEQNA: RI set (rx_processed=1 queue=0 rbdl=1373052)
17572;01:17:42.061276;Dbg;deqna;8525;qunibusdevice.cpp;249;update_csr_reg CSR: STA0=177522 STA1=177524 RCLL=177400/172742 RCLH=177422/000005 XMTL=177464/173242 XMTH=177526/000005 VECTOR=000774/000774 CSR=110521/100701
17573;01:17:42.061291;Dbg;deqna;8525;deqna.cpp;643;DEQNA: CSR change prev=010521 now=110521 set=100000 clr=000000
17574;01:17:42.061370;Dbg;deqna;8525;qunibusdevice.cpp;249;update_csr_reg CSR: STA0=177522 STA1=177524 RCLL=177400/172742 RCLH=177422/000005 XMTL=177464/173242 XMTH=177526/000005 VECTOR=000774/000774 CSR=110521/100701
17575;01:17:42.061385;Dbg;deqna;8525;deqna.cpp;586;DEQNA: INTR assert, csr=110521 ie=1
17576;01:17:42.061402;Dbg;deqna;8525;deqna.cpp;724;DEQNA: INTR assert, csr=110521 vec=374 level=5
17577;01:17:42.061613;Dbg;deqna;8519;qunibusdevice.cpp;249;DATO CSR: STA0=177522 STA1=177524 RCLL=177400/172742 RCLH=177422/000005 XMTL=177464/173242 XMTH=177526/000005 VECTOR=000774/000774 CSR=110521/100701
17578;01:17:42.061634;Dbg;deqna;8519;deqna.cpp;1202;DEQNA: Write CSR (reg 7) = 100701 access=0
17579;01:17:42.061716;Dbg;deqna;8519;qunibusdevice.cpp;249;update_csr_reg CSR: STA0=177522 STA1=177524 RCLL=177400/172742 RCLH=177422/000005 XMTL=177464/173242 XMTH=177526/000005 VECTOR=000774/000774 CSR=010521/100701
17580;01:17:42.061729;Dbg;deqna;8519;deqna.cpp;643;DEQNA: CSR change prev=110521 now=010521 set=000501 clr=103216
17581;01:17:42.061753;Dbg;deqna;8519;deqna.cpp;595;DEQNA: INTR deassert, csr=010521 ie=1
17582;01:17:42.061770;Dbg;deqna;8519;deqna.cpp;730;DEQNA: INTR deassert, csr=010521
17583;01:17:42.061883;Dbg;deqna;8526;deqna.cpp;595;DEQNA: INTR deassert, csr=010521 ie=1
17584;01:17:42.064033;Dbg;deqna;8526;deqna.cpp;2095;DEQNA: TX desc_read_words @ 01373256 words=6
17585;01:17:42.064293;Dbg;deqna;8526;deqna.cpp;2108;DEQNA: TX list end (V=0) - XI/XL set desc=1373256
17586;01:17:42.069653;Dbg;deqna;8526;deqna.cpp;2095;DEQNA: TX desc_read_words @ 01373256 words=6
17587;01:17:42.069941;Dbg;deqna;8526;deqna.cpp;2108;DEQNA: TX list end (V=0) - XI/XL set desc=1373256
17588;01:17:42.075343;Dbg;deqna;8526;deqna.cpp;2095;DEQNA: TX desc_read_words @ 01373256 words=6
17589;01:17:42.075625;Dbg;deqna;8526;deqna.cpp;2108;DEQNA: TX list end (V=0) - XI/XL set desc=1373256
17590;01:17:42.080966;Dbg;deqna;8526;deqna.cpp;2095;DEQNA: TX desc_read_words @ 01373256 words=6
17591;01:17:42.081213;Dbg;deqna;8526;deqna.cpp;2108;DEQNA: TX list end (V=0) - XI/XL set desc=1373256
17592;01:17:42.086543;Dbg;deqna;8526;deqna.cpp;2095;DEQNA: TX desc_read_words @ 01373256 words=6
17593;01:17:42.086777;Dbg;deqna;8526;deqna.cpp;2108;DEQNA: TX list end (V=0) - XI/XL set desc=1373256
17594;01:17:42.092101;Dbg;deqna;8526;deqna.cpp;2095;DEQNA: TX desc_read_words @ 01373256 words=6
17595;01:17:42.092346;Dbg;deqna;8526;deqna.cpp;2108;DEQNA: TX list end (V=0) - XI/XL set desc=1373256
17596;01:17:42.097638;Dbg;deqna;8526;deqna.cpp;2095;DEQNA: TX desc_read_words @ 01373256 words=6
17597;01:17:42.097921;Dbg;deqna;8526;deqna.cpp;2108;DEQNA: TX list end (V=0) - XI/XL set desc=1373256
17598;01:17:42.103326;Dbg;deqna;8526;deqna.cpp;2095;DEQNA: TX desc_read_words @ 01373256 words=6
17599;01:17:42.103644;Dbg;deqna;8526;deqna.cpp;2108;DEQNA: TX list end (V=0) - XI/XL set desc=1373256
17600;01:17:42.108987;Dbg;deqna;8526;deqna.cpp;2095;DEQNA: TX desc_read_words @ 01373256 words=6
17601;01:17:42.109283;Dbg;deqna;8526;deqna.cpp;2108;DEQNA: TX list end (V=0) - XI/XL set desc=1373256
17602;01:17:42.114597;Dbg;deqna;8526;deqna.cpp;2095;DEQNA: TX desc_read_words @ 01373256 words=6
17603;01:17:42.114854;Dbg;deqna;8526;deqna.cpp;2108;DEQNA: TX list end (V=0) - XI/XL set desc=1373256
17604;01:17:42.120165;Dbg;deqna;8526;deqna.cpp;2095;DEQNA: TX desc_read_words @ 01373256 words=6
17605;01:17:42.120432;Dbg;deqna;8526;deqna.cpp;2108;DEQNA: TX list end (V=0) - XI/XL set desc=1373256
17606;01:17:42.125888;Dbg;deqna;8526;deqna.cpp;2095;DEQNA: TX desc_read_words @ 01373256 words=6
17607;01:17:42.126162;Dbg;deqna;8526;deqna.cpp;2108;DEQNA: TX list end (V=0) - XI/XL set desc=1373256
17608;01:17:42.131605;Dbg;deqna;8526;deqna.cpp;2095;DEQNA: TX desc_read_words @ 01373256 words=6
17609;01:17:42.131886;Dbg;deqna;8526;deqna.cpp;2108;DEQNA: TX list end (V=0) - XI/XL set desc=1373256
17610;01:17:42.137197;Dbg;deqna;8526;deqna.cpp;2095;DEQNA: TX desc_read_words @ 01373256 words=6
17611;01:17:42.137438;Dbg;deqna;8526;deqna.cpp;2108;DEQNA: TX list end (V=0) - XI/XL set desc=1373256
17612;01:17:42.142736;Dbg;deqna;8526;deqna.cpp;2095;DEQNA: TX desc_read_words @ 01373256 words=6
17613;01:17:42.142972;Dbg;deqna;8526;deqna.cpp;2108;DEQNA: TX list end (V=0) - XI/XL set desc=1373256
17614;01:17:42.148289;Dbg;deqna;8526;deqna.cpp;2095;DEQNA: TX desc_read_words @ 01373256 words=6
17615;01:17:42.148528;Dbg;deqna;8526;deqna.cpp;2108;DEQNA: TX list end (V=0) - XI/XL set desc=1373256
17616;01:17:42.153845;Dbg;deqna;8526;deqna.cpp;2095;DEQNA: TX desc_read_words @ 01373256 words=6
17617;01:17:42.154166;Dbg;deqna;8526;deqna.cpp;2108;DEQNA: TX list end (V=0) - XI/XL set desc=1373256
17618;01:17:42.159491;Dbg;deqna;8526;deqna.cpp;2095;DEQNA: TX desc_read_words @ 01373256 words=6
17619;01:17:42.159822;Dbg;deqna;8526;deqna.cpp;2108;DEQNA: TX list end (V=0) - XI/XL set desc=1373256
17620;01:17:42.165145;Dbg;deqna;8526;deqna.cpp;2095;DEQNA: TX desc_read_words @ 01373256 words=6
17621;01:17:42.165418;Dbg;deqna;8526;deqna.cpp;2108;DEQNA: TX list end (V=0) - XI/XL set desc=1373256
17622;01:17:42.170753;Dbg;deqna;8526;deqna.cpp;2095;DEQNA: TX desc_read_words @ 01373256 words=6
17623;01:17:42.170998;Dbg;deqna;8526;deqna.cpp;2108;DEQNA: TX list end (V=0) - XI/XL set desc=1373256
17624;01:17:42.176435;Dbg;deqna;8526;deqna.cpp;2095;DEQNA: TX desc_read_words @ 01373256 words=6
17625;01:17:42.176790;Dbg;deqna;8526;deqna.cpp;2108;DEQNA: TX list end (V=0) - XI/XL set desc=1373256
17626;01:17:42.180217;Dbg;deqna;8525;deqna.cpp;1365;DEQNA: Enqueue RX type=2 len=60 status=000000 queue=0
17627;01:17:42.180478;Dbg;deqna;8525;deqna.cpp;1392;DEQNA: ENQ DBG type=2 len=60 data=ffffffffffff90dd 5d94cc6208060001 08000604000190dd 5d94cc62c0a8017b 000000000000c0a8 017b000000000000 0000000000000000 00000000
17628;01:17:42.180513;Dbg;deqna;8525;deqna.cpp;1613;DEQNA: RX desc_read_words @ 01373052 words=4
17629;01:17:42.180972;Dbg;deqna;8525;deqna.cpp;1721;DEQNA: RX deliver type=2 rbl=60 to addr=01533100 blen=2048 desc=1373052
17630;01:17:42.181312;Dbg;deqna;8525;deqna.cpp;1798;DEQNA: RX status type=2 st1=000370 st2=000000 desc=1373062
17631;01:17:42.181549;Dbg;deqna;8525;deqna.cpp;1865;DEQNA: RI set (rx_processed=1 queue=0 rbdl=1373066)
17632;01:17:42.181654;Dbg;deqna;8525;qunibusdevice.cpp;249;update_csr_reg CSR: STA0=177522 STA1=177524 RCLL=177400/172742 RCLH=177422/000005 XMTL=177464/173242 XMTH=177526/000005 VECTOR=000774/000774 CSR=110521/100701
17633;01:17:42.181669;Dbg;deqna;8525;deqna.cpp;643;DEQNA: CSR change prev=010521 now=110521 set=100000 clr=000000
17634;01:17:42.181749;Dbg;deqna;8525;qunibusdevice.cpp;249;update_csr_reg CSR: STA0=177522 STA1=177524 RCLL=177400/172742 RCLH=177422/000005 XMTL=177464/173242 XMTH=177526/000005 VECTOR=000774/000774 CSR=110521/100701
17635;01:17:42.181764;Dbg;deqna;8525;deqna.cpp;586;DEQNA: INTR assert, csr=110521 ie=1
17636;01:17:42.181782;Dbg;deqna;8525;deqna.cpp;724;DEQNA: INTR assert, csr=110521 vec=374 level=5
17637;01:17:42.181999;Dbg;deqna;8519;qunibusdevice.cpp;249;DATO CSR: STA0=177522 STA1=177524 RCLL=177400/172742 RCLH=177422/000005 XMTL=177464/173242 XMTH=177526/000005 VECTOR=000774/000774 CSR=110521/100701
17638;01:17:42.182019;Dbg;deqna;8519;deqna.cpp;1202;DEQNA: Write CSR (reg 7) = 100701 access=0
17639;01:17:42.182106;Dbg;deqna;8519;qunibusdevice.cpp;249;update_csr_reg CSR: STA0=177522 STA1=177524 RCLL=177400/172742 RCLH=177422/000005 XMTL=177464/173242 XMTH=177526/000005 VECTOR=000774/000774 CSR=010521/100701
17640;01:17:42.182119;Dbg;deqna;8519;deqna.cpp;643;DEQNA: CSR change prev=110521 now=010521 set=000501 clr=103216
17641;01:17:42.182141;Dbg;deqna;8519;deqna.cpp;595;DEQNA: INTR deassert, csr=010521 ie=1
17642;01:17:42.182158;Dbg;deqna;8519;deqna.cpp;730;DEQNA: INTR deassert, csr=010521
17643;01:17:42.182337;Dbg;deqna;8526;deqna.cpp;595;DEQNA: INTR deassert, csr=010521 ie=1
17644;01:17:42.182383;Dbg;deqna;8526;deqna.cpp;2095;DEQNA: TX desc_read_words @ 01373256 words=6
17645;01:17:42.182623;Dbg;deqna;8526;deqna.cpp;2108;DEQNA: TX list end (V=0) - XI/XL set desc=1373256
17646;01:17:42.182929;Dbg;deqna;8525;deqna.cpp;1365;DEQNA: Enqueue RX type=2 len=60 status=000000 queue=0
17647;01:17:42.183171;Dbg;deqna;8525;deqna.cpp;1392;DEQNA: ENQ DBG type=2 len=60 data=ffffffffffff90dd 5d94cc6208060001 08000604000190dd 5d94cc62c0a8017b 000000000000c0a8 0101000000000000 0000000000000000 00000000
17648;01:17:42.183206;Dbg;deqna;8525;deqna.cpp;1613;DEQNA: RX desc_read_words @ 01373066 words=4
17649;01:17:42.183643;Dbg;deqna;8525;deqna.cpp;1721;DEQNA: RX deliver type=2 rbl=60 to addr=01537100 blen=2048 desc=1373066
17650;01:17:42.183960;Dbg;deqna;8525;deqna.cpp;1798;DEQNA: RX status type=2 st1=000370 st2=000000 desc=1373076
17651;01:17:42.184189;Dbg;deqna;8525;deqna.cpp;1865;DEQNA: RI set (rx_processed=1 queue=0 rbdl=1373102)
17652;01:17:42.184285;Dbg;deqna;8525;qunibusdevice.cpp;249;update_csr_reg CSR: STA0=177522 STA1=177524 RCLL=177400/172742 RCLH=177422/000005 XMTL=177464/173242 XMTH=177526/000005 VECTOR=000774/000774 CSR=110521/100701
17653;01:17:42.184299;Dbg;deqna;8525;deqna.cpp;643;DEQNA: CSR change prev=010521 now=110521 set=100000 clr=000000
17654;01:17:42.184377;Dbg;deqna;8525;qunibusdevice.cpp;249;update_csr_reg CSR: STA0=177522 STA1=177524 RCLL=177400/172742 RCLH=177422/000005 XMTL=177464/173242 XMTH=177526/000005 VECTOR=000774/000774 CSR=110521/100701
17655;01:17:42.184390;Dbg;deqna;8525;deqna.cpp;586;DEQNA: INTR assert, csr=110521 ie=1
17656;01:17:42.184407;Dbg;deqna;8525;deqna.cpp;724;DEQNA: INTR assert, csr=110521 vec=374 level=5
17657;01:17:42.184870;Dbg;deqna;8526;deqna.cpp;595;DEQNA: INTR deassert, csr=110521 ie=1
17658;01:17:42.184902;Dbg;deqna;8526;deqna.cpp;730;DEQNA: INTR deassert, csr=110521
17659;01:17:42.185077;Dbg;deqna;8519;qunibusdevice.cpp;249;DATO CSR: STA0=177522 STA1=177524 RCLL=177400/172742 RCLH=177422/000005 XMTL=177464/173242 XMTH=177526/000005 VECTOR=000774/000774 CSR=110521/100701
17660;01:17:42.185096;Dbg;deqna;8519;deqna.cpp;1202;DEQNA: Write CSR (reg 7) = 100701 access=0
17661;01:17:42.185179;Dbg;deqna;8519;qunibusdevice.cpp;249;update_csr_reg CSR: STA0=177522 STA1=177524 RCLL=177400/172742 RCLH=177422/000005 XMTL=177464/173242 XMTH=177526/000005 VECTOR=000774/000774 CSR=010521/100701
17662;01:17:42.185192;Dbg;deqna;8519;deqna.cpp;643;DEQNA: CSR change prev=110521 now=010521 set=000501 clr=103216
17663;01:17:42.185213;Dbg;deqna;8519;deqna.cpp;586;DEQNA: INTR assert, csr=010521 ie=1
17664;01:17:42.185229;Dbg;deqna;8519;deqna.cpp;724;DEQNA: INTR assert, csr=010521 vec=374 level=5
17665;01:17:42.185540;Dbg;deqna;8525;deqna.cpp;1365;DEQNA: Enqueue RX type=2 len=60 status=000000 queue=0
17666;01:17:42.185774;Dbg;deqna;8525;deqna.cpp;1392;DEQNA: ENQ DBG type=2 len=60 data=ffffffffffff90dd 5d94cc6208060001 08000604000190dd 5d94cc62c0a8017b 000000000000a9fe ffff000000000000 0000000000000000 00000000
17667;01:17:42.185804;Dbg;deqna;8525;deqna.cpp;1613;DEQNA: RX desc_read_words @ 01373102 words=4
17668;01:17:42.186283;Dbg;deqna;8525;deqna.cpp;1721;DEQNA: RX deliver type=2 rbl=60 to addr=01543100 blen=2048 desc=1373102
17669;01:17:42.186572;Dbg;deqna;8525;deqna.cpp;1798;DEQNA: RX status type=2 st1=000370 st2=000000 desc=1373112
17670;01:17:42.186780;Dbg;deqna;8519;qunibusdevice.cpp;249;DATO CSR: STA0=177522 STA1=177524 RCLL=177400/172742 RCLH=177422/000005 XMTL=177464/173242 XMTH=177526/000005 VECTOR=000774/000774 CSR=010521/100701
17671;01:17:42.186797;Dbg;deqna;8519;deqna.cpp;1202;DEQNA: Write CSR (reg 7) = 100701 access=0
17672;01:17:42.186876;Dbg;deqna;8519;qunibusdevice.cpp;249;update_csr_reg CSR: STA0=177522 STA1=177524 RCLL=177400/172742 RCLH=177422/000005 XMTL=177464/173242 XMTH=177526/000005 VECTOR=000774/000774 CSR=010521/100701
17673;01:17:42.187113;Dbg;deqna;8525;deqna.cpp;1865;DEQNA: RI set (rx_processed=1 queue=0 rbdl=1373116)
17674;01:17:42.187210;Dbg;deqna;8525;qunibusdevice.cpp;249;update_csr_reg CSR: STA0=177522 STA1=177524 RCLL=177400/172742 RCLH=177422/000005 XMTL=177464/173242 XMTH=177526/000005 VECTOR=000774/000774 CSR=110521/100701
17675;01:17:42.187223;Dbg;deqna;8525;deqna.cpp;643;DEQNA: CSR change prev=010521 now=110521 set=100000 clr=000000
17676;01:17:42.187301;Dbg;deqna;8525;qunibusdevice.cpp;249;update_csr_reg CSR: STA0=177522 STA1=177524 RCLL=177400/172742 RCLH=177422/000005 XMTL=177464/173242 XMTH=177526/000005 VECTOR=000774/000774 CSR=110521/100701
17677;01:17:42.187347;Dbg;deqna;8526;deqna.cpp;595;DEQNA: INTR deassert, csr=110521 ie=1
17678;01:17:42.187375;Dbg;deqna;8526;deqna.cpp;730;DEQNA: INTR deassert, csr=110521
17679;01:17:42.188492;Dbg;deqna;8526;deqna.cpp;2095;DEQNA: TX desc_read_words @ 01373256 words=6
17680;01:17:42.188861;Dbg;deqna;8526;deqna.cpp;2108;DEQNA: TX list end (V=0) - XI/XL set desc=1373256
17681;01:17:42.188899;Dbg;deqna;8526;deqna.cpp;586;DEQNA: INTR assert, csr=110521 ie=1
17682;01:17:42.188917;Dbg;deqna;8526;deqna.cpp;724;DEQNA: INTR assert, csr=110521 vec=374 level=5
17683;01:17:42.189129;Dbg;deqna;8519;qunibusdevice.cpp;249;DATO CSR: STA0=177522 STA1=177524 RCLL=177400/172742 RCLH=177422/000005 XMTL=177464/173242 XMTH=177526/000005 VECTOR=000774/000774 CSR=110521/100701
17684;01:17:42.189149;Dbg;deqna;8519;deqna.cpp;1202;DEQNA: Write CSR (reg 7) = 100701 access=0
17685;01:17:42.189229;Dbg;deqna;8519;qunibusdevice.cpp;249;update_csr_reg CSR: STA0=177522 STA1=177524 RCLL=177400/172742 RCLH=177422/000005 XMTL=177464/173242 XMTH=177526/000005 VECTOR=000774/000774 CSR=010521/100701
17686;01:17:42.189241;Dbg;deqna;8519;deqna.cpp;643;DEQNA: CSR change prev=110521 now=010521 set=000501 clr=103216
17687;01:17:42.189264;Dbg;deqna;8519;deqna.cpp;595;DEQNA: INTR deassert, csr=010521 ie=1
17688;01:17:42.189281;Dbg;deqna;8519;deqna.cpp;730;DEQNA: INTR deassert, csr=010521
17689;01:17:42.190030;Dbg;deqna;8526;deqna.cpp;595;DEQNA: INTR deassert, csr=010521 ie=1
17690;01:17:42.194287;Dbg;deqna;8526;deqna.cpp;2095;DEQNA: TX desc_read_words @ 01373256 words=6
17691;01:17:42.194539;Dbg;deqna;8526;deqna.cpp;2108;DEQNA: TX list end (V=0) - XI/XL set desc=1373256
17692;01:17:42.199853;Dbg;deqna;8526;deqna.cpp;2095;DEQNA: TX desc_read_words @ 01373256 words=6
17693;01:17:42.200192;Dbg;deqna;8526;deqna.cpp;2108;DEQNA: TX list end (V=0) - XI/XL set desc=1373256
17694;01:17:42.205634;Dbg;deqna;8526;deqna.cpp;2095;DEQNA: TX desc_read_words @ 01373256 words=6
17695;01:17:42.205927;Dbg;deqna;8526;deqna.cpp;2108;DEQNA: TX list end (V=0) - XI/XL set desc=1373256
17696;01:17:42.211289;Dbg;deqna;8526;deqna.cpp;2095;DEQNA: TX desc_read_words @ 01373256 words=6
17697;01:17:42.211545;Dbg;deqna;8526;deqna.cpp;2108;DEQNA: TX list end (V=0) - XI/XL set desc=1373256
17698;01:17:42.216844;Dbg;deqna;8526;deqna.cpp;2095;DEQNA: TX desc_read_words @ 01373256 words=6
17699;01:17:42.217096;Dbg;deqna;8526;deqna.cpp;2108;DEQNA: TX list end (V=0) - XI/XL set desc=1373256
17700;01:17:42.222396;Dbg;deqna;8526;deqna.cpp;2095;DEQNA: TX desc_read_words @ 01373256 words=6
17701;01:17:42.222672;Dbg;deqna;8526;deqna.cpp;2108;DEQNA: TX list end (V=0) - XI/XL set desc=1373256
17702;01:17:42.228098;Dbg;deqna;8526;deqna.cpp;2095;DEQNA: TX desc_read_words @ 01373256 words=6
17703;01:17:42.228372;Dbg;deqna;8526;deqna.cpp;2108;DEQNA: TX list end (V=0) - XI/XL set desc=1373256
17704;01:17:42.233800;Dbg;deqna;8526;deqna.cpp;2095;DEQNA: TX desc_read_words @ 01373256 words=6
17705;01:17:42.234106;Dbg;deqna;8526;deqna.cpp;2108;DEQNA: TX list end (V=0) - XI/XL set desc=1373256
17706;01:17:42.239423;Dbg;deqna;8526;deqna.cpp;2095;DEQNA: TX desc_read_words @ 01373256 words=6
17707;01:17:42.239704;Dbg;deqna;8526;deqna.cpp;2108;DEQNA: TX list end (V=0) - XI/XL set desc=1373256
17708;01:17:42.244993;Dbg;deqna;8526;deqna.cpp;2095;DEQNA: TX desc_read_words @ 01373256 words=6
17709;01:17:42.245163;Dbg;deqna;8526;deqna.cpp;2108;DEQNA: TX list end (V=0) - XI/XL set desc=1373256
17710;01:17:42.250342;Dbg;deqna;8526;deqna.cpp;2095;DEQNA: TX desc_read_words @ 01373256 words=6
17711;01:17:42.250491;Dbg;deqna;8526;deqna.cpp;2108;DEQNA: TX list end (V=0) - XI/XL set desc=1373256
17712;01:17:42.255646;Dbg;deqna;8526;deqna.cpp;2095;DEQNA: TX desc_read_words @ 01373256 words=6
17713;01:17:42.255778;Dbg;deqna;8526;deqna.cpp;2108;DEQNA: TX list end (V=0) - XI/XL set desc=1373256
17714;01:17:42.260951;Dbg;deqna;8526;deqna.cpp;2095;DEQNA: TX desc_read_words @ 01373256 words=6
17715;01:17:42.261096;Dbg;deqna;8526;deqna.cpp;2108;DEQNA: TX list end (V=0) - XI/XL set desc=1373256
17716;01:17:42.266291;Dbg;deqna;8526;deqna.cpp;2095;DEQNA: TX desc_read_words @ 01373256 words=6
17717;01:17:42.266440;Dbg;deqna;8526;deqna.cpp;2108;DEQNA: TX list end (V=0) - XI/XL set desc=1373256
17718;01:17:42.271673;Dbg;deqna;8526;deqna.cpp;2095;DEQNA: TX desc_read_words @ 01373256 words=6
17719;01:17:42.271830;Dbg;deqna;8526;deqna.cpp;2108;DEQNA: TX list end (V=0) - XI/XL set desc=1373256
17720;01:17:42.276984;Dbg;deqna;8526;deqna.cpp;2095;DEQNA: TX desc_read_words @ 01373256 words=6
17721;01:17:42.277111;Dbg;deqna;8526;deqna.cpp;2108;DEQNA: TX list end (V=0) - XI/XL set desc=1373256
17722;01:17:42.282282;Dbg;deqna;8526;deqna.cpp;2095;DEQNA: TX desc_read_words @ 01373256 words=6
17723;01:17:42.282415;Dbg;deqna;8526;deqna.cpp;2108;DEQNA: TX list end (V=0) - XI/XL set desc=1373256
17724;01:17:42.287583;Dbg;deqna;8526;deqna.cpp;2095;DEQNA: TX desc_read_words @ 01373256 words=6
17725;01:17:42.287710;Dbg;deqna;8526;deqna.cpp;2108;DEQNA: TX list end (V=0) - XI/XL set desc=1373256
17726;01:17:42.292866;Dbg;deqna;8526;deqna.cpp;2095;DEQNA: TX desc_read_words @ 01373256 words=6
17727;01:17:42.293002;Dbg;deqna;8526;deqna.cpp;2108;DEQNA: TX list end (V=0) - XI/XL set desc=1373256
17728;01:17:42.298153;Dbg;deqna;8526;deqna.cpp;2095;DEQNA: TX desc_read_words @ 01373256 words=6
17729;01:17:42.298281;Dbg;deqna;8526;deqna.cpp;2108;DEQNA: TX list end (V=0) - XI/XL set desc=1373256
17730;01:17:42.303439;Dbg;deqna;8526;deqna.cpp;2095;DEQNA: TX desc_read_words @ 01373256 words=6
17731;01:17:42.303571;Dbg;deqna;8526;deqna.cpp;2108;DEQNA: TX list end (V=0) - XI/XL set desc=1373256
17732;01:17:42.308729;Dbg;deqna;8526;deqna.cpp;2095;DEQNA: TX desc_read_words @ 01373256 words=6
17733;01:17:42.308906;Dbg;deqna;8526;deqna.cpp;2108;DEQNA: TX list end (V=0) - XI/XL set desc=1373256
17734;01:17:42.314081;Dbg;deqna;8526;deqna.cpp;2095;DEQNA: TX desc_read_words @ 01373256 words=6
17735;01:17:42.314235;Dbg;deqna;8526;deqna.cpp;2108;DEQNA: TX list end (V=0) - XI/XL set desc=1373256
17736;01:17:42.319397;Dbg;deqna;8526;deqna.cpp;2095;DEQNA: TX desc_read_words @ 01373256 words=6
17737;01:17:42.319538;Dbg;deqna;8526;deqna.cpp;2108;DEQNA: TX list end (V=0) - XI/XL set desc=1373256
17738;01:17:42.324724;Dbg;deqna;8526;deqna.cpp;2095;DEQNA: TX desc_read_words @ 01373256 words=6
17739;01:17:42.324859;Dbg;deqna;8526;deqna.cpp;2108;DEQNA: TX list end (V=0) - XI/XL set desc=1373256
17740;01:17:42.330032;Dbg;deqna;8526;deqna.cpp;2095;DEQNA: TX desc_read_words @ 01373256 words=6
17741;01:17:42.330162;Dbg;deqna;8526;deqna.cpp;2108;DEQNA: TX list end (V=0) - XI/XL set desc=1373256
17742;01:17:42.335323;Dbg;deqna;8526;deqna.cpp;2095;DEQNA: TX desc_read_words @ 01373256 words=6
17743;01:17:42.335452;Dbg;deqna;8526;deqna.cpp;2108;DEQNA: TX list end (V=0) - XI/XL set desc=1373256
17744;01:17:42.340612;Dbg;deqna;8526;deqna.cpp;2095;DEQNA: TX desc_read_words @ 01373256 words=6
17745;01:17:42.340966;Dbg;deqna;8526;deqna.cpp;2108;DEQNA: TX list end (V=0) - XI/XL set desc=1373256
17746;01:17:42.346204;Dbg;deqna;8526;deqna.cpp;2095;DEQNA: TX desc_read_words @ 01373256 words=6
17747;01:17:42.346367;Dbg;deqna;8526;deqna.cpp;2108;DEQNA: TX list end (V=0) - XI/XL set desc=1373256
17748;01:17:42.351523;Dbg;deqna;8526;deqna.cpp;2095;DEQNA: TX desc_read_words @ 01373256 words=6
17749;01:17:42.351664;Dbg;deqna;8526;deqna.cpp;2108;DEQNA: TX list end (V=0) - XI/XL set desc=1373256
17750;01:17:42.356823;Dbg;deqna;8526;deqna.cpp;2095;DEQNA: TX desc_read_words @ 01373256 words=6
17751;01:17:42.356960;Dbg;deqna;8526;deqna.cpp;2108;DEQNA: TX list end (V=0) - XI/XL set desc=1373256
17752;01:17:42.359263;Dbg;deqna;8525;deqna.cpp;1365;DEQNA: Enqueue RX type=2 len=60 status=000000 queue=0
17753;01:17:42.359404;Dbg;deqna;8525;deqna.cpp;1392;DEQNA: ENQ DBG type=2 len=60 data=ffffffffffff90dd 5d94cc6208060001 08000604000190dd 5d94cc62c0a8017b 000000000000c0a8 0101000000000000 0000000000000000 00000000
17754;01:17:42.359422;Dbg;deqna;8525;deqna.cpp;1613;DEQNA: RX desc_read_words @ 01373116 words=4
17755;01:17:42.359658;Dbg;deqna;8525;deqna.cpp;1721;DEQNA: RX deliver type=2 rbl=60 to addr=01547100 blen=2048 desc=1373116
17756;01:17:42.359834;Dbg;deqna;8525;deqna.cpp;1798;DEQNA: RX status type=2 st1=000370 st2=000000 desc=1373126
17757;01:17:42.359961;Dbg;deqna;8525;deqna.cpp;1865;DEQNA: RI set (rx_processed=1 queue=0 rbdl=1373132)
17758;01:17:42.360016;Dbg;deqna;8525;qunibusdevice.cpp;249;update_csr_reg CSR: STA0=177522 STA1=177524 RCLL=177400/172742 RCLH=177422/000005 XMTL=177464/173242 XMTH=177526/000005 VECTOR=000774/000774 CSR=110521/100701
17759;01:17:42.360026;Dbg;deqna;8525;deqna.cpp;643;DEQNA: CSR change prev=010521 now=110521 set=100000 clr=000000
17760;01:17:42.360088;Dbg;deqna;8525;qunibusdevice.cpp;249;update_csr_reg CSR: STA0=177522 STA1=177524 RCLL=177400/172742 RCLH=177422/000005 XMTL=177464/173242 XMTH=177526/000005 VECTOR=000774/000774 CSR=110521/100701
17761;01:17:42.360097;Dbg;deqna;8525;deqna.cpp;586;DEQNA: INTR assert, csr=110521 ie=1
17762;01:17:42.360107;Dbg;deqna;8525;deqna.cpp;724;DEQNA: INTR assert, csr=110521 vec=374 level=5
17763;01:17:42.360258;Dbg;deqna;8519;qunibusdevice.cpp;249;DATO CSR: STA0=177522 STA1=177524 RCLL=177400/172742 RCLH=177422/000005 XMTL=177464/173242 XMTH=177526/000005 VECTOR=000774/000774 CSR=110521/100701
17764;01:17:42.360271;Dbg;deqna;8519;deqna.cpp;1202;DEQNA: Write CSR (reg 7) = 100701 access=0
17765;01:17:42.360317;Dbg;deqna;8519;qunibusdevice.cpp;249;update_csr_reg CSR: STA0=177522 STA1=177524 RCLL=177400/172742 RCLH=177422/000005 XMTL=177464/173242 XMTH=177526/000005 VECTOR=000774/000774 CSR=010521/100701
17766;01:17:42.360324;Dbg;deqna;8519;deqna.cpp;643;DEQNA: CSR change prev=110521 now=010521 set=000501 clr=103216
17767;01:17:42.360335;Dbg;deqna;8519;deqna.cpp;595;DEQNA: INTR deassert, csr=010521 ie=1
17768;01:17:42.360344;Dbg;deqna;8519;deqna.cpp;730;DEQNA: INTR deassert, csr=010521
17769;01:17:42.361177;Dbg;deqna;8525;deqna.cpp;595;DEQNA: INTR deassert, csr=010521 ie=1
17770;01:17:42.362259;Dbg;deqna;8526;deqna.cpp;2095;DEQNA: TX desc_read_words @ 01373256 words=6
17771;01:17:42.362400;Dbg;deqna;8526;deqna.cpp;2108;DEQNA: TX list end (V=0) - XI/XL set desc=1373256
17772;01:17:42.367562;Dbg;deqna;8526;deqna.cpp;2095;DEQNA: TX desc_read_words @ 01373256 words=6
17773;01:17:42.367701;Dbg;deqna;8526;deqna.cpp;2108;DEQNA: TX list end (V=0) - XI/XL set desc=1373256
17774;01:17:42.372861;Dbg;deqna;8526;deqna.cpp;2095;DEQNA: TX desc_read_words @ 01373256 words=6
17775;01:17:42.372998;Dbg;deqna;8526;deqna.cpp;2108;DEQNA: TX list end (V=0) - XI/XL set desc=1373256
17776;01:17:42.378157;Dbg;deqna;8526;deqna.cpp;2095;DEQNA: TX desc_read_words @ 01373256 words=6
17777;01:17:42.378293;Dbg;deqna;8526;deqna.cpp;2108;DEQNA: TX list end (V=0) - XI/XL set desc=1373256
17778;01:17:42.383462;Dbg;deqna;8526;deqna.cpp;2095;DEQNA: TX desc_read_words @ 01373256 words=6
17779;01:17:42.383594;Dbg;deqna;8526;deqna.cpp;2108;DEQNA: TX list end (V=0) - XI/XL set desc=1373256
17780;01:17:42.388777;Dbg;deqna;8526;deqna.cpp;2095;DEQNA: TX desc_read_words @ 01373256 words=6
17781;01:17:42.388914;Dbg;deqna;8526;deqna.cpp;2108;DEQNA: TX list end (V=0) - XI/XL set desc=1373256
17782;01:17:42.394066;Dbg;deqna;8526;deqna.cpp;2095;DEQNA: TX desc_read_words @ 01373256 words=6
17783;01:17:42.394231;Dbg;deqna;8526;deqna.cpp;2108;DEQNA: TX list end (V=0) - XI/XL set desc=1373256
17784;01:17:42.399392;Dbg;deqna;8526;deqna.cpp;2095;DEQNA: TX desc_read_words @ 01373256 words=6
17785;01:17:42.399525;Dbg;deqna;8526;deqna.cpp;2108;DEQNA: TX list end (V=0) - XI/XL set desc=1373256
17786;01:17:42.404694;Dbg;deqna;8526;deqna.cpp;2095;DEQNA: TX desc_read_words @ 01373256 words=6
17787;01:17:42.404820;Dbg;deqna;8526;deqna.cpp;2108;DEQNA: TX list end (V=0) - XI/XL set desc=1373256
17788;01:17:42.410007;Dbg;deqna;8526;deqna.cpp;2095;DEQNA: TX desc_read_words @ 01373256 words=6
17789;01:17:42.410157;Dbg;deqna;8526;deqna.cpp;2108;DEQNA: TX list end (V=0) - XI/XL set desc=1373256
17790;01:17:42.415312;Dbg;deqna;8526;deqna.cpp;2095;DEQNA: TX desc_read_words @ 01373256 words=6
17791;01:17:42.415442;Dbg;deqna;8526;deqna.cpp;2108;DEQNA: TX list end (V=0) - XI/XL set desc=1373256
17792;01:17:42.420613;Dbg;deqna;8526;deqna.cpp;2095;DEQNA: TX desc_read_words @ 01373256 words=6
17793;01:17:42.420761;Dbg;deqna;8526;deqna.cpp;2108;DEQNA: TX list end (V=0) - XI/XL set desc=1373256
17794;01:17:42.425928;Dbg;deqna;8526;deqna.cpp;2095;DEQNA: TX desc_read_words @ 01373256 words=6
17795;01:17:42.426059;Dbg;deqna;8526;deqna.cpp;2108;DEQNA: TX list end (V=0) - XI/XL set desc=1373256
17796;01:17:42.431225;Dbg;deqna;8526;deqna.cpp;2095;DEQNA: TX desc_read_words @ 01373256 words=6
17797;01:17:42.431403;Dbg;deqna;8526;deqna.cpp;2108;DEQNA: TX list end (V=0) - XI/XL set desc=1373256
17798;01:17:42.436557;Dbg;deqna;8526;deqna.cpp;2095;DEQNA: TX desc_read_words @ 01373256 words=6
17799;01:17:42.436686;Dbg;deqna;8526;deqna.cpp;2108;DEQNA: TX list end (V=0) - XI/XL set desc=1373256
17800;01:17:42.441857;Dbg;deqna;8526;deqna.cpp;2095;DEQNA: TX desc_read_words @ 01373256 words=6
17801;01:17:42.441992;Dbg;deqna;8526;deqna.cpp;2108;DEQNA: TX list end (V=0) - XI/XL set desc=1373256
17802;01:17:42.447160;Dbg;deqna;8526;deqna.cpp;2095;DEQNA: TX desc_read_words @ 01373256 words=6
17803;01:17:42.447286;Dbg;deqna;8526;deqna.cpp;2108;DEQNA: TX list end (V=0) - XI/XL set desc=1373256
17804;01:17:42.452454;Dbg;deqna;8526;deqna.cpp;2095;DEQNA: TX desc_read_words @ 01373256 words=6
17805;01:17:42.452585;Dbg;deqna;8526;deqna.cpp;2108;DEQNA: TX list end (V=0) - XI/XL set desc=1373256
17806;01:17:42.457738;Dbg;deqna;8526;deqna.cpp;2095;DEQNA: TX desc_read_words @ 01373256 words=6
17807;01:17:42.457863;Dbg;deqna;8526;deqna.cpp;2108;DEQNA: TX list end (V=0) - XI/XL set desc=1373256
17808;01:17:42.463036;Dbg;deqna;8526;deqna.cpp;2095;DEQNA: TX desc_read_words @ 01373256 words=6
17809;01:17:42.463169;Dbg;deqna;8526;deqna.cpp;2108;DEQNA: TX list end (V=0) - XI/XL set desc=1373256
17810;01:17:42.468543;Dbg;deqna;8526;deqna.cpp;2095;DEQNA: TX desc_read_words @ 01373256 words=6
17811;01:17:42.468773;Dbg;deqna;8526;deqna.cpp;2108;DEQNA: TX list end (V=0) - XI/XL set desc=1373256
17812;01:17:42.473937;Dbg;deqna;8526;deqna.cpp;2095;DEQNA: TX desc_read_words @ 01373256 words=6
17813;01:17:42.474084;Dbg;deqna;8526;deqna.cpp;2108;DEQNA: TX list end (V=0) - XI/XL set desc=1373256
17814;01:17:42.478971;Dbg;deqna;8525;deqna.cpp;1365;DEQNA: Enqueue RX type=2 len=60 status=000000 queue=0
17815;01:17:42.479103;Dbg;deqna;8525;deqna.cpp;1392;DEQNA: ENQ DBG type=2 len=60 data=ffffffffffff6462 6622847608060001 0800060400016462 66228476c0a80109 000000000000c0a8 010d000000000000 0000000000000000 00000000
17816;01:17:42.479122;Dbg;deqna;8525;deqna.cpp;1613;DEQNA: RX desc_read_words @ 01373132 words=4
17817;01:17:42.479395;Dbg;deqna;8525;deqna.cpp;1721;DEQNA: RX deliver type=2 rbl=60 to addr=01553100 blen=2048 desc=1373132
17818;01:17:42.479563;Dbg;deqna;8525;deqna.cpp;1798;DEQNA: RX status type=2 st1=000370 st2=000000 desc=1373142
17819;01:17:42.479685;Dbg;deqna;8525;deqna.cpp;1865;DEQNA: RI set (rx_processed=1 queue=0 rbdl=1373146)
17820;01:17:42.479739;Dbg;deqna;8525;qunibusdevice.cpp;249;update_csr_reg CSR: STA0=177522 STA1=177524 RCLL=177400/172742 RCLH=177422/000005 XMTL=177464/173242 XMTH=177526/000005 VECTOR=000774/000774 CSR=110521/100701
17821;01:17:42.479748;Dbg;deqna;8525;deqna.cpp;643;DEQNA: CSR change prev=010521 now=110521 set=100000 clr=000000
17822;01:17:42.479788;Dbg;deqna;8525;qunibusdevice.cpp;249;update_csr_reg CSR: STA0=177522 STA1=177524 RCLL=177400/172742 RCLH=177422/000005 XMTL=177464/173242 XMTH=177526/000005 VECTOR=000774/000774 CSR=110521/100701
17823;01:17:42.479795;Dbg;deqna;8525;deqna.cpp;586;DEQNA: INTR assert, csr=110521 ie=1
17824;01:17:42.479803;Dbg;deqna;8525;deqna.cpp;724;DEQNA: INTR assert, csr=110521 vec=374 level=5
17825;01:17:42.479857;Dbg;deqna;8526;deqna.cpp;2095;DEQNA: TX desc_read_words @ 01373256 words=6
17826;01:17:42.479969;Dbg;deqna;8519;qunibusdevice.cpp;249;DATO CSR: STA0=177522 STA1=177524 RCLL=177400/172742 RCLH=177422/000005 XMTL=177464/173242 XMTH=177526/000005 VECTOR=000774/000774 CSR=110521/100701
17827;01:17:42.479981;Dbg;deqna;8519;deqna.cpp;1202;DEQNA: Write CSR (reg 7) = 100701 access=0
17828;01:17:42.480025;Dbg;deqna;8519;qunibusdevice.cpp;249;update_csr_reg CSR: STA0=177522 STA1=177524 RCLL=177400/172742 RCLH=177422/000005 XMTL=177464/173242 XMTH=177526/000005 VECTOR=000774/000774 CSR=010521/100701
17829;01:17:42.480031;Dbg;deqna;8519;deqna.cpp;643;DEQNA: CSR change prev=110521 now=010521 set=000501 clr=103216
17830;01:17:42.480043;Dbg;deqna;8519;deqna.cpp;595;DEQNA: INTR deassert, csr=010521 ie=1
17831;01:17:42.480051;Dbg;deqna;8519;deqna.cpp;730;DEQNA: INTR deassert, csr=010521
17832;01:17:42.480119;Dbg;deqna;8526;deqna.cpp;2108;DEQNA: TX list end (V=0) - XI/XL set desc=1373256
17833;01:17:42.480876;Dbg;deqna;8525;deqna.cpp;595;DEQNA: INTR deassert, csr=010521 ie=1
17834;01:17:42.485283;Dbg;deqna;8526;deqna.cpp;2095;DEQNA: TX desc_read_words @ 01373256 words=6
17835;01:17:42.485424;Dbg;deqna;8526;deqna.cpp;2108;DEQNA: TX list end (V=0) - XI/XL set desc=1373256
17836;01:17:42.490579;Dbg;deqna;8526;deqna.cpp;2095;DEQNA: TX desc_read_words @ 01373256 words=6
17837;01:17:42.490717;Dbg;deqna;8526;deqna.cpp;2108;DEQNA: TX list end (V=0) - XI/XL set desc=1373256
17838;01:17:42.495879;Dbg;deqna;8526;deqna.cpp;2095;DEQNA: TX desc_read_words @ 01373256 words=6
17839;01:17:42.496029;Dbg;deqna;8526;deqna.cpp;2108;DEQNA: TX list end (V=0) - XI/XL set desc=1373256
17840;01:17:42.499459;Dbg;deqna;8525;deqna.cpp;1365;DEQNA: Enqueue RX type=2 len=60 status=000000 queue=0
17841;01:17:42.499592;Dbg;deqna;8525;deqna.cpp;1392;DEQNA: ENQ DBG type=2 len=60 data=ffffffffffff90dd 5d94cc6208060001 08000604000190dd 5d94cc62c0a8017b 000000000000c0a8 0154000000000000 0000000000000000 00000000
17842;01:17:42.499609;Dbg;deqna;8525;deqna.cpp;1613;DEQNA: RX desc_read_words @ 01373146 words=4
17843;01:17:42.499849;Dbg;deqna;8525;deqna.cpp;1721;DEQNA: RX deliver type=2 rbl=60 to addr=01557100 blen=2048 desc=1373146
17844;01:17:42.500020;Dbg;deqna;8525;deqna.cpp;1798;DEQNA: RX status type=2 st1=000370 st2=000000 desc=1373156
17845;01:17:42.500157;Dbg;deqna;8525;deqna.cpp;1865;DEQNA: RI set (rx_processed=1 queue=0 rbdl=1373162)
17846;01:17:42.500210;Dbg;deqna;8525;qunibusdevice.cpp;249;update_csr_reg CSR: STA0=177522 STA1=177524 RCLL=177400/172742 RCLH=177422/000005 XMTL=177464/173242 XMTH=177526/000005 VECTOR=000774/000774 CSR=110521/100701
17847;01:17:42.500218;Dbg;deqna;8525;deqna.cpp;643;DEQNA: CSR change prev=010521 now=110521 set=100000 clr=000000
17848;01:17:42.500260;Dbg;deqna;8525;qunibusdevice.cpp;249;update_csr_reg CSR: STA0=177522 STA1=177524 RCLL=177400/172742 RCLH=177422/000005 XMTL=177464/173242 XMTH=177526/000005 VECTOR=000774/000774 CSR=110521/100701
17849;01:17:42.500267;Dbg;deqna;8525;deqna.cpp;586;DEQNA: INTR assert, csr=110521 ie=1
17850;01:17:42.500276;Dbg;deqna;8525;deqna.cpp;724;DEQNA: INTR assert, csr=110521 vec=374 level=5
17851;01:17:42.500416;Dbg;deqna;8519;qunibusdevice.cpp;249;DATO CSR: STA0=177522 STA1=177524 RCLL=177400/172742 RCLH=177422/000005 XMTL=177464/173242 XMTH=177526/000005 VECTOR=000774/000774 CSR=110521/100701
17852;01:17:42.500426;Dbg;deqna;8519;deqna.cpp;1202;DEQNA: Write CSR (reg 7) = 100701 access=0
17853;01:17:42.500469;Dbg;deqna;8519;qunibusdevice.cpp;249;update_csr_reg CSR: STA0=177522 STA1=177524 RCLL=177400/172742 RCLH=177422/000005 XMTL=177464/173242 XMTH=177526/000005 VECTOR=000774/000774 CSR=010521/100701
17854;01:17:42.500475;Dbg;deqna;8519;deqna.cpp;643;DEQNA: CSR change prev=110521 now=010521 set=000501 clr=103216
17855;01:17:42.500488;Dbg;deqna;8519;deqna.cpp;595;DEQNA: INTR deassert, csr=010521 ie=1
17856;01:17:42.500496;Dbg;deqna;8519;deqna.cpp;730;DEQNA: INTR deassert, csr=010521
17857;01:17:42.501330;Dbg;deqna;8525;deqna.cpp;595;DEQNA: INTR deassert, csr=010521 ie=1
17858;01:17:42.501392;Dbg;deqna;8526;deqna.cpp;2095;DEQNA: TX desc_read_words @ 01373256 words=6
17859;01:17:42.501520;Dbg;deqna;8526;deqna.cpp;2108;DEQNA: TX list end (V=0) - XI/XL set desc=1373256
17860;01:17:42.506683;Dbg;deqna;8526;deqna.cpp;2095;DEQNA: TX desc_read_words @ 01373256 words=6
17861;01:17:42.506836;Dbg;deqna;8526;deqna.cpp;2108;DEQNA: TX list end (V=0) - XI/XL set desc=1373256
17862;01:17:42.512021;Dbg;deqna;8526;deqna.cpp;2095;DEQNA: TX desc_read_words @ 01373256 words=6
17863;01:17:42.512183;Dbg;deqna;8526;deqna.cpp;2108;DEQNA: TX list end (V=0) - XI/XL set desc=1373256
17864;01:17:42.517360;Dbg;deqna;8526;deqna.cpp;2095;DEQNA: TX desc_read_words @ 01373256 words=6
17865;01:17:42.517502;Dbg;deqna;8526;deqna.cpp;2108;DEQNA: TX list end (V=0) - XI/XL set desc=1373256
17866;01:17:42.519209;Dbg;deqna;8525;deqna.cpp;1365;DEQNA: Enqueue RX type=2 len=60 status=000000 queue=0
17867;01:17:42.519342;Dbg;deqna;8525;deqna.cpp;1392;DEQNA: ENQ DBG type=2 len=60 data=ffffffffffff90dd 5d94cc6208060001 08000604000190dd 5d94cc62c0a8017b 000000000000a9fe ffff000000000000 0000000000000000 00000000
17868;01:17:42.519358;Dbg;deqna;8525;deqna.cpp;1613;DEQNA: RX desc_read_words @ 01373162 words=4
17869;01:17:42.519632;Dbg;deqna;8525;deqna.cpp;1721;DEQNA: RX deliver type=2 rbl=60 to addr=01563100 blen=2048 desc=1373162
17870;01:17:42.519808;Dbg;deqna;8525;deqna.cpp;1798;DEQNA: RX status type=2 st1=000370 st2=000000 desc=1373172
17871;01:17:42.519933;Dbg;deqna;8525;deqna.cpp;1865;DEQNA: RI set (rx_processed=1 queue=0 rbdl=1373176)
17872;01:17:42.519988;Dbg;deqna;8525;qunibusdevice.cpp;249;update_csr_reg CSR: STA0=177522 STA1=177524 RCLL=177400/172742 RCLH=177422/000005 XMTL=177464/173242 XMTH=177526/000005 VECTOR=000774/000774 CSR=110521/100701
17873;01:17:42.519996;Dbg;deqna;8525;deqna.cpp;643;DEQNA: CSR change prev=010521 now=110521 set=100000 clr=000000
17874;01:17:42.520036;Dbg;deqna;8525;qunibusdevice.cpp;249;update_csr_reg CSR: STA0=177522 STA1=177524 RCLL=177400/172742 RCLH=177422/000005 XMTL=177464/173242 XMTH=177526/000005 VECTOR=000774/000774 CSR=110521/100701
17875;01:17:42.520043;Dbg;deqna;8525;deqna.cpp;586;DEQNA: INTR assert, csr=110521 ie=1
17876;01:17:42.520053;Dbg;deqna;8525;deqna.cpp;724;DEQNA: INTR assert, csr=110521 vec=374 level=5
17877;01:17:42.520232;Dbg;deqna;8519;qunibusdevice.cpp;249;DATO CSR: STA0=177522 STA1=177524 RCLL=177400/172742 RCLH=177422/000005 XMTL=177464/173242 XMTH=177526/000005 VECTOR=000774/000774 CSR=110521/100701
17878;01:17:42.520243;Dbg;deqna;8519;deqna.cpp;1202;DEQNA: Write CSR (reg 7) = 100701 access=0
17879;01:17:42.520287;Dbg;deqna;8519;qunibusdevice.cpp;249;update_csr_reg CSR: STA0=177522 STA1=177524 RCLL=177400/172742 RCLH=177422/000005 XMTL=177464/173242 XMTH=177526/000005 VECTOR=000774/000774 CSR=010521/100701
17880;01:17:42.520293;Dbg;deqna;8519;deqna.cpp;643;DEQNA: CSR change prev=110521 now=010521 set=000501 clr=103216
17881;01:17:42.520306;Dbg;deqna;8519;deqna.cpp;595;DEQNA: INTR deassert, csr=010521 ie=1
17882;01:17:42.520315;Dbg;deqna;8519;deqna.cpp;730;DEQNA: INTR deassert, csr=010521
17883;01:17:42.520652;Dbg;deqna;8526;deqna.cpp;595;DEQNA: INTR deassert, csr=010521 ie=1
17884;01:17:42.522740;Dbg;deqna;8526;deqna.cpp;2095;DEQNA: TX desc_read_words @ 01373256 words=6
17885;01:17:42.522877;Dbg;deqna;8526;deqna.cpp;2108;DEQNA: TX list end (V=0) - XI/XL set desc=1373256
17886;01:17:42.528054;Dbg;deqna;8526;deqna.cpp;2095;DEQNA: TX desc_read_words @ 01373256 words=6
17887;01:17:42.528195;Dbg;deqna;8526;deqna.cpp;2108;DEQNA: TX list end (V=0) - XI/XL set desc=1373256
17888;01:17:42.533363;Dbg;deqna;8526;deqna.cpp;2095;DEQNA: TX desc_read_words @ 01373256 words=6
17889;01:17:42.533533;Dbg;deqna;8526;deqna.cpp;2108;DEQNA: TX list end (V=0) - XI/XL set desc=1373256
17890;01:17:42.538755;Dbg;deqna;8526;deqna.cpp;2095;DEQNA: TX desc_read_words @ 01373256 words=6
17891;01:17:42.538894;Dbg;deqna;8526;deqna.cpp;2108;DEQNA: TX list end (V=0) - XI/XL set desc=1373256
17892;01:17:42.544260;Dbg;deqna;8526;deqna.cpp;2095;DEQNA: TX desc_read_words @ 01373256 words=6
17893;01:17:42.544547;Dbg;deqna;8526;deqna.cpp;2108;DEQNA: TX list end (V=0) - XI/XL set desc=1373256
17894;01:17:42.549915;Dbg;deqna;8526;deqna.cpp;2095;DEQNA: TX desc_read_words @ 01373256 words=6
17895;01:17:42.550178;Dbg;deqna;8526;deqna.cpp;2108;DEQNA: TX list end (V=0) - XI/XL set desc=1373256
17896;01:17:42.555473;Dbg;deqna;8526;deqna.cpp;2095;DEQNA: TX desc_read_words @ 01373256 words=6
17897;01:17:42.555710;Dbg;deqna;8526;deqna.cpp;2108;DEQNA: TX list end (V=0) - XI/XL set desc=1373256
17898;01:17:42.561170;Dbg;deqna;8526;deqna.cpp;2095;DEQNA: TX desc_read_words @ 01373256 words=6
17899;01:17:42.561466;Dbg;deqna;8526;deqna.cpp;2108;DEQNA: TX list end (V=0) - XI/XL set desc=1373256
17900;01:17:42.566792;Dbg;deqna;8526;deqna.cpp;2095;DEQNA: TX desc_read_words @ 01373256 words=6
17901;01:17:42.567030;Dbg;deqna;8526;deqna.cpp;2108;DEQNA: TX list end (V=0) - XI/XL set desc=1373256
17902;01:17:42.572346;Dbg;deqna;8526;deqna.cpp;2095;DEQNA: TX desc_read_words @ 01373256 words=6
17903;01:17:42.572592;Dbg;deqna;8526;deqna.cpp;2108;DEQNA: TX list end (V=0) - XI/XL set desc=1373256
17904;01:17:42.577883;Dbg;deqna;8526;deqna.cpp;2095;DEQNA: TX desc_read_words @ 01373256 words=6
17905;01:17:42.578116;Dbg;deqna;8526;deqna.cpp;2108;DEQNA: TX list end (V=0) - XI/XL set desc=1373256
17906;01:17:42.583453;Dbg;deqna;8526;deqna.cpp;2095;DEQNA: TX desc_read_words @ 01373256 words=6
17907;01:17:42.583748;Dbg;deqna;8526;deqna.cpp;2108;DEQNA: TX list end (V=0) - XI/XL set desc=1373256
17908;01:17:42.589159;Dbg;deqna;8526;deqna.cpp;2095;DEQNA: TX desc_read_words @ 01373256 words=6
17909;01:17:42.589444;Dbg;deqna;8526;deqna.cpp;2108;DEQNA: TX list end (V=0) - XI/XL set desc=1373256
17910;01:17:42.594757;Dbg;deqna;8526;deqna.cpp;2095;DEQNA: TX desc_read_words @ 01373256 words=6
17911;01:17:42.595000;Dbg;deqna;8526;deqna.cpp;2108;DEQNA: TX list end (V=0) - XI/XL set desc=1373256
17912;01:17:42.600308;Dbg;deqna;8526;deqna.cpp;2095;DEQNA: TX desc_read_words @ 01373256 words=6
17913;01:17:42.600547;Dbg;deqna;8526;deqna.cpp;2108;DEQNA: TX list end (V=0) - XI/XL set desc=1373256
17914;01:17:42.605901;Dbg;deqna;8526;deqna.cpp;2095;DEQNA: TX desc_read_words @ 01373256 words=6
17915;01:17:42.606143;Dbg;deqna;8526;deqna.cpp;2108;DEQNA: TX list end (V=0) - XI/XL set desc=1373256
17916;01:17:42.611625;Dbg;deqna;8526;deqna.cpp;2095;DEQNA: TX desc_read_words @ 01373256 words=6
17917;01:17:42.611911;Dbg;deqna;8526;deqna.cpp;2108;DEQNA: TX list end (V=0) - XI/XL set desc=1373256
17918;01:17:42.617328;Dbg;deqna;8526;deqna.cpp;2095;DEQNA: TX desc_read_words @ 01373256 words=6
17919;01:17:42.617619;Dbg;deqna;8526;deqna.cpp;2108;DEQNA: TX list end (V=0) - XI/XL set desc=1373256
17920;01:17:42.622940;Dbg;deqna;8526;deqna.cpp;2095;DEQNA: TX desc_read_words @ 01373256 words=6
17921;01:17:42.623207;Dbg;deqna;8526;deqna.cpp;2108;DEQNA: TX list end (V=0) - XI/XL set desc=1373256
17922;01:17:42.628542;Dbg;deqna;8526;deqna.cpp;2095;DEQNA: TX desc_read_words @ 01373256 words=6
17923;01:17:42.628849;Dbg;deqna;8526;deqna.cpp;2108;DEQNA: TX list end (V=0) - XI/XL set desc=1373256
17924;01:17:42.634144;Dbg;deqna;8526;deqna.cpp;2095;DEQNA: TX desc_read_words @ 01373256 words=6
17925;01:17:42.634438;Dbg;deqna;8526;deqna.cpp;2108;DEQNA: TX list end (V=0) - XI/XL set desc=1373256
17926;01:17:42.639844;Dbg;deqna;8526;deqna.cpp;2095;DEQNA: TX desc_read_words @ 01373256 words=6
17927;01:17:42.640116;Dbg;deqna;8526;deqna.cpp;2108;DEQNA: TX list end (V=0) - XI/XL set desc=1373256
17928;01:17:42.645588;Dbg;deqna;8526;deqna.cpp;2095;DEQNA: TX desc_read_words @ 01373256 words=6
17929;01:17:42.645887;Dbg;deqna;8526;deqna.cpp;2108;DEQNA: TX list end (V=0) - XI/XL set desc=1373256
17930;01:17:42.651201;Dbg;deqna;8526;deqna.cpp;2095;DEQNA: TX desc_read_words @ 01373256 words=6
17931;01:17:42.651437;Dbg;deqna;8526;deqna.cpp;2108;DEQNA: TX list end (V=0) - XI/XL set desc=1373256
17932;01:17:42.656735;Dbg;deqna;8526;deqna.cpp;2095;DEQNA: TX desc_read_words @ 01373256 words=6
17933;01:17:42.656968;Dbg;deqna;8526;deqna.cpp;2108;DEQNA: TX list end (V=0) - XI/XL set desc=1373256
17934;01:17:42.662309;Dbg;deqna;8526;deqna.cpp;2095;DEQNA: TX desc_read_words @ 01373256 words=6
17935;01:17:42.662577;Dbg;deqna;8526;deqna.cpp;2108;DEQNA: TX list end (V=0) - XI/XL set desc=1373256
17936;01:17:42.668074;Dbg;deqna;8526;deqna.cpp;2095;DEQNA: TX desc_read_words @ 01373256 words=6
17937;01:17:42.668365;Dbg;deqna;8526;deqna.cpp;2108;DEQNA: TX list end (V=0) - XI/XL set desc=1373256
17938;01:17:42.673777;Dbg;deqna;8526;deqna.cpp;2095;DEQNA: TX desc_read_words @ 01373256 words=6
17939;01:17:42.674066;Dbg;deqna;8526;deqna.cpp;2108;DEQNA: TX list end (V=0) - XI/XL set desc=1373256
17940;01:17:42.679381;Dbg;deqna;8526;deqna.cpp;2095;DEQNA: TX desc_read_words @ 01373256 words=6
17941;01:17:42.679638;Dbg;deqna;8526;deqna.cpp;2108;DEQNA: TX list end (V=0) - XI/XL set desc=1373256
17942;01:17:42.684970;Dbg;deqna;8526;deqna.cpp;2095;DEQNA: TX desc_read_words @ 01373256 words=6
17943;01:17:42.685214;Dbg;deqna;8526;deqna.cpp;2108;DEQNA: TX list end (V=0) - XI/XL set desc=1373256
17944;01:17:42.690544;Dbg;deqna;8526;deqna.cpp;2095;DEQNA: TX desc_read_words @ 01373256 words=6
17945;01:17:42.690840;Dbg;deqna;8526;deqna.cpp;2108;DEQNA: TX list end (V=0) - XI/XL set desc=1373256
17946;01:17:42.696241;Dbg;deqna;8526;deqna.cpp;2095;DEQNA: TX desc_read_words @ 01373256 words=6
17947;01:17:42.696511;Dbg;deqna;8526;deqna.cpp;2108;DEQNA: TX list end (V=0) - XI/XL set desc=1373256
17948;01:17:42.701952;Dbg;deqna;8526;deqna.cpp;2095;DEQNA: TX desc_read_words @ 01373256 words=6
17949;01:17:42.702246;Dbg;deqna;8526;deqna.cpp;2108;DEQNA: TX list end (V=0) - XI/XL set desc=1373256
17950;01:17:42.707575;Dbg;deqna;8526;deqna.cpp;2095;DEQNA: TX desc_read_words @ 01373256 words=6
17951;01:17:42.707846;Dbg;deqna;8526;deqna.cpp;2108;DEQNA: TX list end (V=0) - XI/XL set desc=1373256
17952;01:17:42.713201;Dbg;deqna;8526;deqna.cpp;2095;DEQNA: TX desc_read_words @ 01373256 words=6
17953;01:17:42.713494;Dbg;deqna;8526;deqna.cpp;2108;DEQNA: TX list end (V=0) - XI/XL set desc=1373256
17954;01:17:42.718800;Dbg;deqna;8526;deqna.cpp;2095;DEQNA: TX desc_read_words @ 01373256 words=6
17955;01:17:42.719089;Dbg;deqna;8526;deqna.cpp;2108;DEQNA: TX list end (V=0) - XI/XL set desc=1373256
17956;01:17:42.720210;Dbg;deqna;8525;deqna.cpp;1365;DEQNA: Enqueue RX type=2 len=60 status=000000 queue=0
17957;01:17:42.720468;Dbg;deqna;8525;deqna.cpp;1392;DEQNA: ENQ DBG type=2 len=60 data=ffffffffffff90dd 5d94cc6208060001 08000604000190dd 5d94cc62c0a8017b 000000000000c0a8 01ad000000000000 0000000000000000 00000000
17958;01:17:42.720503;Dbg;deqna;8525;deqna.cpp;1613;DEQNA: RX desc_read_words @ 01373176 words=4
17959;01:17:42.720794;Dbg;deqna;8525;deqna.cpp;1613;DEQNA: RX desc_read_words @ 01372742 words=4
17960;01:17:42.721206;Dbg;deqna;8525;deqna.cpp;1721;DEQNA: RX deliver type=2 rbl=60 to addr=01503100 blen=2048 desc=1372742
17961;01:17:42.721493;Dbg;deqna;8525;deqna.cpp;1798;DEQNA: RX status type=2 st1=000370 st2=000000 desc=1372752
17962;01:17:42.721792;Dbg;deqna;8525;deqna.cpp;1865;DEQNA: RI set (rx_processed=1 queue=0 rbdl=1372756)
17963;01:17:42.721899;Dbg;deqna;8525;qunibusdevice.cpp;249;update_csr_reg CSR: STA0=177522 STA1=177524 RCLL=177400/172742 RCLH=177422/000005 XMTL=177464/173242 XMTH=177526/000005 VECTOR=000774/000774 CSR=110521/100701
17964;01:17:42.721916;Dbg;deqna;8525;deqna.cpp;643;DEQNA: CSR change prev=010521 now=110521 set=100000 clr=000000
17965;01:17:42.721996;Dbg;deqna;8525;qunibusdevice.cpp;249;update_csr_reg CSR: STA0=177522 STA1=177524 RCLL=177400/172742 RCLH=177422/000005 XMTL=177464/173242 XMTH=177526/000005 VECTOR=000774/000774 CSR=110521/100701
17966;01:17:42.722011;Dbg;deqna;8525;deqna.cpp;586;DEQNA: INTR assert, csr=110521 ie=1
17967;01:17:42.722029;Dbg;deqna;8525;deqna.cpp;724;DEQNA: INTR assert, csr=110521 vec=374 level=5
17968;01:17:42.722245;Dbg;deqna;8519;qunibusdevice.cpp;249;DATO CSR: STA0=177522 STA1=177524 RCLL=177400/172742 RCLH=177422/000005 XMTL=177464/173242 XMTH=177526/000005 VECTOR=000774/000774 CSR=110521/100701
17969;01:17:42.722266;Dbg;deqna;8519;deqna.cpp;1202;DEQNA: Write CSR (reg 7) = 100701 access=0
17970;01:17:42.722354;Dbg;deqna;8519;qunibusdevice.cpp;249;update_csr_reg CSR: STA0=177522 STA1=177524 RCLL=177400/172742 RCLH=177422/000005 XMTL=177464/173242 XMTH=177526/000005 VECTOR=000774/000774 CSR=010521/100701
17971;01:17:42.722366;Dbg;deqna;8519;deqna.cpp;643;DEQNA: CSR change prev=110521 now=010521 set=000501 clr=103216
17972;01:17:42.722389;Dbg;deqna;8519;deqna.cpp;595;DEQNA: INTR deassert, csr=010521 ie=1
17973;01:17:42.722405;Dbg;deqna;8519;deqna.cpp;730;DEQNA: INTR deassert, csr=010521
17974;01:17:42.722811;Dbg;deqna;8526;deqna.cpp;595;DEQNA: INTR deassert, csr=010521 ie=1
17975;01:17:42.724980;Dbg;deqna;8526;deqna.cpp;2095;DEQNA: TX desc_read_words @ 01373256 words=6
17976;01:17:42.725272;Dbg;deqna;8526;deqna.cpp;2108;DEQNA: TX list end (V=0) - XI/XL set desc=1373256
17977;01:17:42.730691;Dbg;deqna;8526;deqna.cpp;2095;DEQNA: TX desc_read_words @ 01373256 words=6
17978;01:17:42.730975;Dbg;deqna;8526;deqna.cpp;2108;DEQNA: TX list end (V=0) - XI/XL set desc=1373256
17979;01:17:42.736393;Dbg;deqna;8526;deqna.cpp;2095;DEQNA: TX desc_read_words @ 01373256 words=6
17980;01:17:42.736702;Dbg;deqna;8526;deqna.cpp;2108;DEQNA: TX list end (V=0) - XI/XL set desc=1373256
17981;01:17:42.742032;Dbg;deqna;8526;deqna.cpp;2095;DEQNA: TX desc_read_words @ 01373256 words=6
17982;01:17:42.742281;Dbg;deqna;8526;deqna.cpp;2108;DEQNA: TX list end (V=0) - XI/XL set desc=1373256
17983;01:17:42.747609;Dbg;deqna;8526;deqna.cpp;2095;DEQNA: TX desc_read_words @ 01373256 words=6
17984;01:17:42.747851;Dbg;deqna;8526;deqna.cpp;2108;DEQNA: TX list end (V=0) - XI/XL set desc=1373256
17985;01:17:42.753175;Dbg;deqna;8526;deqna.cpp;2095;DEQNA: TX desc_read_words @ 01373256 words=6
17986;01:17:42.753417;Dbg;deqna;8526;deqna.cpp;2108;DEQNA: TX list end (V=0) - XI/XL set desc=1373256
17987;01:17:42.758716;Dbg;deqna;8526;deqna.cpp;2095;DEQNA: TX desc_read_words @ 01373256 words=6
17988;01:17:42.759013;Dbg;deqna;8526;deqna.cpp;2108;DEQNA: TX list end (V=0) - XI/XL set desc=1373256
17989;01:17:42.764461;Dbg;deqna;8526;deqna.cpp;2095;DEQNA: TX desc_read_words @ 01373256 words=6
17990;01:17:42.764743;Dbg;deqna;8526;deqna.cpp;2108;DEQNA: TX list end (V=0) - XI/XL set desc=1373256
17991;01:17:42.770081;Dbg;deqna;8526;deqna.cpp;2095;DEQNA: TX desc_read_words @ 01373256 words=6
17992;01:17:42.770341;Dbg;deqna;8526;deqna.cpp;2108;DEQNA: TX list end (V=0) - XI/XL set desc=1373256
17993;01:17:42.775639;Dbg;deqna;8526;deqna.cpp;2095;DEQNA: TX desc_read_words @ 01373256 words=6
17994;01:17:42.775877;Dbg;deqna;8526;deqna.cpp;2108;DEQNA: TX list end (V=0) - XI/XL set desc=1373256
17995;01:17:42.781177;Dbg;deqna;8526;deqna.cpp;2095;DEQNA: TX desc_read_words @ 01373256 words=6
17996;01:17:42.781416;Dbg;deqna;8526;deqna.cpp;2108;DEQNA: TX list end (V=0) - XI/XL set desc=1373256
17997;01:17:42.786711;Dbg;deqna;8526;deqna.cpp;2095;DEQNA: TX desc_read_words @ 01373256 words=6
17998;01:17:42.787004;Dbg;deqna;8526;deqna.cpp;2108;DEQNA: TX list end (V=0) - XI/XL set desc=1373256
17999;01:17:42.792428;Dbg;deqna;8526;deqna.cpp;2095;DEQNA: TX desc_read_words @ 01373256 words=6
18000;01:17:42.792714;Dbg;deqna;8526;deqna.cpp;2108;DEQNA: TX list end (V=0) - XI/XL set desc=1373256
18001;01:17:42.798013;Dbg;deqna;8526;deqna.cpp;2095;DEQNA: TX desc_read_words @ 01373256 words=6
18002;01:17:42.798254;Dbg;deqna;8526;deqna.cpp;2108;DEQNA: TX list end (V=0) - XI/XL set desc=1373256
18003;01:17:42.803583;Dbg;deqna;8526;deqna.cpp;2095;DEQNA: TX desc_read_words @ 01373256 words=6
18004;01:17:42.803850;Dbg;deqna;8526;deqna.cpp;2108;DEQNA: TX list end (V=0) - XI/XL set desc=1373256
18005;01:17:42.809195;Dbg;deqna;8526;deqna.cpp;2095;DEQNA: TX desc_read_words @ 01373256 words=6
18006;01:17:42.809464;Dbg;deqna;8526;deqna.cpp;2108;DEQNA: TX list end (V=0) - XI/XL set desc=1373256
18007;01:17:42.814917;Dbg;deqna;8526;deqna.cpp;2095;DEQNA: TX desc_read_words @ 01373256 words=6
18008;01:17:42.815214;Dbg;deqna;8526;deqna.cpp;2108;DEQNA: TX list end (V=0) - XI/XL set desc=1373256
18009;01:17:42.820645;Dbg;deqna;8526;deqna.cpp;2095;DEQNA: TX desc_read_words @ 01373256 words=6
18010;01:17:42.820947;Dbg;deqna;8526;deqna.cpp;2108;DEQNA: TX list end (V=0) - XI/XL set desc=1373256
18011;01:17:42.826343;Dbg;deqna;8526;deqna.cpp;2095;DEQNA: TX desc_read_words @ 01373256 words=6
18012;01:17:42.826610;Dbg;deqna;8526;deqna.cpp;2108;DEQNA: TX list end (V=0) - XI/XL set desc=1373256
18013;01:17:42.831930;Dbg;deqna;8526;deqna.cpp;2095;DEQNA: TX desc_read_words @ 01373256 words=6
18014;01:17:42.832191;Dbg;deqna;8526;deqna.cpp;2108;DEQNA: TX list end (V=0) - XI/XL set desc=1373256
18015;01:17:42.837482;Dbg;deqna;8526;deqna.cpp;2095;DEQNA: TX desc_read_words @ 01373256 words=6
18016;01:17:42.837762;Dbg;deqna;8526;deqna.cpp;2108;DEQNA: TX list end (V=0) - XI/XL set desc=1373256
18017;01:17:42.839993;Dbg;deqna;8525;deqna.cpp;1365;DEQNA: Enqueue RX type=2 len=60 status=000000 queue=0
18018;01:17:42.840251;Dbg;deqna;8525;deqna.cpp;1392;DEQNA: ENQ DBG type=2 len=60 data=ffffffffffff90dd 5d94cc6208060001 08000604000190dd 5d94cc62c0a8017b 000000000000a9fe ffff000000000000 0000000000000000 00000000
18019;01:17:42.840286;Dbg;deqna;8525;deqna.cpp;1613;DEQNA: RX desc_read_words @ 01372756 words=4
18020;01:17:42.840733;Dbg;deqna;8525;deqna.cpp;1721;DEQNA: RX deliver type=2 rbl=60 to addr=01507100 blen=2048 desc=1372756
18021;01:17:42.841094;Dbg;deqna;8525;deqna.cpp;1798;DEQNA: RX status type=2 st1=000370 st2=000000 desc=1372766
18022;01:17:42.841334;Dbg;deqna;8525;deqna.cpp;1865;DEQNA: RI set (rx_processed=1 queue=0 rbdl=1372772)
18023;01:17:42.841437;Dbg;deqna;8525;qunibusdevice.cpp;249;update_csr_reg CSR: STA0=177522 STA1=177524 RCLL=177400/172742 RCLH=177422/000005 XMTL=177464/173242 XMTH=177526/000005 VECTOR=000774/000774 CSR=110521/100701
18024;01:17:42.841453;Dbg;deqna;8525;deqna.cpp;643;DEQNA: CSR change prev=010521 now=110521 set=100000 clr=000000
18025;01:17:42.841531;Dbg;deqna;8525;qunibusdevice.cpp;249;update_csr_reg CSR: STA0=177522 STA1=177524 RCLL=177400/172742 RCLH=177422/000005 XMTL=177464/173242 XMTH=177526/000005 VECTOR=000774/000774 CSR=110521/100701
18026;01:17:42.841546;Dbg;deqna;8525;deqna.cpp;586;DEQNA: INTR assert, csr=110521 ie=1
18027;01:17:42.841564;Dbg;deqna;8525;deqna.cpp;724;DEQNA: INTR assert, csr=110521 vec=374 level=5
18028;01:17:42.841777;Dbg;deqna;8519;qunibusdevice.cpp;249;DATO CSR: STA0=177522 STA1=177524 RCLL=177400/172742 RCLH=177422/000005 XMTL=177464/173242 XMTH=177526/000005 VECTOR=000774/000774 CSR=110521/100701
18029;01:17:42.841797;Dbg;deqna;8519;deqna.cpp;1202;DEQNA: Write CSR (reg 7) = 100701 access=0
18030;01:17:42.841880;Dbg;deqna;8519;qunibusdevice.cpp;249;update_csr_reg CSR: STA0=177522 STA1=177524 RCLL=177400/172742 RCLH=177422/000005 XMTL=177464/173242 XMTH=177526/000005 VECTOR=000774/000774 CSR=010521/100701
18031;01:17:42.841893;Dbg;deqna;8519;deqna.cpp;643;DEQNA: CSR change prev=110521 now=010521 set=000501 clr=103216
18032;01:17:42.841916;Dbg;deqna;8519;deqna.cpp;595;DEQNA: INTR deassert, csr=010521 ie=1
18033;01:17:42.841934;Dbg;deqna;8519;deqna.cpp;730;DEQNA: INTR deassert, csr=010521
18034;01:17:42.842123;Dbg;deqna;8526;deqna.cpp;595;DEQNA: INTR deassert, csr=010521 ie=1
18035;01:17:42.843246;Dbg;deqna;8526;deqna.cpp;2095;DEQNA: TX desc_read_words @ 01373256 words=6
18036;01:17:42.843573;Dbg;deqna;8526;deqna.cpp;2108;DEQNA: TX list end (V=0) - XI/XL set desc=1373256
18037;01:17:42.848829;Dbg;deqna;8526;deqna.cpp;2095;DEQNA: TX desc_read_words @ 01373256 words=6
18038;01:17:42.849012;Dbg;deqna;8526;deqna.cpp;2108;DEQNA: TX list end (V=0) - XI/XL set desc=1373256
18039;01:17:42.854256;Dbg;deqna;8526;deqna.cpp;2095;DEQNA: TX desc_read_words @ 01373256 words=6
18040;01:17:42.854414;Dbg;deqna;8526;deqna.cpp;2108;DEQNA: TX list end (V=0) - XI/XL set desc=1373256
18041;01:17:42.859623;Dbg;deqna;8526;deqna.cpp;2095;DEQNA: TX desc_read_words @ 01373256 words=6
18042;01:17:42.859790;Dbg;deqna;8526;deqna.cpp;2108;DEQNA: TX list end (V=0) - XI/XL set desc=1373256
18043;01:17:42.864963;Dbg;deqna;8526;deqna.cpp;2095;DEQNA: TX desc_read_words @ 01373256 words=6
18044;01:17:42.865098;Dbg;deqna;8526;deqna.cpp;2108;DEQNA: TX list end (V=0) - XI/XL set desc=1373256
18045;01:17:42.870263;Dbg;deqna;8526;deqna.cpp;2095;DEQNA: TX desc_read_words @ 01373256 words=6
18046;01:17:42.870394;Dbg;deqna;8526;deqna.cpp;2108;DEQNA: TX list end (V=0) - XI/XL set desc=1373256
18047;01:17:42.875557;Dbg;deqna;8526;deqna.cpp;2095;DEQNA: TX desc_read_words @ 01373256 words=6
18048;01:17:42.875689;Dbg;deqna;8526;deqna.cpp;2108;DEQNA: TX list end (V=0) - XI/XL set desc=1373256
18049;01:17:42.880855;Dbg;deqna;8526;deqna.cpp;2095;DEQNA: TX desc_read_words @ 01373256 words=6
18050;01:17:42.880986;Dbg;deqna;8526;deqna.cpp;2108;DEQNA: TX list end (V=0) - XI/XL set desc=1373256
18051;01:17:42.886158;Dbg;deqna;8526;deqna.cpp;2095;DEQNA: TX desc_read_words @ 01373256 words=6
18052;01:17:42.886289;Dbg;deqna;8526;deqna.cpp;2108;DEQNA: TX list end (V=0) - XI/XL set desc=1373256
18053;01:17:42.891450;Dbg;deqna;8526;deqna.cpp;2095;DEQNA: TX desc_read_words @ 01373256 words=6
18054;01:17:42.891579;Dbg;deqna;8526;deqna.cpp;2108;DEQNA: TX list end (V=0) - XI/XL set desc=1373256
18055;01:17:42.896734;Dbg;deqna;8526;deqna.cpp;2095;DEQNA: TX desc_read_words @ 01373256 words=6
18056;01:17:42.896904;Dbg;deqna;8526;deqna.cpp;2108;DEQNA: TX list end (V=0) - XI/XL set desc=1373256
18057;01:17:42.902071;Dbg;deqna;8526;deqna.cpp;2095;DEQNA: TX desc_read_words @ 01373256 words=6
18058;01:17:42.902200;Dbg;deqna;8526;deqna.cpp;2108;DEQNA: TX list end (V=0) - XI/XL set desc=1373256
18059;01:17:42.907367;Dbg;deqna;8526;deqna.cpp;2095;DEQNA: TX desc_read_words @ 01373256 words=6
18060;01:17:42.907497;Dbg;deqna;8526;deqna.cpp;2108;DEQNA: TX list end (V=0) - XI/XL set desc=1373256
18061;01:17:42.912662;Dbg;deqna;8526;deqna.cpp;2095;DEQNA: TX desc_read_words @ 01373256 words=6
18062;01:17:42.912813;Dbg;deqna;8526;deqna.cpp;2108;DEQNA: TX list end (V=0) - XI/XL set desc=1373256
18063;01:17:42.917971;Dbg;deqna;8526;deqna.cpp;2095;DEQNA: TX desc_read_words @ 01373256 words=6
18064;01:17:42.918130;Dbg;deqna;8526;deqna.cpp;2108;DEQNA: TX list end (V=0) - XI/XL set desc=1373256
18065;01:17:42.923299;Dbg;deqna;8526;deqna.cpp;2095;DEQNA: TX desc_read_words @ 01373256 words=6
18066;01:17:42.923435;Dbg;deqna;8526;deqna.cpp;2108;DEQNA: TX list end (V=0) - XI/XL set desc=1373256
18067;01:17:42.928637;Dbg;deqna;8526;deqna.cpp;2095;DEQNA: TX desc_read_words @ 01373256 words=6
18068;01:17:42.928771;Dbg;deqna;8526;deqna.cpp;2108;DEQNA: TX list end (V=0) - XI/XL set desc=1373256
18069;01:17:42.933994;Dbg;deqna;8526;deqna.cpp;2095;DEQNA: TX desc_read_words @ 01373256 words=6
18070;01:17:42.934147;Dbg;deqna;8526;deqna.cpp;2108;DEQNA: TX list end (V=0) - XI/XL set desc=1373256
18071;01:17:42.939302;Dbg;deqna;8526;deqna.cpp;2095;DEQNA: TX desc_read_words @ 01373256 words=6
18072;01:17:42.939453;Dbg;deqna;8526;deqna.cpp;2108;DEQNA: TX list end (V=0) - XI/XL set desc=1373256
18073;01:17:42.944622;Dbg;deqna;8526;deqna.cpp;2095;DEQNA: TX desc_read_words @ 01373256 words=6
18074;01:17:42.944751;Dbg;deqna;8526;deqna.cpp;2108;DEQNA: TX list end (V=0) - XI/XL set desc=1373256
18075;01:17:42.949922;Dbg;deqna;8526;deqna.cpp;2095;DEQNA: TX desc_read_words @ 01373256 words=6
18076;01:17:42.950068;Dbg;deqna;8526;deqna.cpp;2108;DEQNA: TX list end (V=0) - XI/XL set desc=1373256
18077;01:17:42.955230;Dbg;deqna;8526;deqna.cpp;2095;DEQNA: TX desc_read_words @ 01373256 words=6
18078;01:17:42.955382;Dbg;deqna;8526;deqna.cpp;2108;DEQNA: TX list end (V=0) - XI/XL set desc=1373256
18079;01:17:42.959228;Dbg;deqna;8525;deqna.cpp;1365;DEQNA: Enqueue RX type=2 len=60 status=000000 queue=0
18080;01:17:42.959365;Dbg;deqna;8525;deqna.cpp;1392;DEQNA: ENQ DBG type=2 len=60 data=ffffffffffff245a 4c1db8a508060001 080006040001245a 4c1db8a5c0a80009 ffffffffffffc0a8 0101000000000000 0000000000000000 00000000
18081;01:17:42.959384;Dbg;deqna;8525;deqna.cpp;1613;DEQNA: RX desc_read_words @ 01372772 words=4
18082;01:17:42.959668;Dbg;deqna;8525;deqna.cpp;1721;DEQNA: RX deliver type=2 rbl=60 to addr=01513100 blen=2048 desc=1372772
18083;01:17:42.959853;Dbg;deqna;8525;deqna.cpp;1798;DEQNA: RX status type=2 st1=000370 st2=000000 desc=1373002
18084;01:17:42.959979;Dbg;deqna;8525;deqna.cpp;1865;DEQNA: RI set (rx_processed=1 queue=0 rbdl=1373006)
18085;01:17:42.960035;Dbg;deqna;8525;qunibusdevice.cpp;249;update_csr_reg CSR: STA0=177522 STA1=177524 RCLL=177400/172742 RCLH=177422/000005 XMTL=177464/173242 XMTH=177526/000005 VECTOR=000774/000774 CSR=110521/100701
18086;01:17:42.960044;Dbg;deqna;8525;deqna.cpp;643;DEQNA: CSR change prev=010521 now=110521 set=100000 clr=000000
18087;01:17:42.960085;Dbg;deqna;8525;qunibusdevice.cpp;249;update_csr_reg CSR: STA0=177522 STA1=177524 RCLL=177400/172742 RCLH=177422/000005 XMTL=177464/173242 XMTH=177526/000005 VECTOR=000774/000774 CSR=110521/100701
18088;01:17:42.960092;Dbg;deqna;8525;deqna.cpp;586;DEQNA: INTR assert, csr=110521 ie=1
18089;01:17:42.960102;Dbg;deqna;8525;deqna.cpp;724;DEQNA: INTR assert, csr=110521 vec=374 level=5
18090;01:17:42.960290;Dbg;deqna;8519;qunibusdevice.cpp;249;DATO CSR: STA0=177522 STA1=177524 RCLL=177400/172742 RCLH=177422/000005 XMTL=177464/173242 XMTH=177526/000005 VECTOR=000774/000774 CSR=110521/100701
18091;01:17:42.960303;Dbg;deqna;8519;deqna.cpp;1202;DEQNA: Write CSR (reg 7) = 100701 access=0
18092;01:17:42.960348;Dbg;deqna;8519;qunibusdevice.cpp;249;update_csr_reg CSR: STA0=177522 STA1=177524 RCLL=177400/172742 RCLH=177422/000005 XMTL=177464/173242 XMTH=177526/000005 VECTOR=000774/000774 CSR=010521/100701
18093;01:17:42.960354;Dbg;deqna;8519;deqna.cpp;643;DEQNA: CSR change prev=110521 now=010521 set=000501 clr=103216
18094;01:17:42.960366;Dbg;deqna;8519;deqna.cpp;595;DEQNA: INTR deassert, csr=010521 ie=1
18095;01:17:42.960376;Dbg;deqna;8519;deqna.cpp;730;DEQNA: INTR deassert, csr=010521
18096;01:17:42.960579;Dbg;deqna;8526;deqna.cpp;595;DEQNA: INTR deassert, csr=010521 ie=1
18097;01:17:42.960604;Dbg;deqna;8526;deqna.cpp;2095;DEQNA: TX desc_read_words @ 01373256 words=6
18098;01:17:42.960739;Dbg;deqna;8526;deqna.cpp;2108;DEQNA: TX list end (V=0) - XI/XL set desc=1373256
18099;01:17:42.965895;Dbg;deqna;8526;deqna.cpp;2095;DEQNA: TX desc_read_words @ 01373256 words=6
18100;01:17:42.966038;Dbg;deqna;8526;deqna.cpp;2108;DEQNA: TX list end (V=0) - XI/XL set desc=1373256
18101;01:17:42.971195;Dbg;deqna;8526;deqna.cpp;2095;DEQNA: TX desc_read_words @ 01373256 words=6
18102;01:17:42.971335;Dbg;deqna;8526;deqna.cpp;2108;DEQNA: TX list end (V=0) - XI/XL set desc=1373256
18103;01:17:42.976490;Dbg;deqna;8526;deqna.cpp;2095;DEQNA: TX desc_read_words @ 01373256 words=6
18104;01:17:42.976656;Dbg;deqna;8526;deqna.cpp;2108;DEQNA: TX list end (V=0) - XI/XL set desc=1373256
18105;01:17:42.981888;Dbg;deqna;8526;deqna.cpp;2095;DEQNA: TX desc_read_words @ 01373256 words=6
18106;01:17:42.982043;Dbg;deqna;8526;deqna.cpp;2108;DEQNA: TX list end (V=0) - XI/XL set desc=1373256
18107;01:17:42.987213;Dbg;deqna;8526;deqna.cpp;2095;DEQNA: TX desc_read_words @ 01373256 words=6
18108;01:17:42.987351;Dbg;deqna;8526;deqna.cpp;2108;DEQNA: TX list end (V=0) - XI/XL set desc=1373256
18109;01:17:42.992509;Dbg;deqna;8526;deqna.cpp;2095;DEQNA: TX desc_read_words @ 01373256 words=6
18110;01:17:42.992638;Dbg;deqna;8526;deqna.cpp;2108;DEQNA: TX list end (V=0) - XI/XL set desc=1373256
18111;01:17:42.997793;Dbg;deqna;8526;deqna.cpp;2095;DEQNA: TX desc_read_words @ 01373256 words=6
18112;01:17:42.997925;Dbg;deqna;8526;deqna.cpp;2108;DEQNA: TX list end (V=0) - XI/XL set desc=1373256
18113;01:17:43.003097;Dbg;deqna;8526;deqna.cpp;2095;DEQNA: TX desc_read_words @ 01373256 words=6
18114;01:17:43.003228;Dbg;deqna;8526;deqna.cpp;2108;DEQNA: TX list end (V=0) - XI/XL set desc=1373256
18115;01:17:43.008400;Dbg;deqna;8526;deqna.cpp;2095;DEQNA: TX desc_read_words @ 01373256 words=6
18116;01:17:43.008534;Dbg;deqna;8526;deqna.cpp;2108;DEQNA: TX list end (V=0) - XI/XL set desc=1373256
18117;01:17:43.013698;Dbg;deqna;8526;deqna.cpp;2095;DEQNA: TX desc_read_words @ 01373256 words=6
18118;01:17:43.013840;Dbg;deqna;8526;deqna.cpp;2108;DEQNA: TX list end (V=0) - XI/XL set desc=1373256
18119;01:17:43.019015;Dbg;deqna;8526;deqna.cpp;2095;DEQNA: TX desc_read_words @ 01373256 words=6
18120;01:17:43.019187;Dbg;deqna;8526;deqna.cpp;2108;DEQNA: TX list end (V=0) - XI/XL set desc=1373256
18121;01:17:43.024356;Dbg;deqna;8526;deqna.cpp;2095;DEQNA: TX desc_read_words @ 01373256 words=6
18122;01:17:43.024485;Dbg;deqna;8526;deqna.cpp;2108;DEQNA: TX list end (V=0) - XI/XL set desc=1373256
18123;01:17:43.029667;Dbg;deqna;8526;deqna.cpp;2095;DEQNA: TX desc_read_words @ 01373256 words=6
18124;01:17:43.029802;Dbg;deqna;8526;deqna.cpp;2108;DEQNA: TX list end (V=0) - XI/XL set desc=1373256
18125;01:17:43.034955;Dbg;deqna;8526;deqna.cpp;2095;DEQNA: TX desc_read_words @ 01373256 words=6
18126;01:17:43.035082;Dbg;deqna;8526;deqna.cpp;2108;DEQNA: TX list end (V=0) - XI/XL set desc=1373256
18127;01:17:43.040249;Dbg;deqna;8526;deqna.cpp;2095;DEQNA: TX desc_read_words @ 01373256 words=6
18128;01:17:43.040390;Dbg;deqna;8526;deqna.cpp;2108;DEQNA: TX list end (V=0) - XI/XL set desc=1373256
18129;01:17:43.045560;Dbg;deqna;8526;deqna.cpp;2095;DEQNA: TX desc_read_words @ 01373256 words=6
18130;01:17:43.045687;Dbg;deqna;8526;deqna.cpp;2108;DEQNA: TX list end (V=0) - XI/XL set desc=1373256
18131;01:17:43.050858;Dbg;deqna;8526;deqna.cpp;2095;DEQNA: TX desc_read_words @ 01373256 words=6
18132;01:17:43.050991;Dbg;deqna;8526;deqna.cpp;2108;DEQNA: TX list end (V=0) - XI/XL set desc=1373256
18133;01:17:43.056142;Dbg;deqna;8526;deqna.cpp;2095;DEQNA: TX desc_read_words @ 01373256 words=6
18134;01:17:43.056300;Dbg;deqna;8526;deqna.cpp;2108;DEQNA: TX list end (V=0) - XI/XL set desc=1373256
18135;01:17:43.061464;Dbg;deqna;8526;deqna.cpp;2095;DEQNA: TX desc_read_words @ 01373256 words=6
18136;01:17:43.061598;Dbg;deqna;8526;deqna.cpp;2108;DEQNA: TX list end (V=0) - XI/XL set desc=1373256
18137;01:17:43.066767;Dbg;deqna;8526;deqna.cpp;2095;DEQNA: TX desc_read_words @ 01373256 words=6
18138;01:17:43.066895;Dbg;deqna;8526;deqna.cpp;2108;DEQNA: TX list end (V=0) - XI/XL set desc=1373256
18139;01:17:43.072055;Dbg;deqna;8526;deqna.cpp;2095;DEQNA: TX desc_read_words @ 01373256 words=6
18140;01:17:43.072187;Dbg;deqna;8526;deqna.cpp;2108;DEQNA: TX list end (V=0) - XI/XL set desc=1373256
18141;01:17:43.077340;Dbg;deqna;8526;deqna.cpp;2095;DEQNA: TX desc_read_words @ 01373256 words=6
18142;01:17:43.077467;Dbg;deqna;8526;deqna.cpp;2108;DEQNA: TX list end (V=0) - XI/XL set desc=1373256
18143;01:17:43.082644;Dbg;deqna;8526;deqna.cpp;2095;DEQNA: TX desc_read_words @ 01373256 words=6
18144;01:17:43.082779;Dbg;deqna;8526;deqna.cpp;2108;DEQNA: TX list end (V=0) - XI/XL set desc=1373256
18145;01:17:43.087949;Dbg;deqna;8526;deqna.cpp;2095;DEQNA: TX desc_read_words @ 01373256 words=6
18146;01:17:43.088077;Dbg;deqna;8526;deqna.cpp;2108;DEQNA: TX list end (V=0) - XI/XL set desc=1373256
18147;01:17:43.093251;Dbg;deqna;8526;deqna.cpp;2095;DEQNA: TX desc_read_words @ 01373256 words=6
18148;01:17:43.093423;Dbg;deqna;8526;deqna.cpp;2108;DEQNA: TX list end (V=0) - XI/XL set desc=1373256
18149;01:17:43.098578;Dbg;deqna;8526;deqna.cpp;2095;DEQNA: TX desc_read_words @ 01373256 words=6
18150;01:17:43.098732;Dbg;deqna;8526;deqna.cpp;2108;DEQNA: TX list end (V=0) - XI/XL set desc=1373256
18151;01:17:43.103916;Dbg;deqna;8526;deqna.cpp;2095;DEQNA: TX desc_read_words @ 01373256 words=6
18152;01:17:43.104050;Dbg;deqna;8526;deqna.cpp;2108;DEQNA: TX list end (V=0) - XI/XL set desc=1373256
18153;01:17:43.109219;Dbg;deqna;8526;deqna.cpp;2095;DEQNA: TX desc_read_words @ 01373256 words=6
18154;01:17:43.109347;Dbg;deqna;8526;deqna.cpp;2108;DEQNA: TX list end (V=0) - XI/XL set desc=1373256
18155;01:17:43.114527;Dbg;deqna;8526;deqna.cpp;2095;DEQNA: TX desc_read_words @ 01373256 words=6
18156;01:17:43.114666;Dbg;deqna;8526;deqna.cpp;2108;DEQNA: TX list end (V=0) - XI/XL set desc=1373256
18157;01:17:43.119832;Dbg;deqna;8526;deqna.cpp;2095;DEQNA: TX desc_read_words @ 01373256 words=6
18158;01:17:43.119965;Dbg;deqna;8526;deqna.cpp;2108;DEQNA: TX list end (V=0) - XI/XL set desc=1373256
18159;01:17:43.125149;Dbg;deqna;8526;deqna.cpp;2095;DEQNA: TX desc_read_words @ 01373256 words=6
18160;01:17:43.125286;Dbg;deqna;8526;deqna.cpp;2108;DEQNA: TX list end (V=0) - XI/XL set desc=1373256
18161;01:17:43.130460;Dbg;deqna;8526;deqna.cpp;2095;DEQNA: TX desc_read_words @ 01373256 words=6
18162;01:17:43.130618;Dbg;deqna;8526;deqna.cpp;2108;DEQNA: TX list end (V=0) - XI/XL set desc=1373256
18163;01:17:43.135766;Dbg;deqna;8526;deqna.cpp;2095;DEQNA: TX desc_read_words @ 01373256 words=6
18164;01:17:43.135896;Dbg;deqna;8526;deqna.cpp;2108;DEQNA: TX list end (V=0) - XI/XL set desc=1373256
18165;01:17:43.141187;Dbg;deqna;8526;deqna.cpp;2095;DEQNA: TX desc_read_words @ 01373256 words=6
18166;01:17:43.141468;Dbg;deqna;8526;deqna.cpp;2108;DEQNA: TX list end (V=0) - XI/XL set desc=1373256
18167;01:17:43.146833;Dbg;deqna;8526;deqna.cpp;2095;DEQNA: TX desc_read_words @ 01373256 words=6
18168;01:17:43.147098;Dbg;deqna;8526;deqna.cpp;2108;DEQNA: TX list end (V=0) - XI/XL set desc=1373256
18169;01:17:43.152723;Dbg;deqna;8526;deqna.cpp;2095;DEQNA: TX desc_read_words @ 01373256 words=6
18170;01:17:43.153025;Dbg;deqna;8526;deqna.cpp;2108;DEQNA: TX list end (V=0) - XI/XL set desc=1373256
18171;01:17:43.158467;Dbg;deqna;8526;deqna.cpp;2095;DEQNA: TX desc_read_words @ 01373256 words=6
18172;01:17:43.158861;Dbg;deqna;8526;deqna.cpp;2108;DEQNA: TX list end (V=0) - XI/XL set desc=1373256
18173;01:17:43.160085;Dbg;deqna;8525;deqna.cpp;1365;DEQNA: Enqueue RX type=2 len=60 status=000000 queue=0
18174;01:17:43.160343;Dbg;deqna;8525;deqna.cpp;1392;DEQNA: ENQ DBG type=2 len=60 data=ffffffffffff90dd 5d94cc6208060001 08000604000190dd 5d94cc62c0a8017b 000000000000a9fe ffff000000000000 0000000000000000 00000000
18175;01:17:43.160376;Dbg;deqna;8525;deqna.cpp;1613;DEQNA: RX desc_read_words @ 01373006 words=4
18176;01:17:43.160810;Dbg;deqna;8525;deqna.cpp;1721;DEQNA: RX deliver type=2 rbl=60 to addr=01517100 blen=2048 desc=1373006
18177;01:17:43.161177;Dbg;deqna;8525;deqna.cpp;1798;DEQNA: RX status type=2 st1=000370 st2=000000 desc=1373016
18178;01:17:43.161414;Dbg;deqna;8525;deqna.cpp;1865;DEQNA: RI set (rx_processed=1 queue=0 rbdl=1373022)
18179;01:17:43.161519;Dbg;deqna;8525;qunibusdevice.cpp;249;update_csr_reg CSR: STA0=177522 STA1=177524 RCLL=177400/172742 RCLH=177422/000005 XMTL=177464/173242 XMTH=177526/000005 VECTOR=000774/000774 CSR=110521/100701
18180;01:17:43.161535;Dbg;deqna;8525;deqna.cpp;643;DEQNA: CSR change prev=010521 now=110521 set=100000 clr=000000
18181;01:17:43.161614;Dbg;deqna;8525;qunibusdevice.cpp;249;update_csr_reg CSR: STA0=177522 STA1=177524 RCLL=177400/172742 RCLH=177422/000005 XMTL=177464/173242 XMTH=177526/000005 VECTOR=000774/000774 CSR=110521/100701
18182;01:17:43.161627;Dbg;deqna;8525;deqna.cpp;586;DEQNA: INTR assert, csr=110521 ie=1
18183;01:17:43.161646;Dbg;deqna;8525;deqna.cpp;724;DEQNA: INTR assert, csr=110521 vec=374 level=5
18184;01:17:43.161859;Dbg;deqna;8519;qunibusdevice.cpp;249;DATO CSR: STA0=177522 STA1=177524 RCLL=177400/172742 RCLH=177422/000005 XMTL=177464/173242 XMTH=177526/000005 VECTOR=000774/000774 CSR=110521/100701
18185;01:17:43.161880;Dbg;deqna;8519;deqna.cpp;1202;DEQNA: Write CSR (reg 7) = 100701 access=0
18186;01:17:43.161963;Dbg;deqna;8519;qunibusdevice.cpp;249;update_csr_reg CSR: STA0=177522 STA1=177524 RCLL=177400/172742 RCLH=177422/000005 XMTL=177464/173242 XMTH=177526/000005 VECTOR=000774/000774 CSR=010521/100701
18187;01:17:43.161976;Dbg;deqna;8519;deqna.cpp;643;DEQNA: CSR change prev=110521 now=010521 set=000501 clr=103216
18188;01:17:43.161998;Dbg;deqna;8519;deqna.cpp;595;DEQNA: INTR deassert, csr=010521 ie=1
18189;01:17:43.162016;Dbg;deqna;8519;deqna.cpp;730;DEQNA: INTR deassert, csr=010521
18190;01:17:43.162197;Dbg;deqna;8526;deqna.cpp;595;DEQNA: INTR deassert, csr=010521 ie=1
18191;01:17:43.164351;Dbg;deqna;8526;deqna.cpp;2095;DEQNA: TX desc_read_words @ 01373256 words=6
18192;01:17:43.164610;Dbg;deqna;8526;deqna.cpp;2108;DEQNA: TX list end (V=0) - XI/XL set desc=1373256
18193;01:17:43.169935;Dbg;deqna;8526;deqna.cpp;2095;DEQNA: TX desc_read_words @ 01373256 words=6
18194;01:17:43.170231;Dbg;deqna;8526;deqna.cpp;2108;DEQNA: TX list end (V=0) - XI/XL set desc=1373256
18195;01:17:43.175625;Dbg;deqna;8526;deqna.cpp;2095;DEQNA: TX desc_read_words @ 01373256 words=6
18196;01:17:43.175904;Dbg;deqna;8526;deqna.cpp;2108;DEQNA: TX list end (V=0) - XI/XL set desc=1373256
18197;01:17:43.181247;Dbg;deqna;8526;deqna.cpp;2095;DEQNA: TX desc_read_words @ 01373256 words=6
18198;01:17:43.181504;Dbg;deqna;8526;deqna.cpp;2108;DEQNA: TX list end (V=0) - XI/XL set desc=1373256
18199;01:17:43.186832;Dbg;deqna;8526;deqna.cpp;2095;DEQNA: TX desc_read_words @ 01373256 words=6
18200;01:17:43.187071;Dbg;deqna;8526;deqna.cpp;2108;DEQNA: TX list end (V=0) - XI/XL set desc=1373256
18201;01:17:43.192413;Dbg;deqna;8526;deqna.cpp;2095;DEQNA: TX desc_read_words @ 01373256 words=6
18202;01:17:43.192684;Dbg;deqna;8526;deqna.cpp;2108;DEQNA: TX list end (V=0) - XI/XL set desc=1373256
18203;01:17:43.198079;Dbg;deqna;8526;deqna.cpp;2095;DEQNA: TX desc_read_words @ 01373256 words=6
18204;01:17:43.198342;Dbg;deqna;8526;deqna.cpp;2108;DEQNA: TX list end (V=0) - XI/XL set desc=1373256
18205;01:17:43.203812;Dbg;deqna;8526;deqna.cpp;2095;DEQNA: TX desc_read_words @ 01373256 words=6
18206;01:17:43.204104;Dbg;deqna;8526;deqna.cpp;2108;DEQNA: TX list end (V=0) - XI/XL set desc=1373256
18207;01:17:43.209429;Dbg;deqna;8526;deqna.cpp;2095;DEQNA: TX desc_read_words @ 01373256 words=6
18208;01:17:43.209697;Dbg;deqna;8526;deqna.cpp;2108;DEQNA: TX list end (V=0) - XI/XL set desc=1373256
18209;01:17:43.215026;Dbg;deqna;8526;deqna.cpp;2095;DEQNA: TX desc_read_words @ 01373256 words=6
18210;01:17:43.215287;Dbg;deqna;8526;deqna.cpp;2108;DEQNA: TX list end (V=0) - XI/XL set desc=1373256
18211;01:17:43.220609;Dbg;deqna;8526;deqna.cpp;2095;DEQNA: TX desc_read_words @ 01373256 words=6
18212;01:17:43.220918;Dbg;deqna;8526;deqna.cpp;2108;DEQNA: TX list end (V=0) - XI/XL set desc=1373256
18213;01:17:43.226353;Dbg;deqna;8526;deqna.cpp;2095;DEQNA: TX desc_read_words @ 01373256 words=6
18214;01:17:43.226626;Dbg;deqna;8526;deqna.cpp;2108;DEQNA: TX list end (V=0) - XI/XL set desc=1373256
18215;01:17:43.232067;Dbg;deqna;8526;deqna.cpp;2095;DEQNA: TX desc_read_words @ 01373256 words=6
18216;01:17:43.232356;Dbg;deqna;8526;deqna.cpp;2108;DEQNA: TX list end (V=0) - XI/XL set desc=1373256
18217;01:17:43.237655;Dbg;deqna;8526;deqna.cpp;2095;DEQNA: TX desc_read_words @ 01373256 words=6
18218;01:17:43.237895;Dbg;deqna;8526;deqna.cpp;2108;DEQNA: TX list end (V=0) - XI/XL set desc=1373256
18219;01:17:43.243226;Dbg;deqna;8526;deqna.cpp;2095;DEQNA: TX desc_read_words @ 01373256 words=6
18220;01:17:43.243499;Dbg;deqna;8526;deqna.cpp;2108;DEQNA: TX list end (V=0) - XI/XL set desc=1373256
18221;01:17:43.248845;Dbg;deqna;8526;deqna.cpp;2095;DEQNA: TX desc_read_words @ 01373256 words=6
18222;01:17:43.249116;Dbg;deqna;8526;deqna.cpp;2108;DEQNA: TX list end (V=0) - XI/XL set desc=1373256
18223;01:17:43.254522;Dbg;deqna;8526;deqna.cpp;2095;DEQNA: TX desc_read_words @ 01373256 words=6
18224;01:17:43.254786;Dbg;deqna;8526;deqna.cpp;2108;DEQNA: TX list end (V=0) - XI/XL set desc=1373256
18225;01:17:43.260212;Dbg;deqna;8526;deqna.cpp;2095;DEQNA: TX desc_read_words @ 01373256 words=6
18226;01:17:43.260502;Dbg;deqna;8526;deqna.cpp;2108;DEQNA: TX list end (V=0) - XI/XL set desc=1373256
18227;01:17:43.265836;Dbg;deqna;8526;deqna.cpp;2095;DEQNA: TX desc_read_words @ 01373256 words=6
18228;01:17:43.266072;Dbg;deqna;8526;deqna.cpp;2108;DEQNA: TX list end (V=0) - XI/XL set desc=1373256
18229;01:17:43.271386;Dbg;deqna;8526;deqna.cpp;2095;DEQNA: TX desc_read_words @ 01373256 words=6
18230;01:17:43.271631;Dbg;deqna;8526;deqna.cpp;2108;DEQNA: TX list end (V=0) - XI/XL set desc=1373256
18231;01:17:43.276926;Dbg;deqna;8526;deqna.cpp;2095;DEQNA: TX desc_read_words @ 01373256 words=6
18232;01:17:43.277193;Dbg;deqna;8526;deqna.cpp;2108;DEQNA: TX list end (V=0) - XI/XL set desc=1373256
18233;01:17:43.282645;Dbg;deqna;8526;deqna.cpp;2095;DEQNA: TX desc_read_words @ 01373256 words=6
18234;01:17:43.282919;Dbg;deqna;8526;deqna.cpp;2108;DEQNA: TX list end (V=0) - XI/XL set desc=1373256
18235;01:17:43.288381;Dbg;deqna;8526;deqna.cpp;2095;DEQNA: TX desc_read_words @ 01373256 words=6
18236;01:17:43.288748;Dbg;deqna;8526;deqna.cpp;2108;DEQNA: TX list end (V=0) - XI/XL set desc=1373256
18237;01:17:43.294044;Dbg;deqna;8526;deqna.cpp;2095;DEQNA: TX desc_read_words @ 01373256 words=6
18238;01:17:43.294285;Dbg;deqna;8526;deqna.cpp;2108;DEQNA: TX list end (V=0) - XI/XL set desc=1373256
18239;01:17:43.299581;Dbg;deqna;8526;deqna.cpp;2095;DEQNA: TX desc_read_words @ 01373256 words=6
18240;01:17:43.299821;Dbg;deqna;8526;deqna.cpp;2108;DEQNA: TX list end (V=0) - XI/XL set desc=1373256
18241;01:17:43.305152;Dbg;deqna;8526;deqna.cpp;2095;DEQNA: TX desc_read_words @ 01373256 words=6
18242;01:17:43.305420;Dbg;deqna;8526;deqna.cpp;2108;DEQNA: TX list end (V=0) - XI/XL set desc=1373256
18243;01:17:43.310856;Dbg;deqna;8526;deqna.cpp;2095;DEQNA: TX desc_read_words @ 01373256 words=6
18244;01:17:43.311121;Dbg;deqna;8526;deqna.cpp;2108;DEQNA: TX list end (V=0) - XI/XL set desc=1373256
18245;01:17:43.316467;Dbg;deqna;8526;deqna.cpp;2095;DEQNA: TX desc_read_words @ 01373256 words=6
18246;01:17:43.316808;Dbg;deqna;8526;deqna.cpp;2108;DEQNA: TX list end (V=0) - XI/XL set desc=1373256
18247;01:17:43.322137;Dbg;deqna;8526;deqna.cpp;2095;DEQNA: TX desc_read_words @ 01373256 words=6
18248;01:17:43.322376;Dbg;deqna;8526;deqna.cpp;2108;DEQNA: TX list end (V=0) - XI/XL set desc=1373256
18249;01:17:43.327704;Dbg;deqna;8526;deqna.cpp;2095;DEQNA: TX desc_read_words @ 01373256 words=6
18250;01:17:43.327946;Dbg;deqna;8526;deqna.cpp;2108;DEQNA: TX list end (V=0) - XI/XL set desc=1373256
18251;01:17:43.333257;Dbg;deqna;8526;deqna.cpp;2095;DEQNA: TX desc_read_words @ 01373256 words=6
18252;01:17:43.333494;Dbg;deqna;8526;deqna.cpp;2108;DEQNA: TX list end (V=0) - XI/XL set desc=1373256
18253;01:17:43.338936;Dbg;deqna;8526;deqna.cpp;2095;DEQNA: TX desc_read_words @ 01373256 words=6
18254;01:17:43.339209;Dbg;deqna;8526;deqna.cpp;2108;DEQNA: TX list end (V=0) - XI/XL set desc=1373256
18255;01:17:43.344622;Dbg;deqna;8526;deqna.cpp;2095;DEQNA: TX desc_read_words @ 01373256 words=6
18256;01:17:43.344905;Dbg;deqna;8526;deqna.cpp;2108;DEQNA: TX list end (V=0) - XI/XL set desc=1373256
18257;01:17:43.350215;Dbg;deqna;8526;deqna.cpp;2095;DEQNA: TX desc_read_words @ 01373256 words=6
18258;01:17:43.350483;Dbg;deqna;8526;deqna.cpp;2108;DEQNA: TX list end (V=0) - XI/XL set desc=1373256
18259;01:17:43.355783;Dbg;deqna;8526;deqna.cpp;2095;DEQNA: TX desc_read_words @ 01373256 words=6
18260;01:17:43.356059;Dbg;deqna;8526;deqna.cpp;2108;DEQNA: TX list end (V=0) - XI/XL set desc=1373256
18261;01:17:43.359601;Dbg;deqna;8525;deqna.cpp;1365;DEQNA: Enqueue RX type=2 len=60 status=000000 queue=0
18262;01:17:43.359864;Dbg;deqna;8525;deqna.cpp;1392;DEQNA: ENQ DBG type=2 len=60 data=ffffffffffff6c63 f898f6c908060001 0800060400016c63 f898f6c9c0a801e4 000000000000c0a8 01e4000000000000 0000000000000000 00000000
18263;01:17:43.359897;Dbg;deqna;8525;deqna.cpp;1613;DEQNA: RX desc_read_words @ 01373022 words=4
18264;01:17:43.360427;Dbg;deqna;8525;deqna.cpp;1721;DEQNA: RX deliver type=2 rbl=60 to addr=01523100 blen=2048 desc=1373022
18265;01:17:43.360703;Dbg;deqna;8525;deqna.cpp;1798;DEQNA: RX status type=2 st1=000370 st2=000000 desc=1373032
18266;01:17:43.360939;Dbg;deqna;8525;deqna.cpp;1865;DEQNA: RI set (rx_processed=1 queue=0 rbdl=1373036)
18267;01:17:43.361042;Dbg;deqna;8525;qunibusdevice.cpp;249;update_csr_reg CSR: STA0=177522 STA1=177524 RCLL=177400/172742 RCLH=177422/000005 XMTL=177464/173242 XMTH=177526/000005 VECTOR=000774/000774 CSR=110521/100701
18268;01:17:43.361057;Dbg;deqna;8525;deqna.cpp;643;DEQNA: CSR change prev=010521 now=110521 set=100000 clr=000000
18269;01:17:43.361135;Dbg;deqna;8525;qunibusdevice.cpp;249;update_csr_reg CSR: STA0=177522 STA1=177524 RCLL=177400/172742 RCLH=177422/000005 XMTL=177464/173242 XMTH=177526/000005 VECTOR=000774/000774 CSR=110521/100701
18270;01:17:43.361150;Dbg;deqna;8525;deqna.cpp;586;DEQNA: INTR assert, csr=110521 ie=1
18271;01:17:43.361168;Dbg;deqna;8525;deqna.cpp;724;DEQNA: INTR assert, csr=110521 vec=374 level=5
18272;01:17:43.361383;Dbg;deqna;8519;qunibusdevice.cpp;249;DATO CSR: STA0=177522 STA1=177524 RCLL=177400/172742 RCLH=177422/000005 XMTL=177464/173242 XMTH=177526/000005 VECTOR=000774/000774 CSR=110521/100701
18273;01:17:43.361434;Dbg;deqna;8519;deqna.cpp;1202;DEQNA: Write CSR (reg 7) = 100701 access=0
18274;01:17:43.361523;Dbg;deqna;8519;qunibusdevice.cpp;249;update_csr_reg CSR: STA0=177522 STA1=177524 RCLL=177400/172742 RCLH=177422/000005 XMTL=177464/173242 XMTH=177526/000005 VECTOR=000774/000774 CSR=010521/100701
18275;01:17:43.361537;Dbg;deqna;8519;deqna.cpp;643;DEQNA: CSR change prev=110521 now=010521 set=000501 clr=103216
18276;01:17:43.361559;Dbg;deqna;8519;deqna.cpp;595;DEQNA: INTR deassert, csr=010521 ie=1
18277;01:17:43.361576;Dbg;deqna;8519;deqna.cpp;730;DEQNA: INTR deassert, csr=010521
18278;01:17:43.361661;Dbg;deqna;8526;deqna.cpp;595;DEQNA: INTR deassert, csr=010521 ie=1
18279;01:17:43.361704;Dbg;deqna;8526;deqna.cpp;2095;DEQNA: TX desc_read_words @ 01373256 words=6
18280;01:17:43.361936;Dbg;deqna;8526;deqna.cpp;2108;DEQNA: TX list end (V=0) - XI/XL set desc=1373256
18281;01:17:43.367242;Dbg;deqna;8526;deqna.cpp;2095;DEQNA: TX desc_read_words @ 01373256 words=6
18282;01:17:43.367560;Dbg;deqna;8526;deqna.cpp;2108;DEQNA: TX list end (V=0) - XI/XL set desc=1373256
18283;01:17:43.373021;Dbg;deqna;8526;deqna.cpp;2095;DEQNA: TX desc_read_words @ 01373256 words=6
18284;01:17:43.373335;Dbg;deqna;8526;deqna.cpp;2108;DEQNA: TX list end (V=0) - XI/XL set desc=1373256
18285;01:17:43.378697;Dbg;deqna;8526;deqna.cpp;2095;DEQNA: TX desc_read_words @ 01373256 words=6
18286;01:17:43.378941;Dbg;deqna;8526;deqna.cpp;2108;DEQNA: TX list end (V=0) - XI/XL set desc=1373256
18287;01:17:43.384275;Dbg;deqna;8526;deqna.cpp;2095;DEQNA: TX desc_read_words @ 01373256 words=6
18288;01:17:43.384530;Dbg;deqna;8526;deqna.cpp;2108;DEQNA: TX list end (V=0) - XI/XL set desc=1373256
18289;01:17:43.389869;Dbg;deqna;8526;deqna.cpp;2095;DEQNA: TX desc_read_words @ 01373256 words=6
18290;01:17:43.390201;Dbg;deqna;8526;deqna.cpp;2108;DEQNA: TX list end (V=0) - XI/XL set desc=1373256
18291;01:17:43.395501;Dbg;deqna;8526;deqna.cpp;2095;DEQNA: TX desc_read_words @ 01373256 words=6
18292;01:17:43.395744;Dbg;deqna;8526;deqna.cpp;2108;DEQNA: TX list end (V=0) - XI/XL set desc=1373256
18293;01:17:43.401064;Dbg;deqna;8526;deqna.cpp;2095;DEQNA: TX desc_read_words @ 01373256 words=6
18294;01:17:43.401335;Dbg;deqna;8526;deqna.cpp;2108;DEQNA: TX list end (V=0) - XI/XL set desc=1373256
18295;01:17:43.406666;Dbg;deqna;8526;deqna.cpp;2095;DEQNA: TX desc_read_words @ 01373256 words=6
18296;01:17:43.406906;Dbg;deqna;8526;deqna.cpp;2108;DEQNA: TX list end (V=0) - XI/XL set desc=1373256
18297;01:17:43.412254;Dbg;deqna;8526;deqna.cpp;2095;DEQNA: TX desc_read_words @ 01373256 words=6
18298;01:17:43.412587;Dbg;deqna;8526;deqna.cpp;2108;DEQNA: TX list end (V=0) - XI/XL set desc=1373256
18299;01:17:43.418002;Dbg;deqna;8526;deqna.cpp;2095;DEQNA: TX desc_read_words @ 01373256 words=6
18300;01:17:43.418302;Dbg;deqna;8526;deqna.cpp;2108;DEQNA: TX list end (V=0) - XI/XL set desc=1373256
18301;01:17:43.423616;Dbg;deqna;8526;deqna.cpp;2095;DEQNA: TX desc_read_words @ 01373256 words=6
18302;01:17:43.423855;Dbg;deqna;8526;deqna.cpp;2108;DEQNA: TX list end (V=0) - XI/XL set desc=1373256
18303;01:17:43.429162;Dbg;deqna;8526;deqna.cpp;2095;DEQNA: TX desc_read_words @ 01373256 words=6
18304;01:17:43.429410;Dbg;deqna;8526;deqna.cpp;2108;DEQNA: TX list end (V=0) - XI/XL set desc=1373256
18305;01:17:43.434876;Dbg;deqna;8526;deqna.cpp;2095;DEQNA: TX desc_read_words @ 01373256 words=6
18306;01:17:43.435213;Dbg;deqna;8526;deqna.cpp;2108;DEQNA: TX list end (V=0) - XI/XL set desc=1373256
18307;01:17:43.439435;Dbg;deqna;8525;deqna.cpp;1365;DEQNA: Enqueue RX type=2 len=60 status=000000 queue=0
18308;01:17:43.439693;Dbg;deqna;8525;deqna.cpp;1392;DEQNA: ENQ DBG type=2 len=60 data=ffffffffffff506b 4b43b2a608060001 080006040001506b 4b43b2a6c0a80111 000000000000c0a8 010d000000000000 0000000000000000 00000000
18309;01:17:43.439727;Dbg;deqna;8525;deqna.cpp;1613;DEQNA: RX desc_read_words @ 01373036 words=4
18310;01:17:43.440208;Dbg;deqna;8525;deqna.cpp;1721;DEQNA: RX deliver type=2 rbl=60 to addr=01527100 blen=2048 desc=1373036
18311;01:17:43.440480;Dbg;deqna;8525;deqna.cpp;1798;DEQNA: RX status type=2 st1=000370 st2=000000 desc=1373046
18312;01:17:43.440712;Dbg;deqna;8525;deqna.cpp;1865;DEQNA: RI set (rx_processed=1 queue=0 rbdl=1373052)
18313;01:17:43.440815;Dbg;deqna;8525;qunibusdevice.cpp;249;update_csr_reg CSR: STA0=177522 STA1=177524 RCLL=177400/172742 RCLH=177422/000005 XMTL=177464/173242 XMTH=177526/000005 VECTOR=000774/000774 CSR=110521/100701
18314;01:17:43.440830;Dbg;deqna;8525;deqna.cpp;643;DEQNA: CSR change prev=010521 now=110521 set=100000 clr=000000
18315;01:17:43.440948;Dbg;deqna;8525;qunibusdevice.cpp;249;update_csr_reg CSR: STA0=177522 STA1=177524 RCLL=177400/172742 RCLH=177422/000005 XMTL=177464/173242 XMTH=177526/000005 VECTOR=000774/000774 CSR=110521/100701
18316;01:17:43.440963;Dbg;deqna;8525;deqna.cpp;586;DEQNA: INTR assert, csr=110521 ie=1
18317;01:17:43.440984;Dbg;deqna;8525;deqna.cpp;724;DEQNA: INTR assert, csr=110521 vec=374 level=5
18318;01:17:43.441080;Dbg;deqna;8526;deqna.cpp;2095;DEQNA: TX desc_read_words @ 01373256 words=6
18319;01:17:43.441293;Dbg;deqna;8519;qunibusdevice.cpp;249;DATO CSR: STA0=177522 STA1=177524 RCLL=177400/172742 RCLH=177422/000005 XMTL=177464/173242 XMTH=177526/000005 VECTOR=000774/000774 CSR=110521/100701
18320;01:17:43.441313;Dbg;deqna;8519;deqna.cpp;1202;DEQNA: Write CSR (reg 7) = 100701 access=0
18321;01:17:43.441399;Dbg;deqna;8519;qunibusdevice.cpp;249;update_csr_reg CSR: STA0=177522 STA1=177524 RCLL=177400/172742 RCLH=177422/000005 XMTL=177464/173242 XMTH=177526/000005 VECTOR=000774/000774 CSR=010521/100701
18322;01:17:43.441411;Dbg;deqna;8519;deqna.cpp;643;DEQNA: CSR change prev=110521 now=010521 set=000501 clr=103216
18323;01:17:43.441433;Dbg;deqna;8519;deqna.cpp;595;DEQNA: INTR deassert, csr=010521 ie=1
18324;01:17:43.441450;Dbg;deqna;8519;deqna.cpp;730;DEQNA: INTR deassert, csr=010521
18325;01:17:43.441683;Dbg;deqna;8526;deqna.cpp;2108;DEQNA: TX list end (V=0) - XI/XL set desc=1373256
18326;01:17:43.442096;Dbg;deqna;8525;deqna.cpp;595;DEQNA: INTR deassert, csr=010521 ie=1
18327;01:17:43.446983;Dbg;deqna;8526;deqna.cpp;2095;DEQNA: TX desc_read_words @ 01373256 words=6
18328;01:17:43.447161;Dbg;deqna;8526;deqna.cpp;2108;DEQNA: TX list end (V=0) - XI/XL set desc=1373256
18329;01:17:43.452324;Dbg;deqna;8526;deqna.cpp;2095;DEQNA: TX desc_read_words @ 01373256 words=6
18330;01:17:43.452472;Dbg;deqna;8526;deqna.cpp;2108;DEQNA: TX list end (V=0) - XI/XL set desc=1373256
18331;01:17:43.457628;Dbg;deqna;8526;deqna.cpp;2095;DEQNA: TX desc_read_words @ 01373256 words=6
18332;01:17:43.457797;Dbg;deqna;8526;deqna.cpp;2108;DEQNA: TX list end (V=0) - XI/XL set desc=1373256
18333;01:17:43.463041;Dbg;deqna;8526;deqna.cpp;2095;DEQNA: TX desc_read_words @ 01373256 words=6
18334;01:17:43.463208;Dbg;deqna;8526;deqna.cpp;2108;DEQNA: TX list end (V=0) - XI/XL set desc=1373256
18335;01:17:43.468385;Dbg;deqna;8526;deqna.cpp;2095;DEQNA: TX desc_read_words @ 01373256 words=6
18336;01:17:43.468524;Dbg;deqna;8526;deqna.cpp;2108;DEQNA: TX list end (V=0) - XI/XL set desc=1373256
18337;01:17:43.473676;Dbg;deqna;8526;deqna.cpp;2095;DEQNA: TX desc_read_words @ 01373256 words=6
18338;01:17:43.473805;Dbg;deqna;8526;deqna.cpp;2108;DEQNA: TX list end (V=0) - XI/XL set desc=1373256
18339;01:17:43.478970;Dbg;deqna;8526;deqna.cpp;2095;DEQNA: TX desc_read_words @ 01373256 words=6
18340;01:17:43.479130;Dbg;deqna;8526;deqna.cpp;2108;DEQNA: TX list end (V=0) - XI/XL set desc=1373256
18341;01:17:43.479652;Dbg;deqna;8525;deqna.cpp;1365;DEQNA: Enqueue RX type=2 len=60 status=000000 queue=0
18342;01:17:43.479789;Dbg;deqna;8525;deqna.cpp;1392;DEQNA: ENQ DBG type=2 len=60 data=ffffffffffff90dd 5d94cc6208060001 08000604000190dd 5d94cc62c0a8017b 000000000000a9fe ffff000000000000 0000000000000000 00000000
18343;01:17:43.479809;Dbg;deqna;8525;deqna.cpp;1613;DEQNA: RX desc_read_words @ 01373052 words=4
18344;01:17:43.480058;Dbg;deqna;8525;deqna.cpp;1721;DEQNA: RX deliver type=2 rbl=60 to addr=01533100 blen=2048 desc=1373052
18345;01:17:43.480308;Dbg;deqna;8525;deqna.cpp;1798;DEQNA: RX status type=2 st1=000370 st2=000000 desc=1373062
18346;01:17:43.480436;Dbg;deqna;8525;deqna.cpp;1865;DEQNA: RI set (rx_processed=1 queue=0 rbdl=1373066)
18347;01:17:43.480492;Dbg;deqna;8525;qunibusdevice.cpp;249;update_csr_reg CSR: STA0=177522 STA1=177524 RCLL=177400/172742 RCLH=177422/000005 XMTL=177464/173242 XMTH=177526/000005 VECTOR=000774/000774 CSR=110521/100701
18348;01:17:43.480500;Dbg;deqna;8525;deqna.cpp;643;DEQNA: CSR change prev=010521 now=110521 set=100000 clr=000000
18349;01:17:43.480540;Dbg;deqna;8525;qunibusdevice.cpp;249;update_csr_reg CSR: STA0=177522 STA1=177524 RCLL=177400/172742 RCLH=177422/000005 XMTL=177464/173242 XMTH=177526/000005 VECTOR=000774/000774 CSR=110521/100701
18350;01:17:43.480548;Dbg;deqna;8525;deqna.cpp;586;DEQNA: INTR assert, csr=110521 ie=1
18351;01:17:43.480557;Dbg;deqna;8525;deqna.cpp;724;DEQNA: INTR assert, csr=110521 vec=374 level=5
18352;01:17:43.480739;Dbg;deqna;8519;qunibusdevice.cpp;249;DATO CSR: STA0=177522 STA1=177524 RCLL=177400/172742 RCLH=177422/000005 XMTL=177464/173242 XMTH=177526/000005 VECTOR=000774/000774 CSR=110521/100701
18353;01:17:43.480751;Dbg;deqna;8519;deqna.cpp;1202;DEQNA: Write CSR (reg 7) = 100701 access=0
18354;01:17:43.480796;Dbg;deqna;8519;qunibusdevice.cpp;249;update_csr_reg CSR: STA0=177522 STA1=177524 RCLL=177400/172742 RCLH=177422/000005 XMTL=177464/173242 XMTH=177526/000005 VECTOR=000774/000774 CSR=010521/100701
18355;01:17:43.480803;Dbg;deqna;8519;deqna.cpp;643;DEQNA: CSR change prev=110521 now=010521 set=000501 clr=103216
18356;01:17:43.480814;Dbg;deqna;8519;deqna.cpp;595;DEQNA: INTR deassert, csr=010521 ie=1
18357;01:17:43.480823;Dbg;deqna;8519;deqna.cpp;730;DEQNA: INTR deassert, csr=010521
18358;01:17:43.481245;Dbg;deqna;8526;deqna.cpp;595;DEQNA: INTR deassert, csr=010521 ie=1
18359;01:17:43.484350;Dbg;deqna;8526;deqna.cpp;2095;DEQNA: TX desc_read_words @ 01373256 words=6
18360;01:17:43.484489;Dbg;deqna;8526;deqna.cpp;2108;DEQNA: TX list end (V=0) - XI/XL set desc=1373256
18361;01:17:43.489684;Dbg;deqna;8526;deqna.cpp;2095;DEQNA: TX desc_read_words @ 01373256 words=6
18362;01:17:43.489833;Dbg;deqna;8526;deqna.cpp;2108;DEQNA: TX list end (V=0) - XI/XL set desc=1373256
18363;01:17:43.495066;Dbg;deqna;8526;deqna.cpp;2095;DEQNA: TX desc_read_words @ 01373256 words=6
18364;01:17:43.495234;Dbg;deqna;8526;deqna.cpp;2108;DEQNA: TX list end (V=0) - XI/XL set desc=1373256
18365;01:17:43.499208;Dbg;deqna;8525;deqna.cpp;1365;DEQNA: Enqueue RX type=2 len=60 status=000000 queue=0
18366;01:17:43.499341;Dbg;deqna;8525;deqna.cpp;1392;DEQNA: ENQ DBG type=2 len=60 data=ffffffffffff6462 6622847608060001 0800060400016462 66228476c0a80109 000000000000c0a8 010d000000000000 0000000000000000 00000000
18367;01:17:43.499357;Dbg;deqna;8525;deqna.cpp;1613;DEQNA: RX desc_read_words @ 01373066 words=4
18368;01:17:43.499632;Dbg;deqna;8525;deqna.cpp;1721;DEQNA: RX deliver type=2 rbl=60 to addr=01537100 blen=2048 desc=1373066
18369;01:17:43.499808;Dbg;deqna;8525;deqna.cpp;1798;DEQNA: RX status type=2 st1=000370 st2=000000 desc=1373076
18370;01:17:43.499934;Dbg;deqna;8525;deqna.cpp;1865;DEQNA: RI set (rx_processed=1 queue=0 rbdl=1373102)
18371;01:17:43.499987;Dbg;deqna;8525;qunibusdevice.cpp;249;update_csr_reg CSR: STA0=177522 STA1=177524 RCLL=177400/172742 RCLH=177422/000005 XMTL=177464/173242 XMTH=177526/000005 VECTOR=000774/000774 CSR=110521/100701
18372;01:17:43.499995;Dbg;deqna;8525;deqna.cpp;643;DEQNA: CSR change prev=010521 now=110521 set=100000 clr=000000
18373;01:17:43.500035;Dbg;deqna;8525;qunibusdevice.cpp;249;update_csr_reg CSR: STA0=177522 STA1=177524 RCLL=177400/172742 RCLH=177422/000005 XMTL=177464/173242 XMTH=177526/000005 VECTOR=000774/000774 CSR=110521/100701
18374;01:17:43.500043;Dbg;deqna;8525;deqna.cpp;586;DEQNA: INTR assert, csr=110521 ie=1
18375;01:17:43.500052;Dbg;deqna;8525;deqna.cpp;724;DEQNA: INTR assert, csr=110521 vec=374 level=5
18376;01:17:43.500233;Dbg;deqna;8519;qunibusdevice.cpp;249;DATO CSR: STA0=177522 STA1=177524 RCLL=177400/172742 RCLH=177422/000005 XMTL=177464/173242 XMTH=177526/000005 VECTOR=000774/000774 CSR=110521/100701
18377;01:17:43.500244;Dbg;deqna;8519;deqna.cpp;1202;DEQNA: Write CSR (reg 7) = 100701 access=0
18378;01:17:43.500287;Dbg;deqna;8519;qunibusdevice.cpp;249;update_csr_reg CSR: STA0=177522 STA1=177524 RCLL=177400/172742 RCLH=177422/000005 XMTL=177464/173242 XMTH=177526/000005 VECTOR=000774/000774 CSR=010521/100701
18379;01:17:43.500294;Dbg;deqna;8519;deqna.cpp;643;DEQNA: CSR change prev=110521 now=010521 set=000501 clr=103216
18380;01:17:43.500304;Dbg;deqna;8519;deqna.cpp;595;DEQNA: INTR deassert, csr=010521 ie=1
18381;01:17:43.500313;Dbg;deqna;8519;deqna.cpp;730;DEQNA: INTR deassert, csr=010521
18382;01:17:43.500463;Dbg;deqna;8526;deqna.cpp;595;DEQNA: INTR deassert, csr=010521 ie=1
18383;01:17:43.500489;Dbg;deqna;8526;deqna.cpp;2095;DEQNA: TX desc_read_words @ 01373256 words=6
18384;01:17:43.500618;Dbg;deqna;8526;deqna.cpp;2108;DEQNA: TX list end (V=0) - XI/XL set desc=1373256
18385;01:17:43.505779;Dbg;deqna;8526;deqna.cpp;2095;DEQNA: TX desc_read_words @ 01373256 words=6
18386;01:17:43.505919;Dbg;deqna;8526;deqna.cpp;2108;DEQNA: TX list end (V=0) - XI/XL set desc=1373256
18387;01:17:43.511296;Dbg;deqna;8526;deqna.cpp;2095;DEQNA: TX desc_read_words @ 01373256 words=6
18388;01:17:43.511573;Dbg;deqna;8526;deqna.cpp;2108;DEQNA: TX list end (V=0) - XI/XL set desc=1373256
18389;01:17:43.516761;Dbg;deqna;8526;deqna.cpp;2095;DEQNA: TX desc_read_words @ 01373256 words=6
18390;01:17:43.516928;Dbg;deqna;8526;deqna.cpp;2108;DEQNA: TX list end (V=0) - XI/XL set desc=1373256
18391;01:17:43.522104;Dbg;deqna;8526;deqna.cpp;2095;DEQNA: TX desc_read_words @ 01373256 words=6
18392;01:17:43.522253;Dbg;deqna;8526;deqna.cpp;2108;DEQNA: TX list end (V=0) - XI/XL set desc=1373256
18393;01:17:43.527434;Dbg;deqna;8526;deqna.cpp;2095;DEQNA: TX desc_read_words @ 01373256 words=6
18394;01:17:43.527572;Dbg;deqna;8526;deqna.cpp;2108;DEQNA: TX list end (V=0) - XI/XL set desc=1373256
18395;01:17:43.532738;Dbg;deqna;8526;deqna.cpp;2095;DEQNA: TX desc_read_words @ 01373256 words=6
18396;01:17:43.532867;Dbg;deqna;8526;deqna.cpp;2108;DEQNA: TX list end (V=0) - XI/XL set desc=1373256
18397;01:17:43.538031;Dbg;deqna;8526;deqna.cpp;2095;DEQNA: TX desc_read_words @ 01373256 words=6
18398;01:17:43.538166;Dbg;deqna;8526;deqna.cpp;2108;DEQNA: TX list end (V=0) - XI/XL set desc=1373256
18399;01:17:43.543319;Dbg;deqna;8526;deqna.cpp;2095;DEQNA: TX desc_read_words @ 01373256 words=6
18400;01:17:43.543448;Dbg;deqna;8526;deqna.cpp;2108;DEQNA: TX list end (V=0) - XI/XL set desc=1373256
18401;01:17:43.548643;Dbg;deqna;8526;deqna.cpp;2095;DEQNA: TX desc_read_words @ 01373256 words=6
18402;01:17:43.548802;Dbg;deqna;8526;deqna.cpp;2108;DEQNA: TX list end (V=0) - XI/XL set desc=1373256
18403;01:17:43.553956;Dbg;deqna;8526;deqna.cpp;2095;DEQNA: TX desc_read_words @ 01373256 words=6
18404;01:17:43.554083;Dbg;deqna;8526;deqna.cpp;2108;DEQNA: TX list end (V=0) - XI/XL set desc=1373256
18405;01:17:43.559243;Dbg;deqna;8526;deqna.cpp;2095;DEQNA: TX desc_read_words @ 01373256 words=6
18406;01:17:43.559378;Dbg;deqna;8526;deqna.cpp;2108;DEQNA: TX list end (V=0) - XI/XL set desc=1373256
18407;01:17:43.564544;Dbg;deqna;8526;deqna.cpp;2095;DEQNA: TX desc_read_words @ 01373256 words=6
18408;01:17:43.564671;Dbg;deqna;8526;deqna.cpp;2108;DEQNA: TX list end (V=0) - XI/XL set desc=1373256
18409;01:17:43.569848;Dbg;deqna;8526;deqna.cpp;2095;DEQNA: TX desc_read_words @ 01373256 words=6
18410;01:17:43.570016;Dbg;deqna;8526;deqna.cpp;2108;DEQNA: TX list end (V=0) - XI/XL set desc=1373256
18411;01:17:43.575168;Dbg;deqna;8526;deqna.cpp;2095;DEQNA: TX desc_read_words @ 01373256 words=6
18412;01:17:43.575300;Dbg;deqna;8526;deqna.cpp;2108;DEQNA: TX list end (V=0) - XI/XL set desc=1373256
18413;01:17:43.579630;Dbg;deqna;8525;deqna.cpp;1365;DEQNA: Enqueue RX type=2 len=60 status=000000 queue=0
18414;01:17:43.579772;Dbg;deqna;8525;deqna.cpp;1392;DEQNA: ENQ DBG type=2 len=60 data=ffffffffffff2870 4e38d94008004500 0020677240004011 11b2c0a80101ffff ffffc8782711000c 4da3010000000000 0000000000000000 00000000
18415;01:17:43.579791;Dbg;deqna;8525;deqna.cpp;1613;DEQNA: RX desc_read_words @ 01373102 words=4
18416;01:17:43.580041;Dbg;deqna;8525;deqna.cpp;1721;DEQNA: RX deliver type=2 rbl=60 to addr=01543100 blen=2048 desc=1373102
18417;01:17:43.580215;Dbg;deqna;8525;deqna.cpp;1798;DEQNA: RX status type=2 st1=000370 st2=000000 desc=1373112
18418;01:17:43.580341;Dbg;deqna;8525;deqna.cpp;1865;DEQNA: RI set (rx_processed=1 queue=0 rbdl=1373116)
18419;01:17:43.580397;Dbg;deqna;8525;qunibusdevice.cpp;249;update_csr_reg CSR: STA0=177522 STA1=177524 RCLL=177400/172742 RCLH=177422/000005 XMTL=177464/173242 XMTH=177526/000005 VECTOR=000774/000774 CSR=110521/100701
18420;01:17:43.580407;Dbg;deqna;8525;deqna.cpp;643;DEQNA: CSR change prev=010521 now=110521 set=100000 clr=000000
18421;01:17:43.580447;Dbg;deqna;8525;qunibusdevice.cpp;249;update_csr_reg CSR: STA0=177522 STA1=177524 RCLL=177400/172742 RCLH=177422/000005 XMTL=177464/173242 XMTH=177526/000005 VECTOR=000774/000774 CSR=110521/100701
18422;01:17:43.580473;Dbg;deqna;8525;deqna.cpp;586;DEQNA: INTR assert, csr=110521 ie=1
18423;01:17:43.580485;Dbg;deqna;8525;deqna.cpp;724;DEQNA: INTR assert, csr=110521 vec=374 level=5
18424;01:17:43.580542;Dbg;deqna;8526;deqna.cpp;2095;DEQNA: TX desc_read_words @ 01373256 words=6
18425;01:17:43.580658;Dbg;deqna;8519;qunibusdevice.cpp;249;DATO CSR: STA0=177522 STA1=177524 RCLL=177400/172742 RCLH=177422/000005 XMTL=177464/173242 XMTH=177526/000005 VECTOR=000774/000774 CSR=110521/100701
18426;01:17:43.580671;Dbg;deqna;8519;deqna.cpp;1202;DEQNA: Write CSR (reg 7) = 100701 access=0
18427;01:17:43.580718;Dbg;deqna;8519;qunibusdevice.cpp;249;update_csr_reg CSR: STA0=177522 STA1=177524 RCLL=177400/172742 RCLH=177422/000005 XMTL=177464/173242 XMTH=177526/000005 VECTOR=000774/000774 CSR=010521/100701
18428;01:17:43.580725;Dbg;deqna;8519;deqna.cpp;643;DEQNA: CSR change prev=110521 now=010521 set=000501 clr=103216
18429;01:17:43.580737;Dbg;deqna;8519;deqna.cpp;595;DEQNA: INTR deassert, csr=010521 ie=1
18430;01:17:43.580746;Dbg;deqna;8519;deqna.cpp;730;DEQNA: INTR deassert, csr=010521
18431;01:17:43.580815;Dbg;deqna;8526;deqna.cpp;2108;DEQNA: TX list end (V=0) - XI/XL set desc=1373256
18432;01:17:43.581551;Dbg;deqna;8525;deqna.cpp;595;DEQNA: INTR deassert, csr=010521 ie=1
18433;01:17:43.585968;Dbg;deqna;8526;deqna.cpp;2095;DEQNA: TX desc_read_words @ 01373256 words=6
18434;01:17:43.586099;Dbg;deqna;8526;deqna.cpp;2108;DEQNA: TX list end (V=0) - XI/XL set desc=1373256
18435;01:17:43.591260;Dbg;deqna;8526;deqna.cpp;2095;DEQNA: TX desc_read_words @ 01373256 words=6
18436;01:17:43.591407;Dbg;deqna;8526;deqna.cpp;2108;DEQNA: TX list end (V=0) - XI/XL set desc=1373256
18437;01:17:43.596561;Dbg;deqna;8526;deqna.cpp;2095;DEQNA: TX desc_read_words @ 01373256 words=6
18438;01:17:43.596692;Dbg;deqna;8526;deqna.cpp;2108;DEQNA: TX list end (V=0) - XI/XL set desc=1373256
18439;01:17:43.601916;Dbg;deqna;8526;deqna.cpp;2095;DEQNA: TX desc_read_words @ 01373256 words=6
18440;01:17:43.602130;Dbg;deqna;8526;deqna.cpp;2108;DEQNA: TX list end (V=0) - XI/XL set desc=1373256
18441;01:17:43.607341;Dbg;deqna;8526;deqna.cpp;2095;DEQNA: TX desc_read_words @ 01373256 words=6
18442;01:17:43.607559;Dbg;deqna;8526;deqna.cpp;2108;DEQNA: TX list end (V=0) - XI/XL set desc=1373256
18443;01:17:43.612824;Dbg;deqna;8526;deqna.cpp;2095;DEQNA: TX desc_read_words @ 01373256 words=6
18444;01:17:43.613027;Dbg;deqna;8526;deqna.cpp;2108;DEQNA: TX list end (V=0) - XI/XL set desc=1373256
18445;01:17:43.618186;Dbg;deqna;8526;deqna.cpp;2095;DEQNA: TX desc_read_words @ 01373256 words=6
18446;01:17:43.618322;Dbg;deqna;8526;deqna.cpp;2108;DEQNA: TX list end (V=0) - XI/XL set desc=1373256
18447;01:17:43.623482;Dbg;deqna;8526;deqna.cpp;2095;DEQNA: TX desc_read_words @ 01373256 words=6
18448;01:17:43.623630;Dbg;deqna;8526;deqna.cpp;2108;DEQNA: TX list end (V=0) - XI/XL set desc=1373256
18449;01:17:43.628785;Dbg;deqna;8526;deqna.cpp;2095;DEQNA: TX desc_read_words @ 01373256 words=6
18450;01:17:43.628925;Dbg;deqna;8526;deqna.cpp;2108;DEQNA: TX list end (V=0) - XI/XL set desc=1373256
18451;01:17:43.634083;Dbg;deqna;8526;deqna.cpp;2095;DEQNA: TX desc_read_words @ 01373256 words=6
18452;01:17:43.634221;Dbg;deqna;8526;deqna.cpp;2108;DEQNA: TX list end (V=0) - XI/XL set desc=1373256
18453;01:17:43.639375;Dbg;deqna;8526;deqna.cpp;2095;DEQNA: TX desc_read_words @ 01373256 words=6
18454;01:17:43.639508;Dbg;deqna;8526;deqna.cpp;2108;DEQNA: TX list end (V=0) - XI/XL set desc=1373256
18455;01:17:43.644676;Dbg;deqna;8526;deqna.cpp;2095;DEQNA: TX desc_read_words @ 01373256 words=6
18456;01:17:43.644826;Dbg;deqna;8526;deqna.cpp;2108;DEQNA: TX list end (V=0) - XI/XL set desc=1373256
18457;01:17:43.650032;Dbg;deqna;8526;deqna.cpp;2095;DEQNA: TX desc_read_words @ 01373256 words=6
18458;01:17:43.650186;Dbg;deqna;8526;deqna.cpp;2108;DEQNA: TX list end (V=0) - XI/XL set desc=1373256
18459;01:17:43.655347;Dbg;deqna;8526;deqna.cpp;2095;DEQNA: TX desc_read_words @ 01373256 words=6
18460;01:17:43.655481;Dbg;deqna;8526;deqna.cpp;2108;DEQNA: TX list end (V=0) - XI/XL set desc=1373256
18461;01:17:43.660641;Dbg;deqna;8526;deqna.cpp;2095;DEQNA: TX desc_read_words @ 01373256 words=6
18462;01:17:43.660772;Dbg;deqna;8526;deqna.cpp;2108;DEQNA: TX list end (V=0) - XI/XL set desc=1373256
18463;01:17:43.665944;Dbg;deqna;8526;deqna.cpp;2095;DEQNA: TX desc_read_words @ 01373256 words=6
18464;01:17:43.666075;Dbg;deqna;8526;deqna.cpp;2108;DEQNA: TX list end (V=0) - XI/XL set desc=1373256
18465;01:17:43.671235;Dbg;deqna;8526;deqna.cpp;2095;DEQNA: TX desc_read_words @ 01373256 words=6
18466;01:17:43.671365;Dbg;deqna;8526;deqna.cpp;2108;DEQNA: TX list end (V=0) - XI/XL set desc=1373256
18467;01:17:43.676537;Dbg;deqna;8526;deqna.cpp;2095;DEQNA: TX desc_read_words @ 01373256 words=6
18468;01:17:43.676669;Dbg;deqna;8526;deqna.cpp;2108;DEQNA: TX list end (V=0) - XI/XL set desc=1373256
18469;01:17:43.681837;Dbg;deqna;8526;deqna.cpp;2095;DEQNA: TX desc_read_words @ 01373256 words=6
18470;01:17:43.681967;Dbg;deqna;8526;deqna.cpp;2108;DEQNA: TX list end (V=0) - XI/XL set desc=1373256
18471;01:17:43.687147;Dbg;deqna;8526;deqna.cpp;2095;DEQNA: TX desc_read_words @ 01373256 words=6
18472;01:17:43.687317;Dbg;deqna;8526;deqna.cpp;2108;DEQNA: TX list end (V=0) - XI/XL set desc=1373256
18473;01:17:43.692476;Dbg;deqna;8526;deqna.cpp;2095;DEQNA: TX desc_read_words @ 01373256 words=6
18474;01:17:43.692605;Dbg;deqna;8526;deqna.cpp;2108;DEQNA: TX list end (V=0) - XI/XL set desc=1373256
18475;01:17:43.697759;Dbg;deqna;8526;deqna.cpp;2095;DEQNA: TX desc_read_words @ 01373256 words=6
18476;01:17:43.697890;Dbg;deqna;8526;deqna.cpp;2108;DEQNA: TX list end (V=0) - XI/XL set desc=1373256
18477;01:17:43.703042;Dbg;deqna;8526;deqna.cpp;2095;DEQNA: TX desc_read_words @ 01373256 words=6
18478;01:17:43.703172;Dbg;deqna;8526;deqna.cpp;2108;DEQNA: TX list end (V=0) - XI/XL set desc=1373256
18479;01:17:43.708330;Dbg;deqna;8526;deqna.cpp;2095;DEQNA: TX desc_read_words @ 01373256 words=6
18480;01:17:43.708461;Dbg;deqna;8526;deqna.cpp;2108;DEQNA: TX list end (V=0) - XI/XL set desc=1373256
18481;01:17:43.713631;Dbg;deqna;8526;deqna.cpp;2095;DEQNA: TX desc_read_words @ 01373256 words=6
18482;01:17:43.713769;Dbg;deqna;8526;deqna.cpp;2108;DEQNA: TX list end (V=0) - XI/XL set desc=1373256
18483;01:17:43.718935;Dbg;deqna;8526;deqna.cpp;2095;DEQNA: TX desc_read_words @ 01373256 words=6
18484;01:17:43.719072;Dbg;deqna;8526;deqna.cpp;2108;DEQNA: TX list end (V=0) - XI/XL set desc=1373256
18485;01:17:43.724241;Dbg;deqna;8526;deqna.cpp;2095;DEQNA: TX desc_read_words @ 01373256 words=6
18486;01:17:43.724407;Dbg;deqna;8526;deqna.cpp;2108;DEQNA: TX list end (V=0) - XI/XL set desc=1373256
18487;01:17:43.729607;Dbg;deqna;8526;deqna.cpp;2095;DEQNA: TX desc_read_words @ 01373256 words=6
18488;01:17:43.729742;Dbg;deqna;8526;deqna.cpp;2108;DEQNA: TX list end (V=0) - XI/XL set desc=1373256
18489;01:17:43.734893;Dbg;deqna;8526;deqna.cpp;2095;DEQNA: TX desc_read_words @ 01373256 words=6
18490;01:17:43.735021;Dbg;deqna;8526;deqna.cpp;2108;DEQNA: TX list end (V=0) - XI/XL set desc=1373256
18491;01:17:43.740182;Dbg;deqna;8526;deqna.cpp;2095;DEQNA: TX desc_read_words @ 01373256 words=6
18492;01:17:43.740317;Dbg;deqna;8526;deqna.cpp;2108;DEQNA: TX list end (V=0) - XI/XL set desc=1373256
18493;01:17:43.745467;Dbg;deqna;8526;deqna.cpp;2095;DEQNA: TX desc_read_words @ 01373256 words=6
18494;01:17:43.745593;Dbg;deqna;8526;deqna.cpp;2108;DEQNA: TX list end (V=0) - XI/XL set desc=1373256
18495;01:17:43.750901;Dbg;deqna;8526;deqna.cpp;2095;DEQNA: TX desc_read_words @ 01373256 words=6
18496;01:17:43.751210;Dbg;deqna;8526;deqna.cpp;2108;DEQNA: TX list end (V=0) - XI/XL set desc=1373256
18497;01:17:43.756514;Dbg;deqna;8526;deqna.cpp;2095;DEQNA: TX desc_read_words @ 01373256 words=6
18498;01:17:43.756822;Dbg;deqna;8526;deqna.cpp;2108;DEQNA: TX list end (V=0) - XI/XL set desc=1373256
18499;01:17:43.762292;Dbg;deqna;8526;deqna.cpp;2095;DEQNA: TX desc_read_words @ 01373256 words=6
18500;01:17:43.762603;Dbg;deqna;8526;deqna.cpp;2108;DEQNA: TX list end (V=0) - XI/XL set desc=1373256
18501;01:17:43.767930;Dbg;deqna;8526;deqna.cpp;2095;DEQNA: TX desc_read_words @ 01373256 words=6
18502;01:17:43.768171;Dbg;deqna;8526;deqna.cpp;2108;DEQNA: TX list end (V=0) - XI/XL set desc=1373256
18503;01:17:43.773489;Dbg;deqna;8526;deqna.cpp;2095;DEQNA: TX desc_read_words @ 01373256 words=6
18504;01:17:43.773735;Dbg;deqna;8526;deqna.cpp;2108;DEQNA: TX list end (V=0) - XI/XL set desc=1373256
18505;01:17:43.779038;Dbg;deqna;8526;deqna.cpp;2095;DEQNA: TX desc_read_words @ 01373256 words=6
18506;01:17:43.779281;Dbg;deqna;8526;deqna.cpp;2108;DEQNA: TX list end (V=0) - XI/XL set desc=1373256
18507;01:17:43.784647;Dbg;deqna;8526;deqna.cpp;2095;DEQNA: TX desc_read_words @ 01373256 words=6
18508;01:17:43.784943;Dbg;deqna;8526;deqna.cpp;2108;DEQNA: TX list end (V=0) - XI/XL set desc=1373256
18509;01:17:43.790479;Dbg;deqna;8526;deqna.cpp;2095;DEQNA: TX desc_read_words @ 01373256 words=6
18510;01:17:43.790886;Dbg;deqna;8526;deqna.cpp;2108;DEQNA: TX list end (V=0) - XI/XL set desc=1373256
18511;01:17:43.796269;Dbg;deqna;8526;deqna.cpp;2095;DEQNA: TX desc_read_words @ 01373256 words=6
18512;01:17:43.796576;Dbg;deqna;8526;deqna.cpp;2108;DEQNA: TX list end (V=0) - XI/XL set desc=1373256
18513;01:17:43.801926;Dbg;deqna;8526;deqna.cpp;2095;DEQNA: TX desc_read_words @ 01373256 words=6
18514;01:17:43.802181;Dbg;deqna;8526;deqna.cpp;2108;DEQNA: TX list end (V=0) - XI/XL set desc=1373256
18515;01:17:43.807526;Dbg;deqna;8526;deqna.cpp;2095;DEQNA: TX desc_read_words @ 01373256 words=6
18516;01:17:43.807848;Dbg;deqna;8526;deqna.cpp;2108;DEQNA: TX list end (V=0) - XI/XL set desc=1373256
18517;01:17:43.813202;Dbg;deqna;8526;deqna.cpp;2095;DEQNA: TX desc_read_words @ 01373256 words=6
18518;01:17:43.813464;Dbg;deqna;8526;deqna.cpp;2108;DEQNA: TX list end (V=0) - XI/XL set desc=1373256
18519;01:17:43.818792;Dbg;deqna;8526;deqna.cpp;2095;DEQNA: TX desc_read_words @ 01373256 words=6
18520;01:17:43.819051;Dbg;deqna;8526;deqna.cpp;2108;DEQNA: TX list end (V=0) - XI/XL set desc=1373256
18521;01:17:43.824381;Dbg;deqna;8526;deqna.cpp;2095;DEQNA: TX desc_read_words @ 01373256 words=6
18522;01:17:43.824621;Dbg;deqna;8526;deqna.cpp;2108;DEQNA: TX list end (V=0) - XI/XL set desc=1373256
18523;01:17:43.829984;Dbg;deqna;8526;deqna.cpp;2095;DEQNA: TX desc_read_words @ 01373256 words=6
18524;01:17:43.830286;Dbg;deqna;8526;deqna.cpp;2108;DEQNA: TX list end (V=0) - XI/XL set desc=1373256
18525;01:17:43.835698;Dbg;deqna;8526;deqna.cpp;2095;DEQNA: TX desc_read_words @ 01373256 words=6
18526;01:17:43.835979;Dbg;deqna;8526;deqna.cpp;2108;DEQNA: TX list end (V=0) - XI/XL set desc=1373256
18527;01:17:43.841318;Dbg;deqna;8526;deqna.cpp;2095;DEQNA: TX desc_read_words @ 01373256 words=6
18528;01:17:43.841566;Dbg;deqna;8526;deqna.cpp;2108;DEQNA: TX list end (V=0) - XI/XL set desc=1373256
18529;01:17:43.846921;Dbg;deqna;8526;deqna.cpp;2095;DEQNA: TX desc_read_words @ 01373256 words=6
18530;01:17:43.847180;Dbg;deqna;8526;deqna.cpp;2108;DEQNA: TX list end (V=0) - XI/XL set desc=1373256
18531;01:17:43.852497;Dbg;deqna;8526;deqna.cpp;2095;DEQNA: TX desc_read_words @ 01373256 words=6
18532;01:17:43.852747;Dbg;deqna;8526;deqna.cpp;2108;DEQNA: TX list end (V=0) - XI/XL set desc=1373256
18533;01:17:43.858168;Dbg;deqna;8526;deqna.cpp;2095;DEQNA: TX desc_read_words @ 01373256 words=6
18534;01:17:43.858431;Dbg;deqna;8526;deqna.cpp;2108;DEQNA: TX list end (V=0) - XI/XL set desc=1373256
18535;01:17:43.864026;Dbg;deqna;8526;deqna.cpp;2095;DEQNA: TX desc_read_words @ 01373256 words=6
18536;01:17:43.864651;Dbg;deqna;8526;deqna.cpp;2108;DEQNA: TX list end (V=0) - XI/XL set desc=1373256
18537;01:17:43.870030;Dbg;deqna;8526;deqna.cpp;2095;DEQNA: TX desc_read_words @ 01373256 words=6
18538;01:17:43.870323;Dbg;deqna;8526;deqna.cpp;2108;DEQNA: TX list end (V=0) - XI/XL set desc=1373256
18539;01:17:43.875643;Dbg;deqna;8526;deqna.cpp;2095;DEQNA: TX desc_read_words @ 01373256 words=6
18540;01:17:43.875942;Dbg;deqna;8526;deqna.cpp;2108;DEQNA: TX list end (V=0) - XI/XL set desc=1373256
18541;01:17:43.881375;Dbg;deqna;8526;deqna.cpp;2095;DEQNA: TX desc_read_words @ 01373256 words=6
18542;01:17:43.881671;Dbg;deqna;8526;deqna.cpp;2108;DEQNA: TX list end (V=0) - XI/XL set desc=1373256
18543;01:17:43.887019;Dbg;deqna;8526;deqna.cpp;2095;DEQNA: TX desc_read_words @ 01373256 words=6
18544;01:17:43.887267;Dbg;deqna;8526;deqna.cpp;2108;DEQNA: TX list end (V=0) - XI/XL set desc=1373256
18545;01:17:43.892569;Dbg;deqna;8526;deqna.cpp;2095;DEQNA: TX desc_read_words @ 01373256 words=6
18546;01:17:43.892804;Dbg;deqna;8526;deqna.cpp;2108;DEQNA: TX list end (V=0) - XI/XL set desc=1373256
18547;01:17:43.898109;Dbg;deqna;8526;deqna.cpp;2095;DEQNA: TX desc_read_words @ 01373256 words=6
18548;01:17:43.898353;Dbg;deqna;8526;deqna.cpp;2108;DEQNA: TX list end (V=0) - XI/XL set desc=1373256
18549;01:17:43.903648;Dbg;deqna;8526;deqna.cpp;2095;DEQNA: TX desc_read_words @ 01373256 words=6
18550;01:17:43.903941;Dbg;deqna;8526;deqna.cpp;2108;DEQNA: TX list end (V=0) - XI/XL set desc=1373256
18551;01:17:43.909351;Dbg;deqna;8526;deqna.cpp;2095;DEQNA: TX desc_read_words @ 01373256 words=6
18552;01:17:43.909642;Dbg;deqna;8526;deqna.cpp;2108;DEQNA: TX list end (V=0) - XI/XL set desc=1373256
18553;01:17:43.914979;Dbg;deqna;8526;deqna.cpp;2095;DEQNA: TX desc_read_words @ 01373256 words=6
18554;01:17:43.915240;Dbg;deqna;8526;deqna.cpp;2108;DEQNA: TX list end (V=0) - XI/XL set desc=1373256
18555;01:17:43.920551;Dbg;deqna;8526;deqna.cpp;2095;DEQNA: TX desc_read_words @ 01373256 words=6
18556;01:17:43.920811;Dbg;deqna;8526;deqna.cpp;2108;DEQNA: TX list end (V=0) - XI/XL set desc=1373256
18557;01:17:43.926135;Dbg;deqna;8526;deqna.cpp;2095;DEQNA: TX desc_read_words @ 01373256 words=6
18558;01:17:43.926436;Dbg;deqna;8526;deqna.cpp;2108;DEQNA: TX list end (V=0) - XI/XL set desc=1373256
18559;01:17:43.931896;Dbg;deqna;8526;deqna.cpp;2095;DEQNA: TX desc_read_words @ 01373256 words=6
18560;01:17:43.932172;Dbg;deqna;8526;deqna.cpp;2108;DEQNA: TX list end (V=0) - XI/XL set desc=1373256
18561;01:17:43.937634;Dbg;deqna;8526;deqna.cpp;2095;DEQNA: TX desc_read_words @ 01373256 words=6
18562;01:17:43.937932;Dbg;deqna;8526;deqna.cpp;2108;DEQNA: TX list end (V=0) - XI/XL set desc=1373256
18563;01:17:43.943260;Dbg;deqna;8526;deqna.cpp;2095;DEQNA: TX desc_read_words @ 01373256 words=6
18564;01:17:43.943500;Dbg;deqna;8526;deqna.cpp;2108;DEQNA: TX list end (V=0) - XI/XL set desc=1373256
18565;01:17:43.948839;Dbg;deqna;8526;deqna.cpp;2095;DEQNA: TX desc_read_words @ 01373256 words=6
18566;01:17:43.949105;Dbg;deqna;8526;deqna.cpp;2108;DEQNA: TX list end (V=0) - XI/XL set desc=1373256
18567;01:17:43.954399;Dbg;deqna;8526;deqna.cpp;2095;DEQNA: TX desc_read_words @ 01373256 words=6
18568;01:17:43.954637;Dbg;deqna;8526;deqna.cpp;2108;DEQNA: TX list end (V=0) - XI/XL set desc=1373256
18569;01:17:43.960121;Dbg;deqna;8526;deqna.cpp;2095;DEQNA: TX desc_read_words @ 01373256 words=6
18570;01:17:43.960409;Dbg;deqna;8526;deqna.cpp;2108;DEQNA: TX list end (V=0) - XI/XL set desc=1373256
18571;01:17:43.965852;Dbg;deqna;8526;deqna.cpp;2095;DEQNA: TX desc_read_words @ 01373256 words=6
18572;01:17:43.966139;Dbg;deqna;8526;deqna.cpp;2108;DEQNA: TX list end (V=0) - XI/XL set desc=1373256
18573;01:17:43.971457;Dbg;deqna;8526;deqna.cpp;2095;DEQNA: TX desc_read_words @ 01373256 words=6
18574;01:17:43.971721;Dbg;deqna;8526;deqna.cpp;2108;DEQNA: TX list end (V=0) - XI/XL set desc=1373256
18575;01:17:43.977020;Dbg;deqna;8526;deqna.cpp;2095;DEQNA: TX desc_read_words @ 01373256 words=6
18576;01:17:43.977258;Dbg;deqna;8526;deqna.cpp;2108;DEQNA: TX list end (V=0) - XI/XL set desc=1373256
18577;01:17:43.982583;Dbg;deqna;8526;deqna.cpp;2095;DEQNA: TX desc_read_words @ 01373256 words=6
18578;01:17:43.982820;Dbg;deqna;8526;deqna.cpp;2108;DEQNA: TX list end (V=0) - XI/XL set desc=1373256
18579;01:17:43.988150;Dbg;deqna;8526;deqna.cpp;2095;DEQNA: TX desc_read_words @ 01373256 words=6
18580;01:17:43.988445;Dbg;deqna;8526;deqna.cpp;2108;DEQNA: TX list end (V=0) - XI/XL set desc=1373256
18581;01:17:43.993875;Dbg;deqna;8526;deqna.cpp;2095;DEQNA: TX desc_read_words @ 01373256 words=6
18582;01:17:43.994155;Dbg;deqna;8526;deqna.cpp;2108;DEQNA: TX list end (V=0) - XI/XL set desc=1373256
18583;01:17:43.999464;Dbg;deqna;8526;deqna.cpp;2095;DEQNA: TX desc_read_words @ 01373256 words=6
18584;01:17:43.999708;Dbg;deqna;8526;deqna.cpp;2108;DEQNA: TX list end (V=0) - XI/XL set desc=1373256
18585;01:17:44.005034;Dbg;deqna;8526;deqna.cpp;2095;DEQNA: TX desc_read_words @ 01373256 words=6
18586;01:17:44.005303;Dbg;deqna;8526;deqna.cpp;2108;DEQNA: TX list end (V=0) - XI/XL set desc=1373256
18587;01:17:44.010749;Dbg;deqna;8526;deqna.cpp;2095;DEQNA: TX desc_read_words @ 01373256 words=6
18588;01:17:44.011201;Dbg;deqna;8526;deqna.cpp;2108;DEQNA: TX list end (V=0) - XI/XL set desc=1373256
18589;01:17:44.016708;Dbg;deqna;8526;deqna.cpp;2095;DEQNA: TX desc_read_words @ 01373256 words=6
18590;01:17:44.016988;Dbg;deqna;8526;deqna.cpp;2108;DEQNA: TX list end (V=0) - XI/XL set desc=1373256
18591;01:17:44.022329;Dbg;deqna;8526;deqna.cpp;2095;DEQNA: TX desc_read_words @ 01373256 words=6
18592;01:17:44.022598;Dbg;deqna;8526;deqna.cpp;2108;DEQNA: TX list end (V=0) - XI/XL set desc=1373256
18593;01:17:44.027923;Dbg;deqna;8526;deqna.cpp;2095;DEQNA: TX desc_read_words @ 01373256 words=6
18594;01:17:44.028165;Dbg;deqna;8526;deqna.cpp;2108;DEQNA: TX list end (V=0) - XI/XL set desc=1373256
18595;01:17:44.033466;Dbg;deqna;8526;deqna.cpp;2095;DEQNA: TX desc_read_words @ 01373256 words=6
18596;01:17:44.033772;Dbg;deqna;8526;deqna.cpp;2108;DEQNA: TX list end (V=0) - XI/XL set desc=1373256
18597;01:17:44.039199;Dbg;deqna;8526;deqna.cpp;2095;DEQNA: TX desc_read_words @ 01373256 words=6
18598;01:17:44.039485;Dbg;deqna;8526;deqna.cpp;2108;DEQNA: TX list end (V=0) - XI/XL set desc=1373256
18599;01:17:44.044781;Dbg;deqna;8526;deqna.cpp;2095;DEQNA: TX desc_read_words @ 01373256 words=6
18600;01:17:44.045022;Dbg;deqna;8526;deqna.cpp;2108;DEQNA: TX list end (V=0) - XI/XL set desc=1373256
18601;01:17:44.050391;Dbg;deqna;8526;deqna.cpp;2095;DEQNA: TX desc_read_words @ 01373256 words=6
18602;01:17:44.050713;Dbg;deqna;8526;deqna.cpp;2108;DEQNA: TX list end (V=0) - XI/XL set desc=1373256
18603;01:17:44.055959;Dbg;deqna;8526;deqna.cpp;2095;DEQNA: TX desc_read_words @ 01373256 words=6
18604;01:17:44.056113;Dbg;deqna;8526;deqna.cpp;2108;DEQNA: TX list end (V=0) - XI/XL set desc=1373256
18605;01:17:44.061282;Dbg;deqna;8526;deqna.cpp;2095;DEQNA: TX desc_read_words @ 01373256 words=6
18606;01:17:44.061447;Dbg;deqna;8526;deqna.cpp;2108;DEQNA: TX list end (V=0) - XI/XL set desc=1373256
18607;01:17:44.066680;Dbg;deqna;8526;deqna.cpp;2095;DEQNA: TX desc_read_words @ 01373256 words=6
18608;01:17:44.066838;Dbg;deqna;8526;deqna.cpp;2108;DEQNA: TX list end (V=0) - XI/XL set desc=1373256
18609;01:17:44.071995;Dbg;deqna;8526;deqna.cpp;2095;DEQNA: TX desc_read_words @ 01373256 words=6
18610;01:17:44.072125;Dbg;deqna;8526;deqna.cpp;2108;DEQNA: TX list end (V=0) - XI/XL set desc=1373256
18611;01:17:44.077283;Dbg;deqna;8526;deqna.cpp;2095;DEQNA: TX desc_read_words @ 01373256 words=6
18612;01:17:44.077415;Dbg;deqna;8526;deqna.cpp;2108;DEQNA: TX list end (V=0) - XI/XL set desc=1373256
18613;01:17:44.082582;Dbg;deqna;8526;deqna.cpp;2095;DEQNA: TX desc_read_words @ 01373256 words=6
18614;01:17:44.082712;Dbg;deqna;8526;deqna.cpp;2108;DEQNA: TX list end (V=0) - XI/XL set desc=1373256
18615;01:17:44.087885;Dbg;deqna;8526;deqna.cpp;2095;DEQNA: TX desc_read_words @ 01373256 words=6
18616;01:17:44.088018;Dbg;deqna;8526;deqna.cpp;2108;DEQNA: TX list end (V=0) - XI/XL set desc=1373256
18617;01:17:44.093179;Dbg;deqna;8526;deqna.cpp;2095;DEQNA: TX desc_read_words @ 01373256 words=6
18618;01:17:44.093306;Dbg;deqna;8526;deqna.cpp;2108;DEQNA: TX list end (V=0) - XI/XL set desc=1373256
18619;01:17:44.098479;Dbg;deqna;8526;deqna.cpp;2095;DEQNA: TX desc_read_words @ 01373256 words=6
18620;01:17:44.098658;Dbg;deqna;8526;deqna.cpp;2108;DEQNA: TX list end (V=0) - XI/XL set desc=1373256
18621;01:17:44.103896;Dbg;deqna;8526;deqna.cpp;2095;DEQNA: TX desc_read_words @ 01373256 words=6
18622;01:17:44.104049;Dbg;deqna;8526;deqna.cpp;2108;DEQNA: TX list end (V=0) - XI/XL set desc=1373256
18623;01:17:44.109226;Dbg;deqna;8526;deqna.cpp;2095;DEQNA: TX desc_read_words @ 01373256 words=6
18624;01:17:44.109359;Dbg;deqna;8526;deqna.cpp;2108;DEQNA: TX list end (V=0) - XI/XL set desc=1373256
18625;01:17:44.114528;Dbg;deqna;8526;deqna.cpp;2095;DEQNA: TX desc_read_words @ 01373256 words=6
18626;01:17:44.114669;Dbg;deqna;8526;deqna.cpp;2108;DEQNA: TX list end (V=0) - XI/XL set desc=1373256
18627;01:17:44.119845;Dbg;deqna;8526;deqna.cpp;2095;DEQNA: TX desc_read_words @ 01373256 words=6
18628;01:17:44.119985;Dbg;deqna;8526;deqna.cpp;2108;DEQNA: TX list end (V=0) - XI/XL set desc=1373256
18629;01:17:44.125150;Dbg;deqna;8526;deqna.cpp;2095;DEQNA: TX desc_read_words @ 01373256 words=6
18630;01:17:44.125278;Dbg;deqna;8526;deqna.cpp;2108;DEQNA: TX list end (V=0) - XI/XL set desc=1373256
18631;01:17:44.130446;Dbg;deqna;8526;deqna.cpp;2095;DEQNA: TX desc_read_words @ 01373256 words=6
18632;01:17:44.130577;Dbg;deqna;8526;deqna.cpp;2108;DEQNA: TX list end (V=0) - XI/XL set desc=1373256
18633;01:17:44.135729;Dbg;deqna;8526;deqna.cpp;2095;DEQNA: TX desc_read_words @ 01373256 words=6
18634;01:17:44.135856;Dbg;deqna;8526;deqna.cpp;2108;DEQNA: TX list end (V=0) - XI/XL set desc=1373256
18635;01:17:44.141031;Dbg;deqna;8526;deqna.cpp;2095;DEQNA: TX desc_read_words @ 01373256 words=6
18636;01:17:44.141195;Dbg;deqna;8526;deqna.cpp;2108;DEQNA: TX list end (V=0) - XI/XL set desc=1373256
18637;01:17:44.146378;Dbg;deqna;8526;deqna.cpp;2095;DEQNA: TX desc_read_words @ 01373256 words=6
18638;01:17:44.146571;Dbg;deqna;8526;deqna.cpp;2108;DEQNA: TX list end (V=0) - XI/XL set desc=1373256
18639;01:17:45.813559;Dbg;deqna;8526;deqna.cpp;2095;DEQNA: TX desc_read_words @ 01373256 words=6
18640;01:17:45.813770;Dbg;deqna;8526;deqna.cpp;2108;DEQNA: TX list end (V=0) - XI/XL set desc=1373256
18641;01:17:45.814908;Dbg;deqna;8525;deqna.cpp;1365;DEQNA: Enqueue RX type=2 len=60 status=000000 queue=0
18642;01:17:45.815015;Dbg;deqna;8525;deqna.cpp;1392;DEQNA: ENQ DBG type=2 len=60 data=ffffffffffff506b 4b43b2a608060001 080006040001506b 4b43b2a6c0a80111 000000000000c0a8 010d000000000000 0000000000000000 00000000
18643;01:17:45.815030;Dbg;deqna;8525;deqna.cpp;1613;DEQNA: RX desc_read_words @ 01373116 words=4
18644;01:17:45.815252;Dbg;deqna;8525;deqna.cpp;1721;DEQNA: RX deliver type=2 rbl=60 to addr=01547100 blen=2048 desc=1373116
18645;01:17:45.815429;Dbg;deqna;8525;deqna.cpp;1798;DEQNA: RX status type=2 st1=000370 st2=000000 desc=1373126
18646;01:17:45.815518;Dbg;deqna;8525;deqna.cpp;1865;DEQNA: RI set (rx_processed=1 queue=0 rbdl=1373132)
18647;01:17:45.815559;Dbg;deqna;8525;qunibusdevice.cpp;249;update_csr_reg CSR: STA0=177522 STA1=177524 RCLL=177400/172742 RCLH=177422/000005 XMTL=177464/173242 XMTH=177526/000005 VECTOR=000774/000774 CSR=110521/100701
18648;01:17:45.815574;Dbg;deqna;8525;deqna.cpp;643;DEQNA: CSR change prev=010521 now=110521 set=100000 clr=000000
18649;01:17:45.815601;Dbg;deqna;8525;qunibusdevice.cpp;249;update_csr_reg CSR: STA0=177522 STA1=177524 RCLL=177400/172742 RCLH=177422/000005 XMTL=177464/173242 XMTH=177526/000005 VECTOR=000774/000774 CSR=110521/100701
18650;01:17:45.815607;Dbg;deqna;8525;deqna.cpp;586;DEQNA: INTR assert, csr=110521 ie=1
18651;01:17:45.815614;Dbg;deqna;8525;deqna.cpp;724;DEQNA: INTR assert, csr=110521 vec=374 level=5
18652;01:17:45.815799;Dbg;deqna;8519;qunibusdevice.cpp;249;DATO CSR: STA0=177522 STA1=177524 RCLL=177400/172742 RCLH=177422/000005 XMTL=177464/173242 XMTH=177526/000005 VECTOR=000774/000774 CSR=110521/100701
18653;01:17:45.815812;Dbg;deqna;8519;deqna.cpp;1202;DEQNA: Write CSR (reg 7) = 100701 access=0
18654;01:17:45.815845;Dbg;deqna;8519;qunibusdevice.cpp;249;update_csr_reg CSR: STA0=177522 STA1=177524 RCLL=177400/172742 RCLH=177422/000005 XMTL=177464/173242 XMTH=177526/000005 VECTOR=000774/000774 CSR=010521/100701
18655;01:17:45.815849;Dbg;deqna;8519;deqna.cpp;643;DEQNA: CSR change prev=110521 now=010521 set=000501 clr=103216
18656;01:17:45.815857;Dbg;deqna;8519;deqna.cpp;595;DEQNA: INTR deassert, csr=010521 ie=1
18657;01:17:45.815863;Dbg;deqna;8519;deqna.cpp;730;DEQNA: INTR deassert, csr=010521
18658;01:17:45.815924;Dbg;deqna;8526;deqna.cpp;595;DEQNA: INTR deassert, csr=010521 ie=1
18659;01:17:45.816786;Dbg;deqna;8525;deqna.cpp;1365;DEQNA: Enqueue RX type=2 len=121 status=000000 queue=0
18660;01:17:45.816884;Dbg;deqna;8525;deqna.cpp;1392;DEQNA: ENQ DBG type=2 len=121 data=ffffffffffffb04a 39cb1cda08004500 006b000040004011 b67fc0a800b3c0a8 01ffdde8e5f20057 ab2f312e30000000 0100020040a00d54 b415c583cd296f58 
18661;01:17:45.816898;Dbg;deqna;8525;deqna.cpp;1613;DEQNA: RX desc_read_words @ 01373132 words=4
18662;01:17:45.817129;Dbg;deqna;8525;deqna.cpp;1721;DEQNA: RX deliver type=2 rbl=121 to addr=01553100 blen=2048 desc=1373132
18663;01:17:45.817481;Dbg;deqna;8525;deqna.cpp;1798;DEQNA: RX status type=2 st1=000370 st2=036475 desc=1373142
18664;01:17:45.817576;Dbg;deqna;8525;deqna.cpp;1865;DEQNA: RI set (rx_processed=1 queue=0 rbdl=1373146)
18665;01:17:45.817612;Dbg;deqna;8525;qunibusdevice.cpp;249;update_csr_reg CSR: STA0=177522 STA1=177524 RCLL=177400/172742 RCLH=177422/000005 XMTL=177464/173242 XMTH=177526/000005 VECTOR=000774/000774 CSR=110521/100701
18666;01:17:45.817618;Dbg;deqna;8525;deqna.cpp;643;DEQNA: CSR change prev=010521 now=110521 set=100000 clr=000000
18667;01:17:45.817643;Dbg;deqna;8525;qunibusdevice.cpp;249;update_csr_reg CSR: STA0=177522 STA1=177524 RCLL=177400/172742 RCLH=177422/000005 XMTL=177464/173242 XMTH=177526/000005 VECTOR=000774/000774 CSR=110521/100701
18668;01:17:45.817648;Dbg;deqna;8525;deqna.cpp;586;DEQNA: INTR assert, csr=110521 ie=1
18669;01:17:45.817654;Dbg;deqna;8525;deqna.cpp;724;DEQNA: INTR assert, csr=110521 vec=374 level=5
18670;01:17:45.817804;Dbg;deqna;8519;qunibusdevice.cpp;249;DATO CSR: STA0=177522 STA1=177524 RCLL=177400/172742 RCLH=177422/000005 XMTL=177464/173242 XMTH=177526/000005 VECTOR=000774/000774 CSR=110521/100701
18671;01:17:45.817813;Dbg;deqna;8519;deqna.cpp;1202;DEQNA: Write CSR (reg 7) = 100701 access=0
18672;01:17:45.817842;Dbg;deqna;8519;qunibusdevice.cpp;249;update_csr_reg CSR: STA0=177522 STA1=177524 RCLL=177400/172742 RCLH=177422/000005 XMTL=177464/173242 XMTH=177526/000005 VECTOR=000774/000774 CSR=010521/100701
18673;01:17:45.817846;Dbg;deqna;8519;deqna.cpp;643;DEQNA: CSR change prev=110521 now=010521 set=000501 clr=103216
18674;01:17:45.817854;Dbg;deqna;8519;deqna.cpp;595;DEQNA: INTR deassert, csr=010521 ie=1
18675;01:17:45.817859;Dbg;deqna;8519;deqna.cpp;730;DEQNA: INTR deassert, csr=010521
18676;01:17:45.818014;Dbg;deqna;8526;deqna.cpp;595;DEQNA: INTR deassert, csr=010521 ie=1
18677;01:17:45.818728;Dbg;deqna;8525;deqna.cpp;1365;DEQNA: Enqueue RX type=2 len=60 status=000000 queue=0
18678;01:17:45.818827;Dbg;deqna;8525;deqna.cpp;1392;DEQNA: ENQ DBG type=2 len=60 data=ffffffffffff2870 4e38d94008060001 0800060400012870 4e38d940c0a80101 000000000000c0a8 01d4000000000000 0000000000000000 00000000
18679;01:17:45.818839;Dbg;deqna;8525;deqna.cpp;1613;DEQNA: RX desc_read_words @ 01373146 words=4
18680;01:17:45.819075;Dbg;deqna;8525;deqna.cpp;1721;DEQNA: RX deliver type=2 rbl=60 to addr=01557100 blen=2048 desc=1373146
18681;01:17:45.819213;Dbg;deqna;8525;deqna.cpp;1798;DEQNA: RX status type=2 st1=000370 st2=000000 desc=1373156
18682;01:17:45.819302;Dbg;deqna;8525;deqna.cpp;1865;DEQNA: RI set (rx_processed=1 queue=0 rbdl=1373162)
18683;01:17:45.819339;Dbg;deqna;8525;qunibusdevice.cpp;249;update_csr_reg CSR: STA0=177522 STA1=177524 RCLL=177400/172742 RCLH=177422/000005 XMTL=177464/173242 XMTH=177526/000005 VECTOR=000774/000774 CSR=110521/100701
18684;01:17:45.819346;Dbg;deqna;8525;deqna.cpp;643;DEQNA: CSR change prev=010521 now=110521 set=100000 clr=000000
18685;01:17:45.819371;Dbg;deqna;8525;qunibusdevice.cpp;249;update_csr_reg CSR: STA0=177522 STA1=177524 RCLL=177400/172742 RCLH=177422/000005 XMTL=177464/173242 XMTH=177526/000005 VECTOR=000774/000774 CSR=110521/100701
18686;01:17:45.819375;Dbg;deqna;8525;deqna.cpp;586;DEQNA: INTR assert, csr=110521 ie=1
18687;01:17:45.819381;Dbg;deqna;8525;deqna.cpp;724;DEQNA: INTR assert, csr=110521 vec=374 level=5
18688;01:17:45.819423;Dbg;deqna;8526;deqna.cpp;2095;DEQNA: TX desc_read_words @ 01373256 words=6
18689;01:17:45.819509;Dbg;deqna;8519;qunibusdevice.cpp;249;DATO CSR: STA0=177522 STA1=177524 RCLL=177400/172742 RCLH=177422/000005 XMTL=177464/173242 XMTH=177526/000005 VECTOR=000774/000774 CSR=110521/100701
18690;01:17:45.819518;Dbg;deqna;8519;deqna.cpp;1202;DEQNA: Write CSR (reg 7) = 100701 access=0
18691;01:17:45.819548;Dbg;deqna;8519;qunibusdevice.cpp;249;update_csr_reg CSR: STA0=177522 STA1=177524 RCLL=177400/172742 RCLH=177422/000005 XMTL=177464/173242 XMTH=177526/000005 VECTOR=000774/000774 CSR=010521/100701
18692;01:17:45.819552;Dbg;deqna;8519;deqna.cpp;643;DEQNA: CSR change prev=110521 now=010521 set=000501 clr=103216
18693;01:17:45.819559;Dbg;deqna;8519;deqna.cpp;595;DEQNA: INTR deassert, csr=010521 ie=1
18694;01:17:45.819564;Dbg;deqna;8519;deqna.cpp;730;DEQNA: INTR deassert, csr=010521
18695;01:17:45.819622;Dbg;deqna;8526;deqna.cpp;2108;DEQNA: TX list end (V=0) - XI/XL set desc=1373256
18696;01:17:45.820461;Dbg;deqna;8525;deqna.cpp;595;DEQNA: INTR deassert, csr=010521 ie=1
18697;01:17:45.820497;Dbg;deqna;8525;deqna.cpp;1365;DEQNA: Enqueue RX type=2 len=60 status=000000 queue=0
18698;01:17:45.820575;Dbg;deqna;8525;deqna.cpp;1392;DEQNA: ENQ DBG type=2 len=60 data=ffffffffffff6462 6622847608060001 0800060400016462 66228476c0a80109 000000000000c0a8 010d000000000000 0000000000000000 00000000
18699;01:17:45.820586;Dbg;deqna;8525;deqna.cpp;1613;DEQNA: RX desc_read_words @ 01373162 words=4
18700;01:17:45.820843;Dbg;deqna;8525;deqna.cpp;1721;DEQNA: RX deliver type=2 rbl=60 to addr=01563100 blen=2048 desc=1373162
18701;01:17:45.820992;Dbg;deqna;8525;deqna.cpp;1798;DEQNA: RX status type=2 st1=000370 st2=000000 desc=1373172
18702;01:17:45.821085;Dbg;deqna;8525;deqna.cpp;1865;DEQNA: RI set (rx_processed=1 queue=0 rbdl=1373176)
18703;01:17:45.821121;Dbg;deqna;8525;qunibusdevice.cpp;249;update_csr_reg CSR: STA0=177522 STA1=177524 RCLL=177400/172742 RCLH=177422/000005 XMTL=177464/173242 XMTH=177526/000005 VECTOR=000774/000774 CSR=110521/100701
18704;01:17:45.821127;Dbg;deqna;8525;deqna.cpp;643;DEQNA: CSR change prev=010521 now=110521 set=100000 clr=000000
18705;01:17:45.821152;Dbg;deqna;8525;qunibusdevice.cpp;249;update_csr_reg CSR: STA0=177522 STA1=177524 RCLL=177400/172742 RCLH=177422/000005 XMTL=177464/173242 XMTH=177526/000005 VECTOR=000774/000774 CSR=110521/100701
18706;01:17:45.821157;Dbg;deqna;8525;deqna.cpp;586;DEQNA: INTR assert, csr=110521 ie=1
18707;01:17:45.821163;Dbg;deqna;8525;deqna.cpp;724;DEQNA: INTR assert, csr=110521 vec=374 level=5
18708;01:17:45.821316;Dbg;deqna;8519;qunibusdevice.cpp;249;DATO CSR: STA0=177522 STA1=177524 RCLL=177400/172742 RCLH=177422/000005 XMTL=177464/173242 XMTH=177526/000005 VECTOR=000774/000774 CSR=110521/100701
18709;01:17:45.821326;Dbg;deqna;8519;deqna.cpp;1202;DEQNA: Write CSR (reg 7) = 100701 access=0
18710;01:17:45.821354;Dbg;deqna;8519;qunibusdevice.cpp;249;update_csr_reg CSR: STA0=177522 STA1=177524 RCLL=177400/172742 RCLH=177422/000005 XMTL=177464/173242 XMTH=177526/000005 VECTOR=000774/000774 CSR=010521/100701
18711;01:17:45.821358;Dbg;deqna;8519;deqna.cpp;643;DEQNA: CSR change prev=110521 now=010521 set=000501 clr=103216
18712;01:17:45.821365;Dbg;deqna;8519;deqna.cpp;595;DEQNA: INTR deassert, csr=010521 ie=1
18713;01:17:45.821371;Dbg;deqna;8519;deqna.cpp;730;DEQNA: INTR deassert, csr=010521
18714;01:17:45.821740;Dbg;deqna;8526;deqna.cpp;595;DEQNA: INTR deassert, csr=010521 ie=1
18715;01:17:45.822236;Dbg;deqna;8525;deqna.cpp;1365;DEQNA: Enqueue RX type=2 len=60 status=000000 queue=0
18716;01:17:45.822326;Dbg;deqna;8525;deqna.cpp;1392;DEQNA: ENQ DBG type=2 len=60 data=ffffffffffff506b 4b43b2a608060001 080006040001506b 4b43b2a6c0a80111 000000000000c0a8 010d000000000000 0000000000000000 00000000
18717;01:17:45.822339;Dbg;deqna;8525;deqna.cpp;1613;DEQNA: RX desc_read_words @ 01373176 words=4
18718;01:17:45.822486;Dbg;deqna;8525;deqna.cpp;1613;DEQNA: RX desc_read_words @ 01372742 words=4
18719;01:17:45.822641;Dbg;deqna;8525;deqna.cpp;1721;DEQNA: RX deliver type=2 rbl=60 to addr=01503100 blen=2048 desc=1372742
18720;01:17:45.822770;Dbg;deqna;8525;deqna.cpp;1798;DEQNA: RX status type=2 st1=000370 st2=000000 desc=1372752
18721;01:17:45.822885;Dbg;deqna;8525;deqna.cpp;1865;DEQNA: RI set (rx_processed=1 queue=0 rbdl=1372756)
18722;01:17:45.822922;Dbg;deqna;8525;qunibusdevice.cpp;249;update_csr_reg CSR: STA0=177522 STA1=177524 RCLL=177400/172742 RCLH=177422/000005 XMTL=177464/173242 XMTH=177526/000005 VECTOR=000774/000774 CSR=110521/100701
18723;01:17:45.822928;Dbg;deqna;8525;deqna.cpp;643;DEQNA: CSR change prev=010521 now=110521 set=100000 clr=000000
18724;01:17:45.822953;Dbg;deqna;8525;qunibusdevice.cpp;249;update_csr_reg CSR: STA0=177522 STA1=177524 RCLL=177400/172742 RCLH=177422/000005 XMTL=177464/173242 XMTH=177526/000005 VECTOR=000774/000774 CSR=110521/100701
18725;01:17:45.822957;Dbg;deqna;8525;deqna.cpp;586;DEQNA: INTR assert, csr=110521 ie=1
18726;01:17:45.822963;Dbg;deqna;8525;deqna.cpp;724;DEQNA: INTR assert, csr=110521 vec=374 level=5
18727;01:17:45.823104;Dbg;deqna;8519;qunibusdevice.cpp;249;DATO CSR: STA0=177522 STA1=177524 RCLL=177400/172742 RCLH=177422/000005 XMTL=177464/173242 XMTH=177526/000005 VECTOR=000774/000774 CSR=110521/100701
18728;01:17:45.823114;Dbg;deqna;8519;deqna.cpp;1202;DEQNA: Write CSR (reg 7) = 100701 access=0
18729;01:17:45.823142;Dbg;deqna;8519;qunibusdevice.cpp;249;update_csr_reg CSR: STA0=177522 STA1=177524 RCLL=177400/172742 RCLH=177422/000005 XMTL=177464/173242 XMTH=177526/000005 VECTOR=000774/000774 CSR=010521/100701
18730;01:17:45.823147;Dbg;deqna;8519;deqna.cpp;643;DEQNA: CSR change prev=110521 now=010521 set=000501 clr=103216
18731;01:17:45.823154;Dbg;deqna;8519;deqna.cpp;595;DEQNA: INTR deassert, csr=010521 ie=1
18732;01:17:45.823159;Dbg;deqna;8519;deqna.cpp;730;DEQNA: INTR deassert, csr=010521
18733;01:17:45.823845;Dbg;deqna;8526;deqna.cpp;595;DEQNA: INTR deassert, csr=010521 ie=1
18734;01:17:45.824880;Dbg;deqna;8526;deqna.cpp;2095;DEQNA: TX desc_read_words @ 01373256 words=6
18735;01:17:45.824977;Dbg;deqna;8526;deqna.cpp;2108;DEQNA: TX list end (V=0) - XI/XL set desc=1373256
18736;01:17:45.830083;Dbg;deqna;8526;deqna.cpp;2095;DEQNA: TX desc_read_words @ 01373256 words=6
18737;01:17:45.830210;Dbg;deqna;8526;deqna.cpp;2108;DEQNA: TX list end (V=0) - XI/XL set desc=1373256
18738;01:17:45.835313;Dbg;deqna;8526;deqna.cpp;2095;DEQNA: TX desc_read_words @ 01373256 words=6
18739;01:17:45.835434;Dbg;deqna;8526;deqna.cpp;2108;DEQNA: TX list end (V=0) - XI/XL set desc=1373256
18740;01:17:45.839001;Dbg;deqna;8525;deqna.cpp;1365;DEQNA: Enqueue RX type=2 len=219 status=000000 queue=0
18741;01:17:45.839096;Dbg;deqna;8525;deqna.cpp;1392;DEQNA: ENQ DBG type=2 len=219 data=ffffffffffff0010 752b42e908004500 00cd000040004011 781ec0a8015affff ffffe2a004d200b9 60e648656c6c6f20 74686572652e2049 20616d2061742031 
18742;01:17:45.839112;Dbg;deqna;8525;deqna.cpp;1613;DEQNA: RX desc_read_words @ 01372756 words=4
18743;01:17:45.839285;Dbg;deqna;8525;deqna.cpp;1721;DEQNA: RX deliver type=2 rbl=219 to addr=01507100 blen=2048 desc=1372756
18744;01:17:45.839710;Dbg;deqna;8525;deqna.cpp;1798;DEQNA: RX status type=2 st1=000370 st2=117637 desc=1372766
18745;01:17:45.839799;Dbg;deqna;8525;deqna.cpp;1865;DEQNA: RI set (rx_processed=1 queue=0 rbdl=1372772)
18746;01:17:45.839835;Dbg;deqna;8525;qunibusdevice.cpp;249;update_csr_reg CSR: STA0=177522 STA1=177524 RCLL=177400/172742 RCLH=177422/000005 XMTL=177464/173242 XMTH=177526/000005 VECTOR=000774/000774 CSR=110521/100701
18747;01:17:45.839841;Dbg;deqna;8525;deqna.cpp;643;DEQNA: CSR change prev=010521 now=110521 set=100000 clr=000000
18748;01:17:45.839867;Dbg;deqna;8525;qunibusdevice.cpp;249;update_csr_reg CSR: STA0=177522 STA1=177524 RCLL=177400/172742 RCLH=177422/000005 XMTL=177464/173242 XMTH=177526/000005 VECTOR=000774/000774 CSR=110521/100701
18749;01:17:45.839872;Dbg;deqna;8525;deqna.cpp;586;DEQNA: INTR assert, csr=110521 ie=1
18750;01:17:45.839877;Dbg;deqna;8525;deqna.cpp;724;DEQNA: INTR assert, csr=110521 vec=374 level=5
18751;01:17:45.840016;Dbg;deqna;8519;qunibusdevice.cpp;249;DATO CSR: STA0=177522 STA1=177524 RCLL=177400/172742 RCLH=177422/000005 XMTL=177464/173242 XMTH=177526/000005 VECTOR=000774/000774 CSR=110521/100701
18752;01:17:45.840023;Dbg;deqna;8519;deqna.cpp;1202;DEQNA: Write CSR (reg 7) = 100701 access=0
18753;01:17:45.840052;Dbg;deqna;8519;qunibusdevice.cpp;249;update_csr_reg CSR: STA0=177522 STA1=177524 RCLL=177400/172742 RCLH=177422/000005 XMTL=177464/173242 XMTH=177526/000005 VECTOR=000774/000774 CSR=010521/100701
18754;01:17:45.840056;Dbg;deqna;8519;deqna.cpp;643;DEQNA: CSR change prev=110521 now=010521 set=000501 clr=103216
18755;01:17:45.840064;Dbg;deqna;8519;deqna.cpp;595;DEQNA: INTR deassert, csr=010521 ie=1
18756;01:17:45.840069;Dbg;deqna;8519;deqna.cpp;730;DEQNA: INTR deassert, csr=010521
18757;01:17:45.840576;Dbg;deqna;8526;deqna.cpp;595;DEQNA: INTR deassert, csr=010521 ie=1
18758;01:17:45.840591;Dbg;deqna;8526;deqna.cpp;2095;DEQNA: TX desc_read_words @ 01373256 words=6
18759;01:17:45.840677;Dbg;deqna;8526;deqna.cpp;2108;DEQNA: TX list end (V=0) - XI/XL set desc=1373256
18760;01:17:45.840921;Dbg;deqna;8525;deqna.cpp;1365;DEQNA: Enqueue RX type=2 len=243 status=000000 queue=0
18761;01:17:45.841002;Dbg;deqna;8525;deqna.cpp;1392;DEQNA: ENQ DBG type=2 len=243 data=ffffffffffff0010 752b42e908004500 00e5000040004011 7806c0a8015affff ffffe2a1d01a00d1 b5ac48656c6c6f20 74686572652e2049 20616d2061742031 
18762;01:17:45.841012;Dbg;deqna;8525;deqna.cpp;1613;DEQNA: RX desc_read_words @ 01372772 words=4
18763;01:17:45.841161;Dbg;deqna;8525;deqna.cpp;1721;DEQNA: RX deliver type=2 rbl=243 to addr=01513100 blen=2048 desc=1372772
18764;01:17:45.841553;Dbg;deqna;8525;deqna.cpp;1798;DEQNA: RX status type=2 st1=000370 st2=133667 desc=1373002
18765;01:17:45.841633;Dbg;deqna;8525;deqna.cpp;1865;DEQNA: RI set (rx_processed=1 queue=0 rbdl=1373006)
18766;01:17:45.841664;Dbg;deqna;8525;qunibusdevice.cpp;249;update_csr_reg CSR: STA0=177522 STA1=177524 RCLL=177400/172742 RCLH=177422/000005 XMTL=177464/173242 XMTH=177526/000005 VECTOR=000774/000774 CSR=110521/100701
18767;01:17:45.841669;Dbg;deqna;8525;deqna.cpp;643;DEQNA: CSR change prev=010521 now=110521 set=100000 clr=000000
18768;01:17:45.841705;Dbg;deqna;8525;qunibusdevice.cpp;249;update_csr_reg CSR: STA0=177522 STA1=177524 RCLL=177400/172742 RCLH=177422/000005 XMTL=177464/173242 XMTH=177526/000005 VECTOR=000774/000774 CSR=110521/100701
18769;01:17:45.841710;Dbg;deqna;8525;deqna.cpp;586;DEQNA: INTR assert, csr=110521 ie=1
18770;01:17:45.841716;Dbg;deqna;8525;deqna.cpp;724;DEQNA: INTR assert, csr=110521 vec=374 level=5
18771;01:17:45.841849;Dbg;deqna;8519;qunibusdevice.cpp;249;DATO CSR: STA0=177522 STA1=177524 RCLL=177400/172742 RCLH=177422/000005 XMTL=177464/173242 XMTH=177526/000005 VECTOR=000774/000774 CSR=110521/100701
18772;01:17:45.841855;Dbg;deqna;8519;deqna.cpp;1202;DEQNA: Write CSR (reg 7) = 100701 access=0
18773;01:17:45.841881;Dbg;deqna;8519;qunibusdevice.cpp;249;update_csr_reg CSR: STA0=177522 STA1=177524 RCLL=177400/172742 RCLH=177422/000005 XMTL=177464/173242 XMTH=177526/000005 VECTOR=000774/000774 CSR=010521/100701
18774;01:17:45.841885;Dbg;deqna;8519;deqna.cpp;643;DEQNA: CSR change prev=110521 now=010521 set=000501 clr=103216
18775;01:17:45.841893;Dbg;deqna;8519;deqna.cpp;595;DEQNA: INTR deassert, csr=010521 ie=1
18776;01:17:45.841898;Dbg;deqna;8519;deqna.cpp;730;DEQNA: INTR deassert, csr=010521
18777;01:17:45.842757;Dbg;deqna;8525;deqna.cpp;595;DEQNA: INTR deassert, csr=010521 ie=1
18778;01:17:45.842776;Dbg;deqna;8525;deqna.cpp;1365;DEQNA: Enqueue RX type=2 len=60 status=000000 queue=0
18779;01:17:45.842847;Dbg;deqna;8525;deqna.cpp;1392;DEQNA: ENQ DBG type=2 len=60 data=ffffffffffff2870 4e38d94008060001 0800060400012870 4e38d940c0a80101 000000000000c0a8 01eb000000000000 0000000000000000 00000000
18780;01:17:45.842857;Dbg;deqna;8525;deqna.cpp;1613;DEQNA: RX desc_read_words @ 01373006 words=4
18781;01:17:45.843027;Dbg;deqna;8525;deqna.cpp;1721;DEQNA: RX deliver type=2 rbl=60 to addr=01517100 blen=2048 desc=1373006
18782;01:17:45.843153;Dbg;deqna;8525;deqna.cpp;1798;DEQNA: RX status type=2 st1=000370 st2=000000 desc=1373016
18783;01:17:45.843234;Dbg;deqna;8525;deqna.cpp;1865;DEQNA: RI set (rx_processed=1 queue=0 rbdl=1373022)
18784;01:17:45.843265;Dbg;deqna;8525;qunibusdevice.cpp;249;update_csr_reg CSR: STA0=177522 STA1=177524 RCLL=177400/172742 RCLH=177422/000005 XMTL=177464/173242 XMTH=177526/000005 VECTOR=000774/000774 CSR=110521/100701
18785;01:17:45.843270;Dbg;deqna;8525;deqna.cpp;643;DEQNA: CSR change prev=010521 now=110521 set=100000 clr=000000
18786;01:17:45.843294;Dbg;deqna;8525;qunibusdevice.cpp;249;update_csr_reg CSR: STA0=177522 STA1=177524 RCLL=177400/172742 RCLH=177422/000005 XMTL=177464/173242 XMTH=177526/000005 VECTOR=000774/000774 CSR=110521/100701
18787;01:17:45.843298;Dbg;deqna;8525;deqna.cpp;586;DEQNA: INTR assert, csr=110521 ie=1
18788;01:17:45.843304;Dbg;deqna;8525;deqna.cpp;724;DEQNA: INTR assert, csr=110521 vec=374 level=5
18789;01:17:45.843439;Dbg;deqna;8519;qunibusdevice.cpp;249;DATO CSR: STA0=177522 STA1=177524 RCLL=177400/172742 RCLH=177422/000005 XMTL=177464/173242 XMTH=177526/000005 VECTOR=000774/000774 CSR=110521/100701
18790;01:17:45.843445;Dbg;deqna;8519;deqna.cpp;1202;DEQNA: Write CSR (reg 7) = 100701 access=0
18791;01:17:45.843472;Dbg;deqna;8519;qunibusdevice.cpp;249;update_csr_reg CSR: STA0=177522 STA1=177524 RCLL=177400/172742 RCLH=177422/000005 XMTL=177464/173242 XMTH=177526/000005 VECTOR=000774/000774 CSR=010521/100701
18792;01:17:45.843475;Dbg;deqna;8519;deqna.cpp;643;DEQNA: CSR change prev=110521 now=010521 set=000501 clr=103216
18793;01:17:45.843482;Dbg;deqna;8519;deqna.cpp;595;DEQNA: INTR deassert, csr=010521 ie=1
18794;01:17:45.843487;Dbg;deqna;8519;deqna.cpp;730;DEQNA: INTR deassert, csr=010521
18795;01:17:45.843913;Dbg;deqna;8526;deqna.cpp;595;DEQNA: INTR deassert, csr=010521 ie=1
18796;01:17:45.845970;Dbg;deqna;8526;deqna.cpp;2095;DEQNA: TX desc_read_words @ 01373256 words=6
18797;01:17:45.846079;Dbg;deqna;8526;deqna.cpp;2108;DEQNA: TX list end (V=0) - XI/XL set desc=1373256
18798;01:17:45.851188;Dbg;deqna;8526;deqna.cpp;2095;DEQNA: TX desc_read_words @ 01373256 words=6
18799;01:17:45.851297;Dbg;deqna;8526;deqna.cpp;2108;DEQNA: TX list end (V=0) - XI/XL set desc=1373256
18800;01:17:45.856398;Dbg;deqna;8526;deqna.cpp;2095;DEQNA: TX desc_read_words @ 01373256 words=6
18801;01:17:45.856496;Dbg;deqna;8526;deqna.cpp;2108;DEQNA: TX list end (V=0) - XI/XL set desc=1373256
18802;01:17:45.861597;Dbg;deqna;8526;deqna.cpp;2095;DEQNA: TX desc_read_words @ 01373256 words=6
18803;01:17:45.861704;Dbg;deqna;8526;deqna.cpp;2108;DEQNA: TX list end (V=0) - XI/XL set desc=1373256
18804;01:17:45.866840;Dbg;deqna;8526;deqna.cpp;2095;DEQNA: TX desc_read_words @ 01373256 words=6
18805;01:17:45.866944;Dbg;deqna;8526;deqna.cpp;2108;DEQNA: TX list end (V=0) - XI/XL set desc=1373256
18806;01:17:45.872041;Dbg;deqna;8526;deqna.cpp;2095;DEQNA: TX desc_read_words @ 01373256 words=6
18807;01:17:45.872130;Dbg;deqna;8526;deqna.cpp;2108;DEQNA: TX list end (V=0) - XI/XL set desc=1373256
18808;01:17:45.877235;Dbg;deqna;8526;deqna.cpp;2095;DEQNA: TX desc_read_words @ 01373256 words=6
18809;01:17:45.877328;Dbg;deqna;8526;deqna.cpp;2108;DEQNA: TX list end (V=0) - XI/XL set desc=1373256
18810;01:17:45.882433;Dbg;deqna;8526;deqna.cpp;2095;DEQNA: TX desc_read_words @ 01373256 words=6
18811;01:17:45.882528;Dbg;deqna;8526;deqna.cpp;2108;DEQNA: TX list end (V=0) - XI/XL set desc=1373256
18812;01:17:45.887642;Dbg;deqna;8526;deqna.cpp;2095;DEQNA: TX desc_read_words @ 01373256 words=6
18813;01:17:45.887760;Dbg;deqna;8526;deqna.cpp;2108;DEQNA: TX list end (V=0) - XI/XL set desc=1373256
18814;01:17:45.892860;Dbg;deqna;8526;deqna.cpp;2095;DEQNA: TX desc_read_words @ 01373256 words=6
18815;01:17:45.892959;Dbg;deqna;8526;deqna.cpp;2108;DEQNA: TX list end (V=0) - XI/XL set desc=1373256
18816;01:17:45.898059;Dbg;deqna;8526;deqna.cpp;2095;DEQNA: TX desc_read_words @ 01373256 words=6
18817;01:17:45.898163;Dbg;deqna;8526;deqna.cpp;2108;DEQNA: TX list end (V=0) - XI/XL set desc=1373256
18818;01:17:45.899581;Dbg;deqna;8525;deqna.cpp;1365;DEQNA: Enqueue RX type=2 len=60 status=000000 queue=0
18819;01:17:45.899668;Dbg;deqna;8525;deqna.cpp;1392;DEQNA: ENQ DBG type=2 len=60 data=ffffffffffff2870 4e38d94008060001 0800060400012870 4e38d940c0a80101 000000000000c0a8 008b000000000000 0000000000000000 00000000
18820;01:17:45.899680;Dbg;deqna;8525;deqna.cpp;1613;DEQNA: RX desc_read_words @ 01373022 words=4
18821;01:17:45.899851;Dbg;deqna;8525;deqna.cpp;1721;DEQNA: RX deliver type=2 rbl=60 to addr=01523100 blen=2048 desc=1373022
18822;01:17:45.899980;Dbg;deqna;8525;deqna.cpp;1798;DEQNA: RX status type=2 st1=000370 st2=000000 desc=1373032
18823;01:17:45.900061;Dbg;deqna;8525;deqna.cpp;1865;DEQNA: RI set (rx_processed=1 queue=0 rbdl=1373036)
18824;01:17:45.900097;Dbg;deqna;8525;qunibusdevice.cpp;249;update_csr_reg CSR: STA0=177522 STA1=177524 RCLL=177400/172742 RCLH=177422/000005 XMTL=177464/173242 XMTH=177526/000005 VECTOR=000774/000774 CSR=110521/100701
18825;01:17:45.900103;Dbg;deqna;8525;deqna.cpp;643;DEQNA: CSR change prev=010521 now=110521 set=100000 clr=000000
18826;01:17:45.900129;Dbg;deqna;8525;qunibusdevice.cpp;249;update_csr_reg CSR: STA0=177522 STA1=177524 RCLL=177400/172742 RCLH=177422/000005 XMTL=177464/173242 XMTH=177526/000005 VECTOR=000774/000774 CSR=110521/100701
18827;01:17:45.900134;Dbg;deqna;8525;deqna.cpp;586;DEQNA: INTR assert, csr=110521 ie=1
18828;01:17:45.900140;Dbg;deqna;8525;deqna.cpp;724;DEQNA: INTR assert, csr=110521 vec=374 level=5
18829;01:17:45.900224;Dbg;deqna;8526;deqna.cpp;595;DEQNA: INTR deassert, csr=110521 ie=1
18830;01:17:45.900242;Dbg;deqna;8526;deqna.cpp;730;DEQNA: INTR deassert, csr=110521
18831;01:17:45.900303;Dbg;deqna;8519;qunibusdevice.cpp;249;DATO CSR: STA0=177522 STA1=177524 RCLL=177400/172742 RCLH=177422/000005 XMTL=177464/173242 XMTH=177526/000005 VECTOR=000774/000774 CSR=110521/100701
18832;01:17:45.900312;Dbg;deqna;8519;deqna.cpp;1202;DEQNA: Write CSR (reg 7) = 100701 access=0
18833;01:17:45.900342;Dbg;deqna;8519;qunibusdevice.cpp;249;update_csr_reg CSR: STA0=177522 STA1=177524 RCLL=177400/172742 RCLH=177422/000005 XMTL=177464/173242 XMTH=177526/000005 VECTOR=000774/000774 CSR=010521/100701
18834;01:17:45.900346;Dbg;deqna;8519;deqna.cpp;643;DEQNA: CSR change prev=110521 now=010521 set=000501 clr=103216
18835;01:17:45.900352;Dbg;deqna;8519;deqna.cpp;586;DEQNA: INTR assert, csr=010521 ie=1
18836;01:17:45.900358;Dbg;deqna;8519;deqna.cpp;724;DEQNA: INTR assert, csr=010521 vec=374 level=5
18837;01:17:45.901184;Dbg;deqna;8525;deqna.cpp;1365;DEQNA: Enqueue RX type=2 len=60 status=000000 queue=0
18838;01:17:45.901268;Dbg;deqna;8525;deqna.cpp;1392;DEQNA: ENQ DBG type=2 len=60 data=ffffffffffff2870 4e38d94008060001 0800060400012870 4e38d940c0a80101 000000000000c0a8 01fa000000000000 0000000000000000 00000000
18839;01:17:45.901281;Dbg;deqna;8525;deqna.cpp;1613;DEQNA: RX desc_read_words @ 01373036 words=4
18840;01:17:45.901446;Dbg;deqna;8525;deqna.cpp;1721;DEQNA: RX deliver type=2 rbl=60 to addr=01527100 blen=2048 desc=1373036
18841;01:17:45.901573;Dbg;deqna;8525;deqna.cpp;1798;DEQNA: RX status type=2 st1=000370 st2=000000 desc=1373046
18842;01:17:45.901652;Dbg;deqna;8525;deqna.cpp;1865;DEQNA: RI set (rx_processed=1 queue=0 rbdl=1373052)
18843;01:17:45.901683;Dbg;deqna;8525;qunibusdevice.cpp;249;update_csr_reg CSR: STA0=177522 STA1=177524 RCLL=177400/172742 RCLH=177422/000005 XMTL=177464/173242 XMTH=177526/000005 VECTOR=000774/000774 CSR=110521/100701
18844;01:17:45.901688;Dbg;deqna;8525;deqna.cpp;643;DEQNA: CSR change prev=010521 now=110521 set=100000 clr=000000
18845;01:17:45.901713;Dbg;deqna;8525;qunibusdevice.cpp;249;update_csr_reg CSR: STA0=177522 STA1=177524 RCLL=177400/172742 RCLH=177422/000005 XMTL=177464/173242 XMTH=177526/000005 VECTOR=000774/000774 CSR=110521/100701
18846;01:17:45.902740;Dbg;deqna;8525;deqna.cpp;1365;DEQNA: Enqueue RX type=2 len=60 status=000000 queue=0
18847;01:17:45.902812;Dbg;deqna;8525;deqna.cpp;1392;DEQNA: ENQ DBG type=2 len=60 data=ffffffffffff2870 4e38d94008060001 0800060400012870 4e38d940c0a80101 000000000000c0a8 0131000000000000 0000000000000000 00000000
18848;01:17:45.902821;Dbg;deqna;8525;deqna.cpp;1613;DEQNA: RX desc_read_words @ 01373052 words=4
18849;01:17:45.902964;Dbg;deqna;8525;deqna.cpp;1721;DEQNA: RX deliver type=2 rbl=60 to addr=01533100 blen=2048 desc=1373052
18850;01:17:45.903087;Dbg;deqna;8525;deqna.cpp;1798;DEQNA: RX status type=2 st1=000370 st2=000000 desc=1373062
18851;01:17:45.903166;Dbg;deqna;8525;deqna.cpp;1865;DEQNA: RI set (rx_processed=1 queue=0 rbdl=1373066)
18852;01:17:45.903196;Dbg;deqna;8525;qunibusdevice.cpp;249;update_csr_reg CSR: STA0=177522 STA1=177524 RCLL=177400/172742 RCLH=177422/000005 XMTL=177464/173242 XMTH=177526/000005 VECTOR=000774/000774 CSR=110521/100701
18853;01:17:45.903219;Dbg;deqna;8525;qunibusdevice.cpp;249;update_csr_reg CSR: STA0=177522 STA1=177524 RCLL=177400/172742 RCLH=177422/000005 XMTL=177464/173242 XMTH=177526/000005 VECTOR=000774/000774 CSR=110521/100701
18854;01:17:45.903358;Dbg;deqna;8526;deqna.cpp;2095;DEQNA: TX desc_read_words @ 01373256 words=6
18855;01:17:45.903444;Dbg;deqna;8526;deqna.cpp;2108;DEQNA: TX list end (V=0) - XI/XL set desc=1373256
18856;01:17:45.904249;Dbg;deqna;8525;deqna.cpp;1365;DEQNA: Enqueue RX type=2 len=60 status=000000 queue=0
18857;01:17:45.904319;Dbg;deqna;8525;deqna.cpp;1392;DEQNA: ENQ DBG type=2 len=60 data=ffffffffffff2870 4e38d94008060001 0800060400012870 4e38d940c0a80101 000000000000c0a8 0151000000000000 0000000000000000 00000000
18858;01:17:45.904328;Dbg;deqna;8525;deqna.cpp;1613;DEQNA: RX desc_read_words @ 01373066 words=4
18859;01:17:45.904493;Dbg;deqna;8525;deqna.cpp;1721;DEQNA: RX deliver type=2 rbl=60 to addr=01537100 blen=2048 desc=1373066
18860;01:17:45.904526;Dbg;deqna;8526;deqna.cpp;595;DEQNA: INTR deassert, csr=110521 ie=1
18861;01:17:45.904535;Dbg;deqna;8526;deqna.cpp;730;DEQNA: INTR deassert, csr=110521
18862;01:17:45.904617;Dbg;deqna;8519;qunibusdevice.cpp;249;DATO CSR: STA0=177522 STA1=177524 RCLL=177400/172742 RCLH=177422/000005 XMTL=177464/173242 XMTH=177526/000005 VECTOR=000774/000774 CSR=110521/100701
18863;01:17:45.904624;Dbg;deqna;8519;deqna.cpp;1202;DEQNA: Write CSR (reg 7) = 100701 access=0
18864;01:17:45.904651;Dbg;deqna;8519;qunibusdevice.cpp;249;update_csr_reg CSR: STA0=177522 STA1=177524 RCLL=177400/172742 RCLH=177422/000005 XMTL=177464/173242 XMTH=177526/000005 VECTOR=000774/000774 CSR=010521/100701
18865;01:17:45.904655;Dbg;deqna;8519;deqna.cpp;643;DEQNA: CSR change prev=110521 now=010521 set=000501 clr=103216
18866;01:17:45.904662;Dbg;deqna;8519;deqna.cpp;586;DEQNA: INTR assert, csr=010521 ie=1
18867;01:17:45.904667;Dbg;deqna;8519;deqna.cpp;724;DEQNA: INTR assert, csr=010521 vec=374 level=5
18868;01:17:45.904712;Dbg;deqna;8525;deqna.cpp;1798;DEQNA: RX status type=2 st1=000370 st2=000000 desc=1373076
18869;01:17:45.904793;Dbg;deqna;8525;deqna.cpp;1865;DEQNA: RI set (rx_processed=1 queue=0 rbdl=1373102)
18870;01:17:45.904823;Dbg;deqna;8525;qunibusdevice.cpp;249;update_csr_reg CSR: STA0=177522 STA1=177524 RCLL=177400/172742 RCLH=177422/000005 XMTL=177464/173242 XMTH=177526/000005 VECTOR=000774/000774 CSR=110521/100701
18871;01:17:45.904834;Dbg;deqna;8525;deqna.cpp;643;DEQNA: CSR change prev=010521 now=110521 set=100000 clr=000000
18872;01:17:45.904860;Dbg;deqna;8525;qunibusdevice.cpp;249;update_csr_reg CSR: STA0=177522 STA1=177524 RCLL=177400/172742 RCLH=177422/000005 XMTL=177464/173242 XMTH=177526/000005 VECTOR=000774/000774 CSR=110521/100701
18873;01:17:45.904912;Dbg;deqna;8519;qunibusdevice.cpp;249;DATO CSR: STA0=177522 STA1=177524 RCLL=177400/172742 RCLH=177422/000005 XMTL=177464/173242 XMTH=177526/000005 VECTOR=000774/000774 CSR=110521/100701
18874;01:17:45.904918;Dbg;deqna;8519;deqna.cpp;1202;DEQNA: Write CSR (reg 7) = 100701 access=0
18875;01:17:45.904943;Dbg;deqna;8519;qunibusdevice.cpp;249;update_csr_reg CSR: STA0=177522 STA1=177524 RCLL=177400/172742 RCLH=177422/000005 XMTL=177464/173242 XMTH=177526/000005 VECTOR=000774/000774 CSR=010521/100701
18876;01:17:45.904947;Dbg;deqna;8519;deqna.cpp;643;DEQNA: CSR change prev=110521 now=010521 set=000501 clr=103216
18877;01:17:45.904955;Dbg;deqna;8519;deqna.cpp;595;DEQNA: INTR deassert, csr=010521 ie=1
18878;01:17:45.904960;Dbg;deqna;8519;deqna.cpp;730;DEQNA: INTR deassert, csr=010521
18879;01:17:45.905560;Dbg;deqna;8526;deqna.cpp;595;DEQNA: INTR deassert, csr=010521 ie=1
18880;01:17:45.908644;Dbg;deqna;8526;deqna.cpp;2095;DEQNA: TX desc_read_words @ 01373256 words=6
18881;01:17:45.908746;Dbg;deqna;8526;deqna.cpp;2108;DEQNA: TX list end (V=0) - XI/XL set desc=1373256
18882;01:17:45.913845;Dbg;deqna;8526;deqna.cpp;2095;DEQNA: TX desc_read_words @ 01373256 words=6
18883;01:17:45.913936;Dbg;deqna;8526;deqna.cpp;2108;DEQNA: TX list end (V=0) - XI/XL set desc=1373256
18884;01:17:45.919060;Dbg;deqna;8526;deqna.cpp;2095;DEQNA: TX desc_read_words @ 01373256 words=6
18885;01:17:45.919203;Dbg;deqna;8526;deqna.cpp;2108;DEQNA: TX list end (V=0) - XI/XL set desc=1373256
18886;01:17:45.924351;Dbg;deqna;8526;deqna.cpp;2095;DEQNA: TX desc_read_words @ 01373256 words=6
18887;01:17:45.924454;Dbg;deqna;8526;deqna.cpp;2108;DEQNA: TX list end (V=0) - XI/XL set desc=1373256
18888;01:17:45.929572;Dbg;deqna;8526;deqna.cpp;2095;DEQNA: TX desc_read_words @ 01373256 words=6
18889;01:17:45.929668;Dbg;deqna;8526;deqna.cpp;2108;DEQNA: TX list end (V=0) - XI/XL set desc=1373256
18890;01:17:45.934764;Dbg;deqna;8526;deqna.cpp;2095;DEQNA: TX desc_read_words @ 01373256 words=6
18891;01:17:45.934851;Dbg;deqna;8526;deqna.cpp;2108;DEQNA: TX list end (V=0) - XI/XL set desc=1373256
18892;01:17:45.939951;Dbg;deqna;8526;deqna.cpp;2095;DEQNA: TX desc_read_words @ 01373256 words=6
18893;01:17:45.940042;Dbg;deqna;8526;deqna.cpp;2108;DEQNA: TX list end (V=0) - XI/XL set desc=1373256
18894;01:17:45.945138;Dbg;deqna;8526;deqna.cpp;2095;DEQNA: TX desc_read_words @ 01373256 words=6
18895;01:17:45.945224;Dbg;deqna;8526;deqna.cpp;2108;DEQNA: TX list end (V=0) - XI/XL set desc=1373256
18896;01:17:45.950320;Dbg;deqna;8526;deqna.cpp;2095;DEQNA: TX desc_read_words @ 01373256 words=6
18897;01:17:45.950418;Dbg;deqna;8526;deqna.cpp;2108;DEQNA: TX list end (V=0) - XI/XL set desc=1373256
18898;01:17:45.955524;Dbg;deqna;8526;deqna.cpp;2095;DEQNA: TX desc_read_words @ 01373256 words=6
18899;01:17:45.955628;Dbg;deqna;8526;deqna.cpp;2108;DEQNA: TX list end (V=0) - XI/XL set desc=1373256
18900;01:17:45.959048;Dbg;deqna;8525;deqna.cpp;1365;DEQNA: Enqueue RX type=2 len=60 status=000000 queue=0
18901;01:17:45.959153;Dbg;deqna;8525;deqna.cpp;1392;DEQNA: ENQ DBG type=2 len=60 data=ffffffffffff74ac b933a1e908060001 08000604000174ac b933a1e9c0a80004 ffffffffffffc0a8 0101000000000000 0000000000000000 00000000
18902;01:17:45.959164;Dbg;deqna;8525;deqna.cpp;1613;DEQNA: RX desc_read_words @ 01373102 words=4
18903;01:17:45.959331;Dbg;deqna;8525;deqna.cpp;1721;DEQNA: RX deliver type=2 rbl=60 to addr=01543100 blen=2048 desc=1373102
18904;01:17:45.959466;Dbg;deqna;8525;deqna.cpp;1798;DEQNA: RX status type=2 st1=000370 st2=000000 desc=1373112
18905;01:17:45.959559;Dbg;deqna;8525;deqna.cpp;1865;DEQNA: RI set (rx_processed=1 queue=0 rbdl=1373116)
18906;01:17:45.959594;Dbg;deqna;8525;qunibusdevice.cpp;249;update_csr_reg CSR: STA0=177522 STA1=177524 RCLL=177400/172742 RCLH=177422/000005 XMTL=177464/173242 XMTH=177526/000005 VECTOR=000774/000774 CSR=110521/100701
18907;01:17:45.959600;Dbg;deqna;8525;deqna.cpp;643;DEQNA: CSR change prev=010521 now=110521 set=100000 clr=000000
18908;01:17:45.959625;Dbg;deqna;8525;qunibusdevice.cpp;249;update_csr_reg CSR: STA0=177522 STA1=177524 RCLL=177400/172742 RCLH=177422/000005 XMTL=177464/173242 XMTH=177526/000005 VECTOR=000774/000774 CSR=110521/100701
18909;01:17:45.959629;Dbg;deqna;8525;deqna.cpp;586;DEQNA: INTR assert, csr=110521 ie=1
18910;01:17:45.959635;Dbg;deqna;8525;deqna.cpp;724;DEQNA: INTR assert, csr=110521 vec=374 level=5
18911;01:17:45.959723;Dbg;deqna;8526;deqna.cpp;595;DEQNA: INTR deassert, csr=110521 ie=1
18912;01:17:45.959739;Dbg;deqna;8526;deqna.cpp;730;DEQNA: INTR deassert, csr=110521
18913;01:17:45.959803;Dbg;deqna;8519;qunibusdevice.cpp;249;DATO CSR: STA0=177522 STA1=177524 RCLL=177400/172742 RCLH=177422/000005 XMTL=177464/173242 XMTH=177526/000005 VECTOR=000774/000774 CSR=110521/100701
18914;01:17:45.959812;Dbg;deqna;8519;deqna.cpp;1202;DEQNA: Write CSR (reg 7) = 100701 access=0
18915;01:17:45.959841;Dbg;deqna;8519;qunibusdevice.cpp;249;update_csr_reg CSR: STA0=177522 STA1=177524 RCLL=177400/172742 RCLH=177422/000005 XMTL=177464/173242 XMTH=177526/000005 VECTOR=000774/000774 CSR=010521/100701
18916;01:17:45.959845;Dbg;deqna;8519;deqna.cpp;643;DEQNA: CSR change prev=110521 now=010521 set=000501 clr=103216
18917;01:17:45.959852;Dbg;deqna;8519;deqna.cpp;586;DEQNA: INTR assert, csr=010521 ie=1
18918;01:17:45.959858;Dbg;deqna;8519;deqna.cpp;724;DEQNA: INTR assert, csr=010521 vec=374 level=5
18919;01:17:45.960770;Dbg;deqna;8526;deqna.cpp;2095;DEQNA: TX desc_read_words @ 01373256 words=6
18920;01:17:45.960871;Dbg;deqna;8526;deqna.cpp;2108;DEQNA: TX list end (V=0) - XI/XL set desc=1373256
18921;01:17:45.961149;Dbg;deqna;8519;qunibusdevice.cpp;249;DATO CSR: STA0=177522 STA1=177524 RCLL=177400/172742 RCLH=177422/000005 XMTL=177464/173242 XMTH=177526/000005 VECTOR=000774/000774 CSR=010521/100701
18922;01:17:45.961155;Dbg;deqna;8519;deqna.cpp;1202;DEQNA: Write CSR (reg 7) = 100701 access=0
18923;01:17:45.961181;Dbg;deqna;8519;qunibusdevice.cpp;249;update_csr_reg CSR: STA0=177522 STA1=177524 RCLL=177400/172742 RCLH=177422/000005 XMTL=177464/173242 XMTH=177526/000005 VECTOR=000774/000774 CSR=010521/100701
18924;01:17:45.961900;Dbg;deqna;8526;deqna.cpp;595;DEQNA: INTR deassert, csr=010521 ie=1
18925;01:17:45.961910;Dbg;deqna;8526;deqna.cpp;730;DEQNA: INTR deassert, csr=010521
18926;01:17:45.965984;Dbg;deqna;8526;deqna.cpp;2095;DEQNA: TX desc_read_words @ 01373256 words=6
18927;01:17:45.966068;Dbg;deqna;8526;deqna.cpp;2108;DEQNA: TX list end (V=0) - XI/XL set desc=1373256
18928;01:17:45.971168;Dbg;deqna;8526;deqna.cpp;2095;DEQNA: TX desc_read_words @ 01373256 words=6
18929;01:17:45.971267;Dbg;deqna;8526;deqna.cpp;2108;DEQNA: TX list end (V=0) - XI/XL set desc=1373256
18930;01:17:45.976363;Dbg;deqna;8526;deqna.cpp;2095;DEQNA: TX desc_read_words @ 01373256 words=6
18931;01:17:45.976451;Dbg;deqna;8526;deqna.cpp;2108;DEQNA: TX list end (V=0) - XI/XL set desc=1373256
18932;01:17:45.981558;Dbg;deqna;8526;deqna.cpp;2095;DEQNA: TX desc_read_words @ 01373256 words=6
18933;01:17:45.981664;Dbg;deqna;8526;deqna.cpp;2108;DEQNA: TX list end (V=0) - XI/XL set desc=1373256
18934;01:17:45.986772;Dbg;deqna;8526;deqna.cpp;2095;DEQNA: TX desc_read_words @ 01373256 words=6
18935;01:17:45.986867;Dbg;deqna;8526;deqna.cpp;2108;DEQNA: TX list end (V=0) - XI/XL set desc=1373256
18936;01:17:45.991975;Dbg;deqna;8526;deqna.cpp;2095;DEQNA: TX desc_read_words @ 01373256 words=6
18937;01:17:45.992082;Dbg;deqna;8526;deqna.cpp;2108;DEQNA: TX list end (V=0) - XI/XL set desc=1373256
18938;01:17:45.997180;Dbg;deqna;8526;deqna.cpp;2095;DEQNA: TX desc_read_words @ 01373256 words=6
18939;01:17:45.997269;Dbg;deqna;8526;deqna.cpp;2108;DEQNA: TX list end (V=0) - XI/XL set desc=1373256
18940;01:17:46.002374;Dbg;deqna;8526;deqna.cpp;2095;DEQNA: TX desc_read_words @ 01373256 words=6
18941;01:17:46.002489;Dbg;deqna;8526;deqna.cpp;2108;DEQNA: TX list end (V=0) - XI/XL set desc=1373256
18942;01:17:46.007632;Dbg;deqna;8526;deqna.cpp;2095;DEQNA: TX desc_read_words @ 01373256 words=6
18943;01:17:46.007731;Dbg;deqna;8526;deqna.cpp;2108;DEQNA: TX list end (V=0) - XI/XL set desc=1373256
18944;01:17:46.012826;Dbg;deqna;8526;deqna.cpp;2095;DEQNA: TX desc_read_words @ 01373256 words=6
18945;01:17:46.012913;Dbg;deqna;8526;deqna.cpp;2108;DEQNA: TX list end (V=0) - XI/XL set desc=1373256
18946;01:17:46.018014;Dbg;deqna;8526;deqna.cpp;2095;DEQNA: TX desc_read_words @ 01373256 words=6
18947;01:17:46.018111;Dbg;deqna;8526;deqna.cpp;2108;DEQNA: TX list end (V=0) - XI/XL set desc=1373256
18948;01:17:46.023220;Dbg;deqna;8526;deqna.cpp;2095;DEQNA: TX desc_read_words @ 01373256 words=6
18949;01:17:46.023316;Dbg;deqna;8526;deqna.cpp;2108;DEQNA: TX list end (V=0) - XI/XL set desc=1373256
18950;01:17:46.028424;Dbg;deqna;8526;deqna.cpp;2095;DEQNA: TX desc_read_words @ 01373256 words=6
18951;01:17:46.028524;Dbg;deqna;8526;deqna.cpp;2108;DEQNA: TX list end (V=0) - XI/XL set desc=1373256
18952;01:17:46.033619;Dbg;deqna;8526;deqna.cpp;2095;DEQNA: TX desc_read_words @ 01373256 words=6
18953;01:17:46.033706;Dbg;deqna;8526;deqna.cpp;2108;DEQNA: TX list end (V=0) - XI/XL set desc=1373256
18954;01:17:46.038813;Dbg;deqna;8526;deqna.cpp;2095;DEQNA: TX desc_read_words @ 01373256 words=6
18955;01:17:46.038911;Dbg;deqna;8526;deqna.cpp;2108;DEQNA: TX list end (V=0) - XI/XL set desc=1373256
18956;01:17:46.044015;Dbg;deqna;8526;deqna.cpp;2095;DEQNA: TX desc_read_words @ 01373256 words=6
18957;01:17:46.044104;Dbg;deqna;8526;deqna.cpp;2108;DEQNA: TX list end (V=0) - XI/XL set desc=1373256
18958;01:17:46.049220;Dbg;deqna;8526;deqna.cpp;2095;DEQNA: TX desc_read_words @ 01373256 words=6
18959;01:17:46.049312;Dbg;deqna;8526;deqna.cpp;2108;DEQNA: TX list end (V=0) - XI/XL set desc=1373256
18960;01:17:46.054405;Dbg;deqna;8526;deqna.cpp;2095;DEQNA: TX desc_read_words @ 01373256 words=6
18961;01:17:46.054489;Dbg;deqna;8526;deqna.cpp;2108;DEQNA: TX list end (V=0) - XI/XL set desc=1373256
18962;01:17:46.059590;Dbg;deqna;8526;deqna.cpp;2095;DEQNA: TX desc_read_words @ 01373256 words=6
18963;01:17:46.059701;Dbg;deqna;8526;deqna.cpp;2108;DEQNA: TX list end (V=0) - XI/XL set desc=1373256
18964;01:17:46.064845;Dbg;deqna;8526;deqna.cpp;2095;DEQNA: TX desc_read_words @ 01373256 words=6
18965;01:17:46.064939;Dbg;deqna;8526;deqna.cpp;2108;DEQNA: TX list end (V=0) - XI/XL set desc=1373256
18966;01:17:46.070042;Dbg;deqna;8526;deqna.cpp;2095;DEQNA: TX desc_read_words @ 01373256 words=6
18967;01:17:46.070132;Dbg;deqna;8526;deqna.cpp;2108;DEQNA: TX list end (V=0) - XI/XL set desc=1373256
18968;01:17:46.075228;Dbg;deqna;8526;deqna.cpp;2095;DEQNA: TX desc_read_words @ 01373256 words=6
18969;01:17:46.075313;Dbg;deqna;8526;deqna.cpp;2108;DEQNA: TX list end (V=0) - XI/XL set desc=1373256
18970;01:17:46.080417;Dbg;deqna;8526;deqna.cpp;2095;DEQNA: TX desc_read_words @ 01373256 words=6
18971;01:17:46.080511;Dbg;deqna;8526;deqna.cpp;2108;DEQNA: TX list end (V=0) - XI/XL set desc=1373256
18972;01:17:46.085622;Dbg;deqna;8526;deqna.cpp;2095;DEQNA: TX desc_read_words @ 01373256 words=6
18973;01:17:46.085723;Dbg;deqna;8526;deqna.cpp;2108;DEQNA: TX list end (V=0) - XI/XL set desc=1373256
18974;01:17:46.090829;Dbg;deqna;8526;deqna.cpp;2095;DEQNA: TX desc_read_words @ 01373256 words=6
18975;01:17:46.090932;Dbg;deqna;8526;deqna.cpp;2108;DEQNA: TX list end (V=0) - XI/XL set desc=1373256
18976;01:17:46.096025;Dbg;deqna;8526;deqna.cpp;2095;DEQNA: TX desc_read_words @ 01373256 words=6
18977;01:17:46.096109;Dbg;deqna;8526;deqna.cpp;2108;DEQNA: TX list end (V=0) - XI/XL set desc=1373256
18978;01:17:46.099538;Dbg;deqna;8525;deqna.cpp;1365;DEQNA: Enqueue RX type=2 len=60 status=000000 queue=0
18979;01:17:46.099625;Dbg;deqna;8525;deqna.cpp;1392;DEQNA: ENQ DBG type=2 len=60 data=ffffffffffff6c63 f898f6d908060001 0800060400016c63 f898f6d9c0a801f2 000000000000c0a8 01f2000000000000 0000000000000000 00000000
18980;01:17:46.099637;Dbg;deqna;8525;deqna.cpp;1613;DEQNA: RX desc_read_words @ 01373116 words=4
18981;01:17:46.099800;Dbg;deqna;8525;deqna.cpp;1721;DEQNA: RX deliver type=2 rbl=60 to addr=01547100 blen=2048 desc=1373116
18982;01:17:46.099928;Dbg;deqna;8525;deqna.cpp;1798;DEQNA: RX status type=2 st1=000370 st2=000000 desc=1373126
18983;01:17:46.100009;Dbg;deqna;8525;deqna.cpp;1865;DEQNA: RI set (rx_processed=1 queue=0 rbdl=1373132)
18984;01:17:46.100045;Dbg;deqna;8525;qunibusdevice.cpp;249;update_csr_reg CSR: STA0=177522 STA1=177524 RCLL=177400/172742 RCLH=177422/000005 XMTL=177464/173242 XMTH=177526/000005 VECTOR=000774/000774 CSR=110521/100701
18985;01:17:46.100050;Dbg;deqna;8525;deqna.cpp;643;DEQNA: CSR change prev=010521 now=110521 set=100000 clr=000000
18986;01:17:46.100075;Dbg;deqna;8525;qunibusdevice.cpp;249;update_csr_reg CSR: STA0=177522 STA1=177524 RCLL=177400/172742 RCLH=177422/000005 XMTL=177464/173242 XMTH=177526/000005 VECTOR=000774/000774 CSR=110521/100701
18987;01:17:46.100080;Dbg;deqna;8525;deqna.cpp;586;DEQNA: INTR assert, csr=110521 ie=1
18988;01:17:46.100086;Dbg;deqna;8525;deqna.cpp;724;DEQNA: INTR assert, csr=110521 vec=374 level=5
18989;01:17:46.100199;Dbg;deqna;8526;deqna.cpp;595;DEQNA: INTR deassert, csr=110521 ie=1
18990;01:17:46.100211;Dbg;deqna;8526;deqna.cpp;730;DEQNA: INTR deassert, csr=110521
18991;01:17:46.100263;Dbg;deqna;8519;qunibusdevice.cpp;249;DATO CSR: STA0=177522 STA1=177524 RCLL=177400/172742 RCLH=177422/000005 XMTL=177464/173242 XMTH=177526/000005 VECTOR=000774/000774 CSR=110521/100701
18992;01:17:46.100270;Dbg;deqna;8519;deqna.cpp;1202;DEQNA: Write CSR (reg 7) = 100701 access=0
18993;01:17:46.100298;Dbg;deqna;8519;qunibusdevice.cpp;249;update_csr_reg CSR: STA0=177522 STA1=177524 RCLL=177400/172742 RCLH=177422/000005 XMTL=177464/173242 XMTH=177526/000005 VECTOR=000774/000774 CSR=010521/100701
18994;01:17:46.100302;Dbg;deqna;8519;deqna.cpp;643;DEQNA: CSR change prev=110521 now=010521 set=000501 clr=103216
18995;01:17:46.100309;Dbg;deqna;8519;deqna.cpp;586;DEQNA: INTR assert, csr=010521 ie=1
18996;01:17:46.100314;Dbg;deqna;8519;deqna.cpp;724;DEQNA: INTR assert, csr=010521 vec=374 level=5
18997;01:17:46.101239;Dbg;deqna;8526;deqna.cpp;2095;DEQNA: TX desc_read_words @ 01373256 words=6
18998;01:17:46.101330;Dbg;deqna;8526;deqna.cpp;2108;DEQNA: TX list end (V=0) - XI/XL set desc=1373256
18999;01:17:46.101680;Dbg;deqna;8519;qunibusdevice.cpp;249;DATO CSR: STA0=177522 STA1=177524 RCLL=177400/172742 RCLH=177422/000005 XMTL=177464/173242 XMTH=177526/000005 VECTOR=000774/000774 CSR=010521/100701
19000;01:17:46.101686;Dbg;deqna;8519;deqna.cpp;1202;DEQNA: Write CSR (reg 7) = 100701 access=0
19001;01:17:46.101712;Dbg;deqna;8519;qunibusdevice.cpp;249;update_csr_reg CSR: STA0=177522 STA1=177524 RCLL=177400/172742 RCLH=177422/000005 XMTL=177464/173242 XMTH=177526/000005 VECTOR=000774/000774 CSR=010521/100701
19002;01:17:46.102358;Dbg;deqna;8526;deqna.cpp;595;DEQNA: INTR deassert, csr=010521 ie=1
19003;01:17:46.102368;Dbg;deqna;8526;deqna.cpp;730;DEQNA: INTR deassert, csr=010521
19004;01:17:46.106443;Dbg;deqna;8526;deqna.cpp;2095;DEQNA: TX desc_read_words @ 01373256 words=6
19005;01:17:46.106528;Dbg;deqna;8526;deqna.cpp;2108;DEQNA: TX list end (V=0) - XI/XL set desc=1373256
19006;01:17:46.111629;Dbg;deqna;8526;deqna.cpp;2095;DEQNA: TX desc_read_words @ 01373256 words=6
19007;01:17:46.111726;Dbg;deqna;8526;deqna.cpp;2108;DEQNA: TX list end (V=0) - XI/XL set desc=1373256
19008;01:17:46.116821;Dbg;deqna;8526;deqna.cpp;2095;DEQNA: TX desc_read_words @ 01373256 words=6
19009;01:17:46.116909;Dbg;deqna;8526;deqna.cpp;2108;DEQNA: TX list end (V=0) - XI/XL set desc=1373256
19010;01:17:46.122032;Dbg;deqna;8526;deqna.cpp;2095;DEQNA: TX desc_read_words @ 01373256 words=6
19011;01:17:46.122138;Dbg;deqna;8526;deqna.cpp;2108;DEQNA: TX list end (V=0) - XI/XL set desc=1373256
19012;01:17:46.127246;Dbg;deqna;8526;deqna.cpp;2095;DEQNA: TX desc_read_words @ 01373256 words=6
19013;01:17:46.127333;Dbg;deqna;8526;deqna.cpp;2108;DEQNA: TX list end (V=0) - XI/XL set desc=1373256
19014;01:17:46.132436;Dbg;deqna;8526;deqna.cpp;2095;DEQNA: TX desc_read_words @ 01373256 words=6
19015;01:17:46.132525;Dbg;deqna;8526;deqna.cpp;2108;DEQNA: TX list end (V=0) - XI/XL set desc=1373256
19016;01:17:46.137620;Dbg;deqna;8526;deqna.cpp;2095;DEQNA: TX desc_read_words @ 01373256 words=6
19017;01:17:46.137712;Dbg;deqna;8526;deqna.cpp;2108;DEQNA: TX list end (V=0) - XI/XL set desc=1373256
19018;01:17:46.142815;Dbg;deqna;8526;deqna.cpp;2095;DEQNA: TX desc_read_words @ 01373256 words=6
19019;01:17:46.142917;Dbg;deqna;8526;deqna.cpp;2108;DEQNA: TX list end (V=0) - XI/XL set desc=1373256
19020;01:17:46.148046;Dbg;deqna;8526;deqna.cpp;2095;DEQNA: TX desc_read_words @ 01373256 words=6
19021;01:17:46.148140;Dbg;deqna;8526;deqna.cpp;2108;DEQNA: TX list end (V=0) - XI/XL set desc=1373256
19022;01:17:46.153577;Dbg;deqna;8526;deqna.cpp;2095;DEQNA: TX desc_read_words @ 01373256 words=6
19023;01:17:46.153877;Dbg;deqna;8526;deqna.cpp;2108;DEQNA: TX list end (V=0) - XI/XL set desc=1373256
19024;01:17:46.159185;Dbg;deqna;8526;deqna.cpp;2095;DEQNA: TX desc_read_words @ 01373256 words=6
19025;01:17:46.159435;Dbg;deqna;8526;deqna.cpp;2108;DEQNA: TX list end (V=0) - XI/XL set desc=1373256
19026;01:17:46.164786;Dbg;deqna;8526;deqna.cpp;2095;DEQNA: TX desc_read_words @ 01373256 words=6
19027;01:17:46.165047;Dbg;deqna;8526;deqna.cpp;2108;DEQNA: TX list end (V=0) - XI/XL set desc=1373256
19028;01:17:46.170386;Dbg;deqna;8526;deqna.cpp;2095;DEQNA: TX desc_read_words @ 01373256 words=6
19029;01:17:46.170675;Dbg;deqna;8526;deqna.cpp;2108;DEQNA: TX list end (V=0) - XI/XL set desc=1373256
19030;01:17:46.176715;Dbg;deqna;8526;deqna.cpp;2095;DEQNA: TX desc_read_words @ 01373256 words=6
19031;01:17:46.177140;Dbg;deqna;8526;deqna.cpp;2108;DEQNA: TX list end (V=0) - XI/XL set desc=1373256
19032;01:17:46.182474;Dbg;deqna;8526;deqna.cpp;2095;DEQNA: TX desc_read_words @ 01373256 words=6
19033;01:17:46.182735;Dbg;deqna;8526;deqna.cpp;2108;DEQNA: TX list end (V=0) - XI/XL set desc=1373256
19034;01:17:46.188077;Dbg;deqna;8526;deqna.cpp;2095;DEQNA: TX desc_read_words @ 01373256 words=6
19035;01:17:46.188327;Dbg;deqna;8526;deqna.cpp;2108;DEQNA: TX list end (V=0) - XI/XL set desc=1373256
19036;01:17:46.193623;Dbg;deqna;8526;deqna.cpp;2095;DEQNA: TX desc_read_words @ 01373256 words=6
19037;01:17:46.193858;Dbg;deqna;8526;deqna.cpp;2108;DEQNA: TX list end (V=0) - XI/XL set desc=1373256
19038;01:17:46.199301;Dbg;deqna;8526;deqna.cpp;2095;DEQNA: TX desc_read_words @ 01373256 words=6
19039;01:17:46.199580;Dbg;deqna;8526;deqna.cpp;2108;DEQNA: TX list end (V=0) - XI/XL set desc=1373256
19040;01:17:46.205018;Dbg;deqna;8526;deqna.cpp;2095;DEQNA: TX desc_read_words @ 01373256 words=6
19041;01:17:46.205299;Dbg;deqna;8526;deqna.cpp;2108;DEQNA: TX list end (V=0) - XI/XL set desc=1373256
19042;01:17:46.210638;Dbg;deqna;8526;deqna.cpp;2095;DEQNA: TX desc_read_words @ 01373256 words=6
19043;01:17:46.210876;Dbg;deqna;8526;deqna.cpp;2108;DEQNA: TX list end (V=0) - XI/XL set desc=1373256
19044;01:17:46.216169;Dbg;deqna;8526;deqna.cpp;2095;DEQNA: TX desc_read_words @ 01373256 words=6
19045;01:17:46.216401;Dbg;deqna;8526;deqna.cpp;2108;DEQNA: TX list end (V=0) - XI/XL set desc=1373256
19046;01:17:46.221772;Dbg;deqna;8526;deqna.cpp;2095;DEQNA: TX desc_read_words @ 01373256 words=6
19047;01:17:46.222038;Dbg;deqna;8526;deqna.cpp;2108;DEQNA: TX list end (V=0) - XI/XL set desc=1373256
19048;01:17:46.227494;Dbg;deqna;8526;deqna.cpp;2095;DEQNA: TX desc_read_words @ 01373256 words=6
19049;01:17:46.227767;Dbg;deqna;8526;deqna.cpp;2108;DEQNA: TX list end (V=0) - XI/XL set desc=1373256
19050;01:17:46.233206;Dbg;deqna;8526;deqna.cpp;2095;DEQNA: TX desc_read_words @ 01373256 words=6
19051;01:17:46.233498;Dbg;deqna;8526;deqna.cpp;2108;DEQNA: TX list end (V=0) - XI/XL set desc=1373256
19052;01:17:46.238805;Dbg;deqna;8526;deqna.cpp;2095;DEQNA: TX desc_read_words @ 01373256 words=6
19053;01:17:46.239059;Dbg;deqna;8526;deqna.cpp;2108;DEQNA: TX list end (V=0) - XI/XL set desc=1373256
19054;01:17:46.244402;Dbg;deqna;8526;deqna.cpp;2095;DEQNA: TX desc_read_words @ 01373256 words=6
19055;01:17:46.244673;Dbg;deqna;8526;deqna.cpp;2108;DEQNA: TX list end (V=0) - XI/XL set desc=1373256
19056;01:17:46.249995;Dbg;deqna;8526;deqna.cpp;2095;DEQNA: TX desc_read_words @ 01373256 words=6
19057;01:17:46.250256;Dbg;deqna;8526;deqna.cpp;2108;DEQNA: TX list end (V=0) - XI/XL set desc=1373256
19058;01:17:46.255571;Dbg;deqna;8526;deqna.cpp;2095;DEQNA: TX desc_read_words @ 01373256 words=6
19059;01:17:46.255880;Dbg;deqna;8526;deqna.cpp;2108;DEQNA: TX list end (V=0) - XI/XL set desc=1373256
19060;01:17:46.259864;Dbg;deqna;8525;deqna.cpp;1365;DEQNA: Enqueue RX type=2 len=60 status=000000 queue=0
19061;01:17:46.260133;Dbg;deqna;8525;deqna.cpp;1392;DEQNA: ENQ DBG type=2 len=60 data=ffffffffffff90dd 5d94cc6208060001 08000604000190dd 5d94cc62c0a8017b 000000000000c0a8 01df000000000000 0000000000000000 00000000
19062;01:17:46.260204;Dbg;deqna;8525;deqna.cpp;1613;DEQNA: RX desc_read_words @ 01373132 words=4
19063;01:17:46.260682;Dbg;deqna;8525;deqna.cpp;1721;DEQNA: RX deliver type=2 rbl=60 to addr=01553100 blen=2048 desc=1373132
19064;01:17:46.260980;Dbg;deqna;8525;deqna.cpp;1798;DEQNA: RX status type=2 st1=000370 st2=000000 desc=1373142
19065;01:17:46.261215;Dbg;deqna;8525;deqna.cpp;1865;DEQNA: RI set (rx_processed=1 queue=0 rbdl=1373146)
19066;01:17:46.261352;Dbg;deqna;8525;qunibusdevice.cpp;249;update_csr_reg CSR: STA0=177522 STA1=177524 RCLL=177400/172742 RCLH=177422/000005 XMTL=177464/173242 XMTH=177526/000005 VECTOR=000774/000774 CSR=110521/100701
19067;01:17:46.261369;Dbg;deqna;8525;deqna.cpp;643;DEQNA: CSR change prev=010521 now=110521 set=100000 clr=000000
19068;01:17:46.261453;Dbg;deqna;8525;qunibusdevice.cpp;249;update_csr_reg CSR: STA0=177522 STA1=177524 RCLL=177400/172742 RCLH=177422/000005 XMTL=177464/173242 XMTH=177526/000005 VECTOR=000774/000774 CSR=110521/100701
19069;01:17:46.261469;Dbg;deqna;8525;deqna.cpp;586;DEQNA: INTR assert, csr=110521 ie=1
19070;01:17:46.261488;Dbg;deqna;8525;deqna.cpp;724;DEQNA: INTR assert, csr=110521 vec=374 level=5
19071;01:17:46.261592;Dbg;deqna;8526;deqna.cpp;2095;DEQNA: TX desc_read_words @ 01373256 words=6
19072;01:17:46.261808;Dbg;deqna;8519;qunibusdevice.cpp;249;DATO CSR: STA0=177522 STA1=177524 RCLL=177400/172742 RCLH=177422/000005 XMTL=177464/173242 XMTH=177526/000005 VECTOR=000774/000774 CSR=110521/100701
19073;01:17:46.261830;Dbg;deqna;8519;deqna.cpp;1202;DEQNA: Write CSR (reg 7) = 100701 access=0
19074;01:17:46.261919;Dbg;deqna;8519;qunibusdevice.cpp;249;update_csr_reg CSR: STA0=177522 STA1=177524 RCLL=177400/172742 RCLH=177422/000005 XMTL=177464/173242 XMTH=177526/000005 VECTOR=000774/000774 CSR=010521/100701
19075;01:17:46.261932;Dbg;deqna;8519;deqna.cpp;643;DEQNA: CSR change prev=110521 now=010521 set=000501 clr=103216
19076;01:17:46.261955;Dbg;deqna;8519;deqna.cpp;595;DEQNA: INTR deassert, csr=010521 ie=1
19077;01:17:46.261972;Dbg;deqna;8519;deqna.cpp;730;DEQNA: INTR deassert, csr=010521
19078;01:17:46.262212;Dbg;deqna;8526;deqna.cpp;2108;DEQNA: TX list end (V=0) - XI/XL set desc=1373256
19079;01:17:46.262619;Dbg;deqna;8525;deqna.cpp;595;DEQNA: INTR deassert, csr=010521 ie=1
19080;01:17:46.267547;Dbg;deqna;8526;deqna.cpp;2095;DEQNA: TX desc_read_words @ 01373256 words=6
19081;01:17:46.267808;Dbg;deqna;8526;deqna.cpp;2108;DEQNA: TX list end (V=0) - XI/XL set desc=1373256
19082;01:17:46.273117;Dbg;deqna;8526;deqna.cpp;2095;DEQNA: TX desc_read_words @ 01373256 words=6
19083;01:17:46.273431;Dbg;deqna;8526;deqna.cpp;2108;DEQNA: TX list end (V=0) - XI/XL set desc=1373256
19084;01:17:46.278768;Dbg;deqna;8526;deqna.cpp;2095;DEQNA: TX desc_read_words @ 01373256 words=6
19085;01:17:46.279054;Dbg;deqna;8526;deqna.cpp;2108;DEQNA: TX list end (V=0) - XI/XL set desc=1373256
19086;01:17:46.284386;Dbg;deqna;8526;deqna.cpp;2095;DEQNA: TX desc_read_words @ 01373256 words=6
19087;01:17:46.284628;Dbg;deqna;8526;deqna.cpp;2108;DEQNA: TX list end (V=0) - XI/XL set desc=1373256
19088;01:17:46.290011;Dbg;deqna;8526;deqna.cpp;2095;DEQNA: TX desc_read_words @ 01373256 words=6
19089;01:17:46.290292;Dbg;deqna;8526;deqna.cpp;2108;DEQNA: TX list end (V=0) - XI/XL set desc=1373256
19090;01:17:46.295691;Dbg;deqna;8526;deqna.cpp;2095;DEQNA: TX desc_read_words @ 01373256 words=6
19091;01:17:46.295955;Dbg;deqna;8526;deqna.cpp;2108;DEQNA: TX list end (V=0) - XI/XL set desc=1373256
19092;01:17:46.301422;Dbg;deqna;8526;deqna.cpp;2095;DEQNA: TX desc_read_words @ 01373256 words=6
19093;01:17:46.301715;Dbg;deqna;8526;deqna.cpp;2108;DEQNA: TX list end (V=0) - XI/XL set desc=1373256
19094;01:17:46.307009;Dbg;deqna;8526;deqna.cpp;2095;DEQNA: TX desc_read_words @ 01373256 words=6
19095;01:17:46.307244;Dbg;deqna;8526;deqna.cpp;2108;DEQNA: TX list end (V=0) - XI/XL set desc=1373256
19096;01:17:46.312596;Dbg;deqna;8526;deqna.cpp;2095;DEQNA: TX desc_read_words @ 01373256 words=6
19097;01:17:46.312866;Dbg;deqna;8526;deqna.cpp;2108;DEQNA: TX list end (V=0) - XI/XL set desc=1373256
19098;01:17:46.318187;Dbg;deqna;8526;deqna.cpp;2095;DEQNA: TX desc_read_words @ 01373256 words=6
19099;01:17:46.318501;Dbg;deqna;8526;deqna.cpp;2108;DEQNA: TX list end (V=0) - XI/XL set desc=1373256
19100;01:17:46.323973;Dbg;deqna;8526;deqna.cpp;2095;DEQNA: TX desc_read_words @ 01373256 words=6
19101;01:17:46.324274;Dbg;deqna;8526;deqna.cpp;2108;DEQNA: TX list end (V=0) - XI/XL set desc=1373256
19102;01:17:46.329763;Dbg;deqna;8526;deqna.cpp;2095;DEQNA: TX desc_read_words @ 01373256 words=6
19103;01:17:46.330094;Dbg;deqna;8526;deqna.cpp;2108;DEQNA: TX list end (V=0) - XI/XL set desc=1373256
19104;01:17:46.335395;Dbg;deqna;8526;deqna.cpp;2095;DEQNA: TX desc_read_words @ 01373256 words=6
19105;01:17:46.335641;Dbg;deqna;8526;deqna.cpp;2108;DEQNA: TX list end (V=0) - XI/XL set desc=1373256
19106;01:17:46.340961;Dbg;deqna;8526;deqna.cpp;2095;DEQNA: TX desc_read_words @ 01373256 words=6
19107;01:17:46.341236;Dbg;deqna;8526;deqna.cpp;2108;DEQNA: TX list end (V=0) - XI/XL set desc=1373256
19108;01:17:46.346569;Dbg;deqna;8526;deqna.cpp;2095;DEQNA: TX desc_read_words @ 01373256 words=6
19109;01:17:46.346839;Dbg;deqna;8526;deqna.cpp;2108;DEQNA: TX list end (V=0) - XI/XL set desc=1373256
19110;01:17:46.352281;Dbg;deqna;8526;deqna.cpp;2095;DEQNA: TX desc_read_words @ 01373256 words=6
19111;01:17:46.352547;Dbg;deqna;8526;deqna.cpp;2108;DEQNA: TX list end (V=0) - XI/XL set desc=1373256
19112;01:17:46.357956;Dbg;deqna;8526;deqna.cpp;2095;DEQNA: TX desc_read_words @ 01373256 words=6
19113;01:17:46.358238;Dbg;deqna;8526;deqna.cpp;2108;DEQNA: TX list end (V=0) - XI/XL set desc=1373256
19114;01:17:46.363569;Dbg;deqna;8526;deqna.cpp;2095;DEQNA: TX desc_read_words @ 01373256 words=6
19115;01:17:46.363811;Dbg;deqna;8526;deqna.cpp;2108;DEQNA: TX list end (V=0) - XI/XL set desc=1373256
19116;01:17:46.369139;Dbg;deqna;8526;deqna.cpp;2095;DEQNA: TX desc_read_words @ 01373256 words=6
19117;01:17:46.369398;Dbg;deqna;8526;deqna.cpp;2108;DEQNA: TX list end (V=0) - XI/XL set desc=1373256
19118;01:17:46.374693;Dbg;deqna;8526;deqna.cpp;2095;DEQNA: TX desc_read_words @ 01373256 words=6
19119;01:17:46.374960;Dbg;deqna;8526;deqna.cpp;2108;DEQNA: TX list end (V=0) - XI/XL set desc=1373256
19120;01:17:46.380403;Dbg;deqna;8526;deqna.cpp;2095;DEQNA: TX desc_read_words @ 01373256 words=6
19121;01:17:46.380675;Dbg;deqna;8526;deqna.cpp;2108;DEQNA: TX list end (V=0) - XI/XL set desc=1373256
19122;01:17:46.386146;Dbg;deqna;8526;deqna.cpp;2095;DEQNA: TX desc_read_words @ 01373256 words=6
19123;01:17:46.386448;Dbg;deqna;8526;deqna.cpp;2108;DEQNA: TX list end (V=0) - XI/XL set desc=1373256
19124;01:17:46.391826;Dbg;deqna;8526;deqna.cpp;2095;DEQNA: TX desc_read_words @ 01373256 words=6
19125;01:17:46.392066;Dbg;deqna;8526;deqna.cpp;2108;DEQNA: TX list end (V=0) - XI/XL set desc=1373256
19126;01:17:46.397363;Dbg;deqna;8526;deqna.cpp;2095;DEQNA: TX desc_read_words @ 01373256 words=6
19127;01:17:46.397627;Dbg;deqna;8526;deqna.cpp;2108;DEQNA: TX list end (V=0) - XI/XL set desc=1373256
19128;01:17:46.402961;Dbg;deqna;8526;deqna.cpp;2095;DEQNA: TX desc_read_words @ 01373256 words=6
19129;01:17:46.403233;Dbg;deqna;8526;deqna.cpp;2108;DEQNA: TX list end (V=0) - XI/XL set desc=1373256
19130;01:17:46.408697;Dbg;deqna;8526;deqna.cpp;2095;DEQNA: TX desc_read_words @ 01373256 words=6
19131;01:17:46.409001;Dbg;deqna;8526;deqna.cpp;2108;DEQNA: TX list end (V=0) - XI/XL set desc=1373256
19132;01:17:46.414411;Dbg;deqna;8526;deqna.cpp;2095;DEQNA: TX desc_read_words @ 01373256 words=6
19133;01:17:46.414698;Dbg;deqna;8526;deqna.cpp;2108;DEQNA: TX list end (V=0) - XI/XL set desc=1373256
19134;01:17:46.420042;Dbg;deqna;8526;deqna.cpp;2095;DEQNA: TX desc_read_words @ 01373256 words=6
19135;01:17:46.420317;Dbg;deqna;8526;deqna.cpp;2108;DEQNA: TX list end (V=0) - XI/XL set desc=1373256
19136;01:17:46.425636;Dbg;deqna;8526;deqna.cpp;2095;DEQNA: TX desc_read_words @ 01373256 words=6
19137;01:17:46.425913;Dbg;deqna;8526;deqna.cpp;2108;DEQNA: TX list end (V=0) - XI/XL set desc=1373256
19138;01:17:46.431263;Dbg;deqna;8526;deqna.cpp;2095;DEQNA: TX desc_read_words @ 01373256 words=6
19139;01:17:46.431637;Dbg;deqna;8526;deqna.cpp;2108;DEQNA: TX list end (V=0) - XI/XL set desc=1373256
19140;01:17:46.436931;Dbg;deqna;8526;deqna.cpp;2095;DEQNA: TX desc_read_words @ 01373256 words=6
19141;01:17:46.437181;Dbg;deqna;8526;deqna.cpp;2108;DEQNA: TX list end (V=0) - XI/XL set desc=1373256
19142;01:17:46.439844;Dbg;deqna;8525;deqna.cpp;1365;DEQNA: Enqueue RX type=2 len=60 status=000000 queue=0
19143;01:17:46.440109;Dbg;deqna;8525;deqna.cpp;1392;DEQNA: ENQ DBG type=2 len=60 data=ffffffffffff2870 4e38d94008060001 0800060400012870 4e38d940c0a80101 000000000000c0a8 01d4000000000000 0000000000000000 00000000
19144;01:17:46.440144;Dbg;deqna;8525;deqna.cpp;1613;DEQNA: RX desc_read_words @ 01373146 words=4
19145;01:17:46.440605;Dbg;deqna;8525;deqna.cpp;1721;DEQNA: RX deliver type=2 rbl=60 to addr=01557100 blen=2048 desc=1373146
19146;01:17:46.440972;Dbg;deqna;8525;deqna.cpp;1798;DEQNA: RX status type=2 st1=000370 st2=000000 desc=1373156
19147;01:17:46.441209;Dbg;deqna;8525;deqna.cpp;1865;DEQNA: RI set (rx_processed=1 queue=0 rbdl=1373162)
19148;01:17:46.441316;Dbg;deqna;8525;qunibusdevice.cpp;249;update_csr_reg CSR: STA0=177522 STA1=177524 RCLL=177400/172742 RCLH=177422/000005 XMTL=177464/173242 XMTH=177526/000005 VECTOR=000774/000774 CSR=110521/100701
19149;01:17:46.441333;Dbg;deqna;8525;deqna.cpp;643;DEQNA: CSR change prev=010521 now=110521 set=100000 clr=000000
19150;01:17:46.441412;Dbg;deqna;8525;qunibusdevice.cpp;249;update_csr_reg CSR: STA0=177522 STA1=177524 RCLL=177400/172742 RCLH=177422/000005 XMTL=177464/173242 XMTH=177526/000005 VECTOR=000774/000774 CSR=110521/100701
19151;01:17:46.441426;Dbg;deqna;8525;deqna.cpp;586;DEQNA: INTR assert, csr=110521 ie=1
19152;01:17:46.441442;Dbg;deqna;8525;deqna.cpp;724;DEQNA: INTR assert, csr=110521 vec=374 level=5
19153;01:17:46.441661;Dbg;deqna;8519;qunibusdevice.cpp;249;DATO CSR: STA0=177522 STA1=177524 RCLL=177400/172742 RCLH=177422/000005 XMTL=177464/173242 XMTH=177526/000005 VECTOR=000774/000774 CSR=110521/100701
19154;01:17:46.441682;Dbg;deqna;8519;deqna.cpp;1202;DEQNA: Write CSR (reg 7) = 100701 access=0
19155;01:17:46.441768;Dbg;deqna;8519;qunibusdevice.cpp;249;update_csr_reg CSR: STA0=177522 STA1=177524 RCLL=177400/172742 RCLH=177422/000005 XMTL=177464/173242 XMTH=177526/000005 VECTOR=000774/000774 CSR=010521/100701
19156;01:17:46.441780;Dbg;deqna;8519;deqna.cpp;643;DEQNA: CSR change prev=110521 now=010521 set=000501 clr=103216
19157;01:17:46.441805;Dbg;deqna;8519;deqna.cpp;595;DEQNA: INTR deassert, csr=010521 ie=1
19158;01:17:46.441822;Dbg;deqna;8519;deqna.cpp;730;DEQNA: INTR deassert, csr=010521
19159;01:17:46.441985;Dbg;deqna;8526;deqna.cpp;595;DEQNA: INTR deassert, csr=010521 ie=1
19160;01:17:46.443106;Dbg;deqna;8526;deqna.cpp;2095;DEQNA: TX desc_read_words @ 01373256 words=6
19161;01:17:46.443378;Dbg;deqna;8526;deqna.cpp;2108;DEQNA: TX list end (V=0) - XI/XL set desc=1373256
19162;01:17:46.448717;Dbg;deqna;8526;deqna.cpp;2095;DEQNA: TX desc_read_words @ 01373256 words=6
19163;01:17:46.448997;Dbg;deqna;8526;deqna.cpp;2108;DEQNA: TX list end (V=0) - XI/XL set desc=1373256
19164;01:17:46.454278;Dbg;deqna;8526;deqna.cpp;2095;DEQNA: TX desc_read_words @ 01373256 words=6
19165;01:17:46.454503;Dbg;deqna;8526;deqna.cpp;2108;DEQNA: TX list end (V=0) - XI/XL set desc=1373256
19166;01:17:46.459724;Dbg;deqna;8526;deqna.cpp;2095;DEQNA: TX desc_read_words @ 01373256 words=6
19167;01:17:46.459894;Dbg;deqna;8526;deqna.cpp;2108;DEQNA: TX list end (V=0) - XI/XL set desc=1373256
19168;01:17:46.465053;Dbg;deqna;8526;deqna.cpp;2095;DEQNA: TX desc_read_words @ 01373256 words=6
19169;01:17:46.465208;Dbg;deqna;8526;deqna.cpp;2108;DEQNA: TX list end (V=0) - XI/XL set desc=1373256
19170;01:17:46.470371;Dbg;deqna;8526;deqna.cpp;2095;DEQNA: TX desc_read_words @ 01373256 words=6
19171;01:17:46.470527;Dbg;deqna;8526;deqna.cpp;2108;DEQNA: TX list end (V=0) - XI/XL set desc=1373256
19172;01:17:46.475704;Dbg;deqna;8526;deqna.cpp;2095;DEQNA: TX desc_read_words @ 01373256 words=6
19173;01:17:46.475852;Dbg;deqna;8526;deqna.cpp;2108;DEQNA: TX list end (V=0) - XI/XL set desc=1373256
19174;01:17:46.481019;Dbg;deqna;8526;deqna.cpp;2095;DEQNA: TX desc_read_words @ 01373256 words=6
19175;01:17:46.481159;Dbg;deqna;8526;deqna.cpp;2108;DEQNA: TX list end (V=0) - XI/XL set desc=1373256
19176;01:17:46.486326;Dbg;deqna;8526;deqna.cpp;2095;DEQNA: TX desc_read_words @ 01373256 words=6
19177;01:17:46.486472;Dbg;deqna;8526;deqna.cpp;2108;DEQNA: TX list end (V=0) - XI/XL set desc=1373256
19178;01:17:46.491638;Dbg;deqna;8526;deqna.cpp;2095;DEQNA: TX desc_read_words @ 01373256 words=6
19179;01:17:46.491800;Dbg;deqna;8526;deqna.cpp;2108;DEQNA: TX list end (V=0) - XI/XL set desc=1373256
19180;01:17:46.497012;Dbg;deqna;8526;deqna.cpp;2095;DEQNA: TX desc_read_words @ 01373256 words=6
19181;01:17:46.497157;Dbg;deqna;8526;deqna.cpp;2108;DEQNA: TX list end (V=0) - XI/XL set desc=1373256
19182;01:17:46.499152;Dbg;deqna;8525;deqna.cpp;1365;DEQNA: Enqueue RX type=2 len=60 status=000000 queue=0
19183;01:17:46.499314;Dbg;deqna;8525;deqna.cpp;1392;DEQNA: ENQ DBG type=2 len=60 data=ffffffffffff6462 6622847608060001 0800060400016462 66228476c0a80109 000000000000c0a8 010d000000000000 0000000000000000 00000000
19184;01:17:46.499333;Dbg;deqna;8525;deqna.cpp;1613;DEQNA: RX desc_read_words @ 01373162 words=4
19185;01:17:46.499618;Dbg;deqna;8525;deqna.cpp;1721;DEQNA: RX deliver type=2 rbl=60 to addr=01563100 blen=2048 desc=1373162
19186;01:17:46.499786;Dbg;deqna;8525;deqna.cpp;1798;DEQNA: RX status type=2 st1=000370 st2=000000 desc=1373172
19187;01:17:46.499909;Dbg;deqna;8525;deqna.cpp;1865;DEQNA: RI set (rx_processed=1 queue=0 rbdl=1373176)
19188;01:17:46.499964;Dbg;deqna;8525;qunibusdevice.cpp;249;update_csr_reg CSR: STA0=177522 STA1=177524 RCLL=177400/172742 RCLH=177422/000005 XMTL=177464/173242 XMTH=177526/000005 VECTOR=000774/000774 CSR=110521/100701
19189;01:17:46.499974;Dbg;deqna;8525;deqna.cpp;643;DEQNA: CSR change prev=010521 now=110521 set=100000 clr=000000
19190;01:17:46.500014;Dbg;deqna;8525;qunibusdevice.cpp;249;update_csr_reg CSR: STA0=177522 STA1=177524 RCLL=177400/172742 RCLH=177422/000005 XMTL=177464/173242 XMTH=177526/000005 VECTOR=000774/000774 CSR=110521/100701
19191;01:17:46.500021;Dbg;deqna;8525;deqna.cpp;586;DEQNA: INTR assert, csr=110521 ie=1
19192;01:17:46.500030;Dbg;deqna;8525;deqna.cpp;724;DEQNA: INTR assert, csr=110521 vec=374 level=5
19193;01:17:46.500206;Dbg;deqna;8519;qunibusdevice.cpp;249;DATO CSR: STA0=177522 STA1=177524 RCLL=177400/172742 RCLH=177422/000005 XMTL=177464/173242 XMTH=177526/000005 VECTOR=000774/000774 CSR=110521/100701
19194;01:17:46.500217;Dbg;deqna;8519;deqna.cpp;1202;DEQNA: Write CSR (reg 7) = 100701 access=0
19195;01:17:46.500263;Dbg;deqna;8519;qunibusdevice.cpp;249;update_csr_reg CSR: STA0=177522 STA1=177524 RCLL=177400/172742 RCLH=177422/000005 XMTL=177464/173242 XMTH=177526/000005 VECTOR=000774/000774 CSR=010521/100701
19196;01:17:46.500269;Dbg;deqna;8519;deqna.cpp;643;DEQNA: CSR change prev=110521 now=010521 set=000501 clr=103216
19197;01:17:46.500281;Dbg;deqna;8519;deqna.cpp;595;DEQNA: INTR deassert, csr=010521 ie=1
19198;01:17:46.500290;Dbg;deqna;8519;deqna.cpp;730;DEQNA: INTR deassert, csr=010521
19199;01:17:46.500434;Dbg;deqna;8526;deqna.cpp;595;DEQNA: INTR deassert, csr=010521 ie=1
19200;01:17:46.502517;Dbg;deqna;8526;deqna.cpp;2095;DEQNA: TX desc_read_words @ 01373256 words=6
19201;01:17:46.502662;Dbg;deqna;8526;deqna.cpp;2108;DEQNA: TX list end (V=0) - XI/XL set desc=1373256
19202;01:17:46.507813;Dbg;deqna;8526;deqna.cpp;2095;DEQNA: TX desc_read_words @ 01373256 words=6
19203;01:17:46.507963;Dbg;deqna;8526;deqna.cpp;2108;DEQNA: TX list end (V=0) - XI/XL set desc=1373256
19204;01:17:46.513122;Dbg;deqna;8526;deqna.cpp;2095;DEQNA: TX desc_read_words @ 01373256 words=6
19205;01:17:46.513267;Dbg;deqna;8526;deqna.cpp;2108;DEQNA: TX list end (V=0) - XI/XL set desc=1373256
19206;01:17:46.518417;Dbg;deqna;8526;deqna.cpp;2095;DEQNA: TX desc_read_words @ 01373256 words=6
19207;01:17:46.518561;Dbg;deqna;8526;deqna.cpp;2108;DEQNA: TX list end (V=0) - XI/XL set desc=1373256
19208;01:17:46.523746;Dbg;deqna;8526;deqna.cpp;2095;DEQNA: TX desc_read_words @ 01373256 words=6
19209;01:17:46.523944;Dbg;deqna;8526;deqna.cpp;2108;DEQNA: TX list end (V=0) - XI/XL set desc=1373256
19210;01:17:46.529116;Dbg;deqna;8526;deqna.cpp;2095;DEQNA: TX desc_read_words @ 01373256 words=6
19211;01:17:46.529253;Dbg;deqna;8526;deqna.cpp;2108;DEQNA: TX list end (V=0) - XI/XL set desc=1373256
19212;01:17:46.534410;Dbg;deqna;8526;deqna.cpp;2095;DEQNA: TX desc_read_words @ 01373256 words=6
19213;01:17:46.534549;Dbg;deqna;8526;deqna.cpp;2108;DEQNA: TX list end (V=0) - XI/XL set desc=1373256
19214;01:17:46.539708;Dbg;deqna;8526;deqna.cpp;2095;DEQNA: TX desc_read_words @ 01373256 words=6
19215;01:17:46.539840;Dbg;deqna;8526;deqna.cpp;2108;DEQNA: TX list end (V=0) - XI/XL set desc=1373256
19216;01:17:46.545010;Dbg;deqna;8526;deqna.cpp;2095;DEQNA: TX desc_read_words @ 01373256 words=6
19217;01:17:46.545143;Dbg;deqna;8526;deqna.cpp;2108;DEQNA: TX list end (V=0) - XI/XL set desc=1373256
19218;01:17:46.550306;Dbg;deqna;8526;deqna.cpp;2095;DEQNA: TX desc_read_words @ 01373256 words=6
19219;01:17:46.550432;Dbg;deqna;8526;deqna.cpp;2108;DEQNA: TX list end (V=0) - XI/XL set desc=1373256
19220;01:17:46.555590;Dbg;deqna;8526;deqna.cpp;2095;DEQNA: TX desc_read_words @ 01373256 words=6
19221;01:17:46.555719;Dbg;deqna;8526;deqna.cpp;2108;DEQNA: TX list end (V=0) - XI/XL set desc=1373256
19222;01:17:46.560881;Dbg;deqna;8526;deqna.cpp;2095;DEQNA: TX desc_read_words @ 01373256 words=6
19223;01:17:46.561043;Dbg;deqna;8526;deqna.cpp;2108;DEQNA: TX list end (V=0) - XI/XL set desc=1373256
19224;01:17:46.566207;Dbg;deqna;8526;deqna.cpp;2095;DEQNA: TX desc_read_words @ 01373256 words=6
19225;01:17:46.566339;Dbg;deqna;8526;deqna.cpp;2108;DEQNA: TX list end (V=0) - XI/XL set desc=1373256
19226;01:17:46.571501;Dbg;deqna;8526;deqna.cpp;2095;DEQNA: TX desc_read_words @ 01373256 words=6
19227;01:17:46.571628;Dbg;deqna;8526;deqna.cpp;2108;DEQNA: TX list end (V=0) - XI/XL set desc=1373256
19228;01:17:46.576781;Dbg;deqna;8526;deqna.cpp;2095;DEQNA: TX desc_read_words @ 01373256 words=6
19229;01:17:46.576912;Dbg;deqna;8526;deqna.cpp;2108;DEQNA: TX list end (V=0) - XI/XL set desc=1373256
19230;01:17:46.582090;Dbg;deqna;8526;deqna.cpp;2095;DEQNA: TX desc_read_words @ 01373256 words=6
19231;01:17:46.582228;Dbg;deqna;8526;deqna.cpp;2108;DEQNA: TX list end (V=0) - XI/XL set desc=1373256
19232;01:17:46.587402;Dbg;deqna;8526;deqna.cpp;2095;DEQNA: TX desc_read_words @ 01373256 words=6
19233;01:17:46.587536;Dbg;deqna;8526;deqna.cpp;2108;DEQNA: TX list end (V=0) - XI/XL set desc=1373256
19234;01:17:46.592695;Dbg;deqna;8526;deqna.cpp;2095;DEQNA: TX desc_read_words @ 01373256 words=6
19235;01:17:46.592822;Dbg;deqna;8526;deqna.cpp;2108;DEQNA: TX list end (V=0) - XI/XL set desc=1373256
19236;01:17:46.597975;Dbg;deqna;8526;deqna.cpp;2095;DEQNA: TX desc_read_words @ 01373256 words=6
19237;01:17:46.598149;Dbg;deqna;8526;deqna.cpp;2108;DEQNA: TX list end (V=0) - XI/XL set desc=1373256
19238;01:17:46.603315;Dbg;deqna;8526;deqna.cpp;2095;DEQNA: TX desc_read_words @ 01373256 words=6
19239;01:17:46.603446;Dbg;deqna;8526;deqna.cpp;2108;DEQNA: TX list end (V=0) - XI/XL set desc=1373256
19240;01:17:46.608635;Dbg;deqna;8526;deqna.cpp;2095;DEQNA: TX desc_read_words @ 01373256 words=6
19241;01:17:46.608771;Dbg;deqna;8526;deqna.cpp;2108;DEQNA: TX list end (V=0) - XI/XL set desc=1373256
19242;01:17:46.613922;Dbg;deqna;8526;deqna.cpp;2095;DEQNA: TX desc_read_words @ 01373256 words=6
19243;01:17:46.614049;Dbg;deqna;8526;deqna.cpp;2108;DEQNA: TX list end (V=0) - XI/XL set desc=1373256
19244;01:17:46.619226;Dbg;deqna;8526;deqna.cpp;2095;DEQNA: TX desc_read_words @ 01373256 words=6
19245;01:17:46.619379;Dbg;deqna;8526;deqna.cpp;2108;DEQNA: TX list end (V=0) - XI/XL set desc=1373256
19246;01:17:46.624551;Dbg;deqna;8526;deqna.cpp;2095;DEQNA: TX desc_read_words @ 01373256 words=6
19247;01:17:46.624692;Dbg;deqna;8526;deqna.cpp;2108;DEQNA: TX list end (V=0) - XI/XL set desc=1373256
19248;01:17:46.629886;Dbg;deqna;8526;deqna.cpp;2095;DEQNA: TX desc_read_words @ 01373256 words=6
19249;01:17:46.630025;Dbg;deqna;8526;deqna.cpp;2108;DEQNA: TX list end (V=0) - XI/XL set desc=1373256
19250;01:17:46.635178;Dbg;deqna;8526;deqna.cpp;2095;DEQNA: TX desc_read_words @ 01373256 words=6
19251;01:17:46.635342;Dbg;deqna;8526;deqna.cpp;2108;DEQNA: TX list end (V=0) - XI/XL set desc=1373256
19252;01:17:46.640505;Dbg;deqna;8526;deqna.cpp;2095;DEQNA: TX desc_read_words @ 01373256 words=6
19253;01:17:46.640640;Dbg;deqna;8526;deqna.cpp;2108;DEQNA: TX list end (V=0) - XI/XL set desc=1373256
19254;01:17:46.645809;Dbg;deqna;8526;deqna.cpp;2095;DEQNA: TX desc_read_words @ 01373256 words=6
19255;01:17:46.645935;Dbg;deqna;8526;deqna.cpp;2108;DEQNA: TX list end (V=0) - XI/XL set desc=1373256
19256;01:17:46.651106;Dbg;deqna;8526;deqna.cpp;2095;DEQNA: TX desc_read_words @ 01373256 words=6
19257;01:17:46.651238;Dbg;deqna;8526;deqna.cpp;2108;DEQNA: TX list end (V=0) - XI/XL set desc=1373256
19258;01:17:46.656389;Dbg;deqna;8526;deqna.cpp;2095;DEQNA: TX desc_read_words @ 01373256 words=6
19259;01:17:46.656515;Dbg;deqna;8526;deqna.cpp;2108;DEQNA: TX list end (V=0) - XI/XL set desc=1373256
19260;01:17:46.661688;Dbg;deqna;8526;deqna.cpp;2095;DEQNA: TX desc_read_words @ 01373256 words=6
19261;01:17:46.661822;Dbg;deqna;8526;deqna.cpp;2108;DEQNA: TX list end (V=0) - XI/XL set desc=1373256
19262;01:17:46.666992;Dbg;deqna;8526;deqna.cpp;2095;DEQNA: TX desc_read_words @ 01373256 words=6
19263;01:17:46.667121;Dbg;deqna;8526;deqna.cpp;2108;DEQNA: TX list end (V=0) - XI/XL set desc=1373256
19264;01:17:46.672292;Dbg;deqna;8526;deqna.cpp;2095;DEQNA: TX desc_read_words @ 01373256 words=6
19265;01:17:46.672463;Dbg;deqna;8526;deqna.cpp;2108;DEQNA: TX list end (V=0) - XI/XL set desc=1373256
19266;01:17:46.677617;Dbg;deqna;8526;deqna.cpp;2095;DEQNA: TX desc_read_words @ 01373256 words=6
19267;01:17:46.677748;Dbg;deqna;8526;deqna.cpp;2108;DEQNA: TX list end (V=0) - XI/XL set desc=1373256
19268;01:17:46.682925;Dbg;deqna;8526;deqna.cpp;2095;DEQNA: TX desc_read_words @ 01373256 words=6
19269;01:17:46.683061;Dbg;deqna;8526;deqna.cpp;2108;DEQNA: TX list end (V=0) - XI/XL set desc=1373256
19270;01:17:46.688231;Dbg;deqna;8526;deqna.cpp;2095;DEQNA: TX desc_read_words @ 01373256 words=6
19271;01:17:46.688358;Dbg;deqna;8526;deqna.cpp;2108;DEQNA: TX list end (V=0) - XI/XL set desc=1373256
19272;01:17:46.693517;Dbg;deqna;8526;deqna.cpp;2095;DEQNA: TX desc_read_words @ 01373256 words=6
19273;01:17:46.693649;Dbg;deqna;8526;deqna.cpp;2108;DEQNA: TX list end (V=0) - XI/XL set desc=1373256
19274;01:17:46.698802;Dbg;deqna;8526;deqna.cpp;2095;DEQNA: TX desc_read_words @ 01373256 words=6
19275;01:17:46.698931;Dbg;deqna;8526;deqna.cpp;2108;DEQNA: TX list end (V=0) - XI/XL set desc=1373256
19276;01:17:46.704088;Dbg;deqna;8526;deqna.cpp;2095;DEQNA: TX desc_read_words @ 01373256 words=6
19277;01:17:46.704218;Dbg;deqna;8526;deqna.cpp;2108;DEQNA: TX list end (V=0) - XI/XL set desc=1373256
19278;01:17:46.709370;Dbg;deqna;8526;deqna.cpp;2095;DEQNA: TX desc_read_words @ 01373256 words=6
19279;01:17:46.709501;Dbg;deqna;8526;deqna.cpp;2108;DEQNA: TX list end (V=0) - XI/XL set desc=1373256
19280;01:17:46.714665;Dbg;deqna;8526;deqna.cpp;2095;DEQNA: TX desc_read_words @ 01373256 words=6
19281;01:17:46.714823;Dbg;deqna;8526;deqna.cpp;2108;DEQNA: TX list end (V=0) - XI/XL set desc=1373256
19282;01:17:46.720052;Dbg;deqna;8526;deqna.cpp;2095;DEQNA: TX desc_read_words @ 01373256 words=6
19283;01:17:46.720217;Dbg;deqna;8526;deqna.cpp;2108;DEQNA: TX list end (V=0) - XI/XL set desc=1373256
19284;01:17:46.725387;Dbg;deqna;8526;deqna.cpp;2095;DEQNA: TX desc_read_words @ 01373256 words=6
19285;01:17:46.725525;Dbg;deqna;8526;deqna.cpp;2108;DEQNA: TX list end (V=0) - XI/XL set desc=1373256
19286;01:17:46.730695;Dbg;deqna;8526;deqna.cpp;2095;DEQNA: TX desc_read_words @ 01373256 words=6
19287;01:17:46.730825;Dbg;deqna;8526;deqna.cpp;2108;DEQNA: TX list end (V=0) - XI/XL set desc=1373256
19288;01:17:46.735988;Dbg;deqna;8526;deqna.cpp;2095;DEQNA: TX desc_read_words @ 01373256 words=6
19289;01:17:46.736123;Dbg;deqna;8526;deqna.cpp;2108;DEQNA: TX list end (V=0) - XI/XL set desc=1373256
19290;01:17:46.741285;Dbg;deqna;8526;deqna.cpp;2095;DEQNA: TX desc_read_words @ 01373256 words=6
19291;01:17:46.741415;Dbg;deqna;8526;deqna.cpp;2108;DEQNA: TX list end (V=0) - XI/XL set desc=1373256
19292;01:17:46.746562;Dbg;deqna;8526;deqna.cpp;2095;DEQNA: TX desc_read_words @ 01373256 words=6
19293;01:17:46.746696;Dbg;deqna;8526;deqna.cpp;2108;DEQNA: TX list end (V=0) - XI/XL set desc=1373256
19294;01:17:46.751747;Dbg;deqna;8526;deqna.cpp;2095;DEQNA: TX desc_read_words @ 01373256 words=6
19295;01:17:46.752041;Dbg;deqna;8526;deqna.cpp;2108;DEQNA: TX list end (V=0) - XI/XL set desc=1373256
19296;01:17:46.757386;Dbg;deqna;8526;deqna.cpp;2095;DEQNA: TX desc_read_words @ 01373256 words=6
19297;01:17:46.757702;Dbg;deqna;8526;deqna.cpp;2108;DEQNA: TX list end (V=0) - XI/XL set desc=1373256
19298;01:17:46.763145;Dbg;deqna;8526;deqna.cpp;2095;DEQNA: TX desc_read_words @ 01373256 words=6
19299;01:17:46.763438;Dbg;deqna;8526;deqna.cpp;2108;DEQNA: TX list end (V=0) - XI/XL set desc=1373256
19300;01:17:46.768773;Dbg;deqna;8526;deqna.cpp;2095;DEQNA: TX desc_read_words @ 01373256 words=6
19301;01:17:46.769019;Dbg;deqna;8526;deqna.cpp;2108;DEQNA: TX list end (V=0) - XI/XL set desc=1373256
19302;01:17:46.774312;Dbg;deqna;8526;deqna.cpp;2095;DEQNA: TX desc_read_words @ 01373256 words=6
19303;01:17:46.774559;Dbg;deqna;8526;deqna.cpp;2108;DEQNA: TX list end (V=0) - XI/XL set desc=1373256
19304;01:17:46.779888;Dbg;deqna;8526;deqna.cpp;2095;DEQNA: TX desc_read_words @ 01373256 words=6
19305;01:17:46.780136;Dbg;deqna;8526;deqna.cpp;2108;DEQNA: TX list end (V=0) - XI/XL set desc=1373256
19306;01:17:46.785428;Dbg;deqna;8526;deqna.cpp;2095;DEQNA: TX desc_read_words @ 01373256 words=6
19307;01:17:46.785714;Dbg;deqna;8526;deqna.cpp;2108;DEQNA: TX list end (V=0) - XI/XL set desc=1373256
19308;01:17:46.791108;Dbg;deqna;8526;deqna.cpp;2095;DEQNA: TX desc_read_words @ 01373256 words=6
19309;01:17:46.791427;Dbg;deqna;8526;deqna.cpp;2108;DEQNA: TX list end (V=0) - XI/XL set desc=1373256
19310;01:17:46.796718;Dbg;deqna;8526;deqna.cpp;2095;DEQNA: TX desc_read_words @ 01373256 words=6
19311;01:17:46.796951;Dbg;deqna;8526;deqna.cpp;2108;DEQNA: TX list end (V=0) - XI/XL set desc=1373256
19312;01:17:46.802284;Dbg;deqna;8526;deqna.cpp;2095;DEQNA: TX desc_read_words @ 01373256 words=6
19313;01:17:46.802525;Dbg;deqna;8526;deqna.cpp;2108;DEQNA: TX list end (V=0) - XI/XL set desc=1373256
19314;01:17:46.807853;Dbg;deqna;8526;deqna.cpp;2095;DEQNA: TX desc_read_words @ 01373256 words=6
19315;01:17:46.808085;Dbg;deqna;8526;deqna.cpp;2108;DEQNA: TX list end (V=0) - XI/XL set desc=1373256
19316;01:17:46.813421;Dbg;deqna;8526;deqna.cpp;2095;DEQNA: TX desc_read_words @ 01373256 words=6
19317;01:17:46.813708;Dbg;deqna;8526;deqna.cpp;2108;DEQNA: TX list end (V=0) - XI/XL set desc=1373256
19318;01:17:46.819134;Dbg;deqna;8526;deqna.cpp;2095;DEQNA: TX desc_read_words @ 01373256 words=6
19319;01:17:46.819451;Dbg;deqna;8526;deqna.cpp;2108;DEQNA: TX list end (V=0) - XI/XL set desc=1373256
19320;01:17:46.824837;Dbg;deqna;8526;deqna.cpp;2095;DEQNA: TX desc_read_words @ 01373256 words=6
19321;01:17:46.825104;Dbg;deqna;8526;deqna.cpp;2108;DEQNA: TX list end (V=0) - XI/XL set desc=1373256
19322;01:17:46.830443;Dbg;deqna;8526;deqna.cpp;2095;DEQNA: TX desc_read_words @ 01373256 words=6
19323;01:17:46.830686;Dbg;deqna;8526;deqna.cpp;2108;DEQNA: TX list end (V=0) - XI/XL set desc=1373256
19324;01:17:46.836010;Dbg;deqna;8526;deqna.cpp;2095;DEQNA: TX desc_read_words @ 01373256 words=6
19325;01:17:46.836315;Dbg;deqna;8526;deqna.cpp;2108;DEQNA: TX list end (V=0) - XI/XL set desc=1373256
19326;01:17:46.839914;Dbg;deqna;8525;deqna.cpp;1365;DEQNA: Enqueue RX type=2 len=60 status=000000 queue=0
19327;01:17:46.840176;Dbg;deqna;8525;deqna.cpp;1392;DEQNA: ENQ DBG type=2 len=60 data=ffffffffffff2870 4e38d94008060001 0800060400012870 4e38d940c0a80101 000000000000c0a8 01eb000000000000 0000000000000000 00000000
19328;01:17:46.840211;Dbg;deqna;8525;deqna.cpp;1613;DEQNA: RX desc_read_words @ 01373176 words=4
19329;01:17:46.840477;Dbg;deqna;8525;deqna.cpp;1613;DEQNA: RX desc_read_words @ 01372742 words=4
19330;01:17:46.840972;Dbg;deqna;8525;deqna.cpp;1721;DEQNA: RX deliver type=2 rbl=60 to addr=01503100 blen=2048 desc=1372742
19331;01:17:46.841269;Dbg;deqna;8525;deqna.cpp;1798;DEQNA: RX status type=2 st1=000370 st2=000000 desc=1372752
19332;01:17:46.841506;Dbg;deqna;8525;deqna.cpp;1865;DEQNA: RI set (rx_processed=1 queue=0 rbdl=1372756)
19333;01:17:46.841611;Dbg;deqna;8525;qunibusdevice.cpp;249;update_csr_reg CSR: STA0=177522 STA1=177524 RCLL=177400/172742 RCLH=177422/000005 XMTL=177464/173242 XMTH=177526/000005 VECTOR=000774/000774 CSR=110521/100701
19334;01:17:46.841627;Dbg;deqna;8525;deqna.cpp;643;DEQNA: CSR change prev=010521 now=110521 set=100000 clr=000000
19335;01:17:46.841706;Dbg;deqna;8525;qunibusdevice.cpp;249;update_csr_reg CSR: STA0=177522 STA1=177524 RCLL=177400/172742 RCLH=177422/000005 XMTL=177464/173242 XMTH=177526/000005 VECTOR=000774/000774 CSR=110521/100701
19336;01:17:46.841720;Dbg;deqna;8525;deqna.cpp;586;DEQNA: INTR assert, csr=110521 ie=1
19337;01:17:46.841771;Dbg;deqna;8525;deqna.cpp;724;DEQNA: INTR assert, csr=110521 vec=374 level=5
19338;01:17:46.841873;Dbg;deqna;8526;deqna.cpp;2095;DEQNA: TX desc_read_words @ 01373256 words=6
19339;01:17:46.842086;Dbg;deqna;8519;qunibusdevice.cpp;249;DATO CSR: STA0=177522 STA1=177524 RCLL=177400/172742 RCLH=177422/000005 XMTL=177464/173242 XMTH=177526/000005 VECTOR=000774/000774 CSR=110521/100701
19340;01:17:46.842107;Dbg;deqna;8519;deqna.cpp;1202;DEQNA: Write CSR (reg 7) = 100701 access=0
19341;01:17:46.842193;Dbg;deqna;8519;qunibusdevice.cpp;249;update_csr_reg CSR: STA0=177522 STA1=177524 RCLL=177400/172742 RCLH=177422/000005 XMTL=177464/173242 XMTH=177526/000005 VECTOR=000774/000774 CSR=010521/100701
19342;01:17:46.842206;Dbg;deqna;8519;deqna.cpp;643;DEQNA: CSR change prev=110521 now=010521 set=000501 clr=103216
19343;01:17:46.842230;Dbg;deqna;8519;deqna.cpp;595;DEQNA: INTR deassert, csr=010521 ie=1
19344;01:17:46.842248;Dbg;deqna;8519;deqna.cpp;730;DEQNA: INTR deassert, csr=010521
19345;01:17:46.842480;Dbg;deqna;8526;deqna.cpp;2108;DEQNA: TX list end (V=0) - XI/XL set desc=1373256
19346;01:17:46.842901;Dbg;deqna;8525;deqna.cpp;595;DEQNA: INTR deassert, csr=010521 ie=1
19347;01:17:46.847834;Dbg;deqna;8526;deqna.cpp;2095;DEQNA: TX desc_read_words @ 01373256 words=6
19348;01:17:46.848123;Dbg;deqna;8526;deqna.cpp;2108;DEQNA: TX list end (V=0) - XI/XL set desc=1373256
19349;01:17:46.853427;Dbg;deqna;8526;deqna.cpp;2095;DEQNA: TX desc_read_words @ 01373256 words=6
19350;01:17:46.853749;Dbg;deqna;8526;deqna.cpp;2108;DEQNA: TX list end (V=0) - XI/XL set desc=1373256
19351;01:17:46.859082;Dbg;deqna;8526;deqna.cpp;2095;DEQNA: TX desc_read_words @ 01373256 words=6
19352;01:17:46.859346;Dbg;deqna;8526;deqna.cpp;2108;DEQNA: TX list end (V=0) - XI/XL set desc=1373256
19353;01:17:46.864676;Dbg;deqna;8526;deqna.cpp;2095;DEQNA: TX desc_read_words @ 01373256 words=6
19354;01:17:46.864910;Dbg;deqna;8526;deqna.cpp;2108;DEQNA: TX list end (V=0) - XI/XL set desc=1373256
19355;01:17:46.870263;Dbg;deqna;8526;deqna.cpp;2095;DEQNA: TX desc_read_words @ 01373256 words=6
19356;01:17:46.870509;Dbg;deqna;8526;deqna.cpp;2108;DEQNA: TX list end (V=0) - XI/XL set desc=1373256
19357;01:17:46.875928;Dbg;deqna;8526;deqna.cpp;2095;DEQNA: TX desc_read_words @ 01373256 words=6
19358;01:17:46.876227;Dbg;deqna;8526;deqna.cpp;2108;DEQNA: TX list end (V=0) - XI/XL set desc=1373256
19359;01:17:46.881678;Dbg;deqna;8526;deqna.cpp;2095;DEQNA: TX desc_read_words @ 01373256 words=6
19360;01:17:46.881974;Dbg;deqna;8526;deqna.cpp;2108;DEQNA: TX list end (V=0) - XI/XL set desc=1373256
19361;01:17:46.887748;Dbg;deqna;8526;deqna.cpp;2095;DEQNA: TX desc_read_words @ 01373256 words=6
19362;01:17:46.888049;Dbg;deqna;8526;deqna.cpp;2108;DEQNA: TX list end (V=0) - XI/XL set desc=1373256
19363;01:17:46.893350;Dbg;deqna;8526;deqna.cpp;2095;DEQNA: TX desc_read_words @ 01373256 words=6
19364;01:17:46.893655;Dbg;deqna;8526;deqna.cpp;2108;DEQNA: TX list end (V=0) - XI/XL set desc=1373256
19365;01:17:46.899094;Dbg;deqna;8526;deqna.cpp;2095;DEQNA: TX desc_read_words @ 01373256 words=6
19366;01:17:46.900141;Dbg;deqna;8525;deqna.cpp;1365;DEQNA: Enqueue RX type=2 len=60 status=000000 queue=0
19367;01:17:46.900399;Dbg;deqna;8525;deqna.cpp;1392;DEQNA: ENQ DBG type=2 len=60 data=ffffffffffff2870 4e38d94008060001 0800060400012870 4e38d940c0a80101 000000000000c0a8 008b000000000000 0000000000000000 00000000
19368;01:17:46.900471;Dbg;deqna;8526;deqna.cpp;2108;DEQNA: TX list end (V=0) - XI/XL set desc=1373256
19369;01:17:46.900558;Dbg;deqna;8525;deqna.cpp;1613;DEQNA: RX desc_read_words @ 01372756 words=4
19370;01:17:46.901004;Dbg;deqna;8525;deqna.cpp;1721;DEQNA: RX deliver type=2 rbl=60 to addr=01507100 blen=2048 desc=1372756
19371;01:17:46.901296;Dbg;deqna;8525;deqna.cpp;1798;DEQNA: RX status type=2 st1=000370 st2=000000 desc=1372766
19372;01:17:46.901564;Dbg;deqna;8525;deqna.cpp;1865;DEQNA: RI set (rx_processed=1 queue=0 rbdl=1372772)
19373;01:17:46.901671;Dbg;deqna;8525;qunibusdevice.cpp;249;update_csr_reg CSR: STA0=177522 STA1=177524 RCLL=177400/172742 RCLH=177422/000005 XMTL=177464/173242 XMTH=177526/000005 VECTOR=000774/000774 CSR=110521/100701
19374;01:17:46.901687;Dbg;deqna;8525;deqna.cpp;643;DEQNA: CSR change prev=010521 now=110521 set=100000 clr=000000
19375;01:17:46.901766;Dbg;deqna;8525;qunibusdevice.cpp;249;update_csr_reg CSR: STA0=177522 STA1=177524 RCLL=177400/172742 RCLH=177422/000005 XMTL=177464/173242 XMTH=177526/000005 VECTOR=000774/000774 CSR=110521/100701
19376;01:17:46.901781;Dbg;deqna;8525;deqna.cpp;586;DEQNA: INTR assert, csr=110521 ie=1
19377;01:17:46.901799;Dbg;deqna;8525;deqna.cpp;724;DEQNA: INTR assert, csr=110521 vec=374 level=5
19378;01:17:46.902053;Dbg;deqna;8519;qunibusdevice.cpp;249;DATO CSR: STA0=177522 STA1=177524 RCLL=177400/172742 RCLH=177422/000005 XMTL=177464/173242 XMTH=177526/000005 VECTOR=000774/000774 CSR=110521/100701
19379;01:17:46.902074;Dbg;deqna;8519;deqna.cpp;1202;DEQNA: Write CSR (reg 7) = 100701 access=0
19380;01:17:46.902157;Dbg;deqna;8519;qunibusdevice.cpp;249;update_csr_reg CSR: STA0=177522 STA1=177524 RCLL=177400/172742 RCLH=177422/000005 XMTL=177464/173242 XMTH=177526/000005 VECTOR=000774/000774 CSR=010521/100701
19381;01:17:46.902169;Dbg;deqna;8519;deqna.cpp;643;DEQNA: CSR change prev=110521 now=010521 set=000501 clr=103216
19382;01:17:46.902192;Dbg;deqna;8519;deqna.cpp;595;DEQNA: INTR deassert, csr=010521 ie=1
19383;01:17:46.902209;Dbg;deqna;8519;deqna.cpp;730;DEQNA: INTR deassert, csr=010521
19384;01:17:46.902990;Dbg;deqna;8525;deqna.cpp;595;DEQNA: INTR deassert, csr=010521 ie=1
19385;01:17:46.903046;Dbg;deqna;8525;deqna.cpp;1365;DEQNA: Enqueue RX type=2 len=60 status=000000 queue=0
19386;01:17:46.903278;Dbg;deqna;8525;deqna.cpp;1392;DEQNA: ENQ DBG type=2 len=60 data=ffffffffffff2870 4e38d94008060001 0800060400012870 4e38d940c0a80101 000000000000c0a8 01fa000000000000 0000000000000000 00000000
19387;01:17:46.903308;Dbg;deqna;8525;deqna.cpp;1613;DEQNA: RX desc_read_words @ 01372772 words=4
19388;01:17:46.903805;Dbg;deqna;8525;deqna.cpp;1721;DEQNA: RX deliver type=2 rbl=60 to addr=01513100 blen=2048 desc=1372772
19389;01:17:46.904080;Dbg;deqna;8525;deqna.cpp;1798;DEQNA: RX status type=2 st1=000370 st2=000000 desc=1373002
19390;01:17:46.904314;Dbg;deqna;8525;deqna.cpp;1865;DEQNA: RI set (rx_processed=1 queue=0 rbdl=1373006)
19391;01:17:46.904410;Dbg;deqna;8525;qunibusdevice.cpp;249;update_csr_reg CSR: STA0=177522 STA1=177524 RCLL=177400/172742 RCLH=177422/000005 XMTL=177464/173242 XMTH=177526/000005 VECTOR=000774/000774 CSR=110521/100701
19392;01:17:46.904453;Dbg;deqna;8525;deqna.cpp;643;DEQNA: CSR change prev=010521 now=110521 set=100000 clr=000000
19393;01:17:46.904537;Dbg;deqna;8525;qunibusdevice.cpp;249;update_csr_reg CSR: STA0=177522 STA1=177524 RCLL=177400/172742 RCLH=177422/000005 XMTL=177464/173242 XMTH=177526/000005 VECTOR=000774/000774 CSR=110521/100701
19394;01:17:46.904552;Dbg;deqna;8525;deqna.cpp;586;DEQNA: INTR assert, csr=110521 ie=1
19395;01:17:46.904571;Dbg;deqna;8525;deqna.cpp;724;DEQNA: INTR assert, csr=110521 vec=374 level=5
19396;01:17:46.904808;Dbg;deqna;8519;qunibusdevice.cpp;249;DATO CSR: STA0=177522 STA1=177524 RCLL=177400/172742 RCLH=177422/000005 XMTL=177464/173242 XMTH=177526/000005 VECTOR=000774/000774 CSR=110521/100701
19397;01:17:46.904827;Dbg;deqna;8519;deqna.cpp;1202;DEQNA: Write CSR (reg 7) = 100701 access=0
19398;01:17:46.904908;Dbg;deqna;8519;qunibusdevice.cpp;249;update_csr_reg CSR: STA0=177522 STA1=177524 RCLL=177400/172742 RCLH=177422/000005 XMTL=177464/173242 XMTH=177526/000005 VECTOR=000774/000774 CSR=010521/100701
19399;01:17:46.904921;Dbg;deqna;8519;deqna.cpp;643;DEQNA: CSR change prev=110521 now=010521 set=000501 clr=103216
19400;01:17:46.904944;Dbg;deqna;8519;deqna.cpp;595;DEQNA: INTR deassert, csr=010521 ie=1
19401;01:17:46.904962;Dbg;deqna;8519;deqna.cpp;730;DEQNA: INTR deassert, csr=010521
19402;01:17:46.905708;Dbg;deqna;8525;deqna.cpp;595;DEQNA: INTR deassert, csr=010521 ie=1
19403;01:17:46.905756;Dbg;deqna;8525;deqna.cpp;1365;DEQNA: Enqueue RX type=2 len=60 status=000000 queue=0
19404;01:17:46.905986;Dbg;deqna;8525;deqna.cpp;1392;DEQNA: ENQ DBG type=2 len=60 data=ffffffffffff2870 4e38d94008060001 0800060400012870 4e38d940c0a80101 000000000000c0a8 0131000000000000 0000000000000000 00000000
19405;01:17:46.906014;Dbg;deqna;8525;deqna.cpp;1613;DEQNA: RX desc_read_words @ 01373006 words=4
19406;01:17:46.906462;Dbg;deqna;8525;deqna.cpp;1721;DEQNA: RX deliver type=2 rbl=60 to addr=01517100 blen=2048 desc=1373006
19407;01:17:46.906730;Dbg;deqna;8525;deqna.cpp;1798;DEQNA: RX status type=2 st1=000370 st2=000000 desc=1373016
19408;01:17:46.906962;Dbg;deqna;8525;deqna.cpp;1865;DEQNA: RI set (rx_processed=1 queue=0 rbdl=1373022)
19409;01:17:46.907057;Dbg;deqna;8525;qunibusdevice.cpp;249;update_csr_reg CSR: STA0=177522 STA1=177524 RCLL=177400/172742 RCLH=177422/000005 XMTL=177464/173242 XMTH=177526/000005 VECTOR=000774/000774 CSR=110521/100701
19410;01:17:46.907071;Dbg;deqna;8525;deqna.cpp;643;DEQNA: CSR change prev=010521 now=110521 set=100000 clr=000000
19411;01:17:46.907149;Dbg;deqna;8525;qunibusdevice.cpp;249;update_csr_reg CSR: STA0=177522 STA1=177524 RCLL=177400/172742 RCLH=177422/000005 XMTL=177464/173242 XMTH=177526/000005 VECTOR=000774/000774 CSR=110521/100701
19412;01:17:46.907162;Dbg;deqna;8525;deqna.cpp;586;DEQNA: INTR assert, csr=110521 ie=1
19413;01:17:46.907180;Dbg;deqna;8525;deqna.cpp;724;DEQNA: INTR assert, csr=110521 vec=374 level=5
19414;01:17:46.907301;Dbg;deqna;8526;deqna.cpp;2095;DEQNA: TX desc_read_words @ 01373256 words=6
19415;01:17:46.907481;Dbg;deqna;8519;qunibusdevice.cpp;249;DATO CSR: STA0=177522 STA1=177524 RCLL=177400/172742 RCLH=177422/000005 XMTL=177464/173242 XMTH=177526/000005 VECTOR=000774/000774 CSR=110521/100701
19416;01:17:46.907499;Dbg;deqna;8519;deqna.cpp;1202;DEQNA: Write CSR (reg 7) = 100701 access=0
19417;01:17:46.907581;Dbg;deqna;8519;qunibusdevice.cpp;249;update_csr_reg CSR: STA0=177522 STA1=177524 RCLL=177400/172742 RCLH=177422/000005 XMTL=177464/173242 XMTH=177526/000005 VECTOR=000774/000774 CSR=010521/100701
19418;01:17:46.907593;Dbg;deqna;8519;deqna.cpp;643;DEQNA: CSR change prev=110521 now=010521 set=000501 clr=103216
19419;01:17:46.907616;Dbg;deqna;8519;deqna.cpp;595;DEQNA: INTR deassert, csr=010521 ie=1
19420;01:17:46.907633;Dbg;deqna;8519;deqna.cpp;730;DEQNA: INTR deassert, csr=010521
19421;01:17:46.907854;Dbg;deqna;8526;deqna.cpp;2108;DEQNA: TX list end (V=0) - XI/XL set desc=1373256
19422;01:17:46.908304;Dbg;deqna;8525;deqna.cpp;595;DEQNA: INTR deassert, csr=010521 ie=1
19423;01:17:46.908351;Dbg;deqna;8525;deqna.cpp;1365;DEQNA: Enqueue RX type=2 len=60 status=000000 queue=0
19424;01:17:46.908574;Dbg;deqna;8525;deqna.cpp;1392;DEQNA: ENQ DBG type=2 len=60 data=ffffffffffff2870 4e38d94008060001 0800060400012870 4e38d940c0a80101 000000000000c0a8 0151000000000000 0000000000000000 00000000
19425;01:17:46.908711;Dbg;deqna;8525;deqna.cpp;1613;DEQNA: RX desc_read_words @ 01373022 words=4
19426;01:17:46.909217;Dbg;deqna;8525;deqna.cpp;1721;DEQNA: RX deliver type=2 rbl=60 to addr=01523100 blen=2048 desc=1373022
19427;01:17:46.909489;Dbg;deqna;8525;deqna.cpp;1798;DEQNA: RX status type=2 st1=000370 st2=000000 desc=1373032
19428;01:17:46.909720;Dbg;deqna;8525;deqna.cpp;1865;DEQNA: RI set (rx_processed=1 queue=0 rbdl=1373036)
19429;01:17:46.909816;Dbg;deqna;8525;qunibusdevice.cpp;249;update_csr_reg CSR: STA0=177522 STA1=177524 RCLL=177400/172742 RCLH=177422/000005 XMTL=177464/173242 XMTH=177526/000005 VECTOR=000774/000774 CSR=110521/100701
19430;01:17:46.909830;Dbg;deqna;8525;deqna.cpp;643;DEQNA: CSR change prev=010521 now=110521 set=100000 clr=000000
19431;01:17:46.909908;Dbg;deqna;8525;qunibusdevice.cpp;249;update_csr_reg CSR: STA0=177522 STA1=177524 RCLL=177400/172742 RCLH=177422/000005 XMTL=177464/173242 XMTH=177526/000005 VECTOR=000774/000774 CSR=110521/100701
19432;01:17:46.909922;Dbg;deqna;8525;deqna.cpp;586;DEQNA: INTR assert, csr=110521 ie=1
19433;01:17:46.909939;Dbg;deqna;8525;deqna.cpp;724;DEQNA: INTR assert, csr=110521 vec=374 level=5
19434;01:17:46.910170;Dbg;deqna;8519;qunibusdevice.cpp;249;DATO CSR: STA0=177522 STA1=177524 RCLL=177400/172742 RCLH=177422/000005 XMTL=177464/173242 XMTH=177526/000005 VECTOR=000774/000774 CSR=110521/100701
19435;01:17:46.910189;Dbg;deqna;8519;deqna.cpp;1202;DEQNA: Write CSR (reg 7) = 100701 access=0
19436;01:17:46.910269;Dbg;deqna;8519;qunibusdevice.cpp;249;update_csr_reg CSR: STA0=177522 STA1=177524 RCLL=177400/172742 RCLH=177422/000005 XMTL=177464/173242 XMTH=177526/000005 VECTOR=000774/000774 CSR=010521/100701
19437;01:17:46.910281;Dbg;deqna;8519;deqna.cpp;643;DEQNA: CSR change prev=110521 now=010521 set=000501 clr=103216
19438;01:17:46.910303;Dbg;deqna;8519;deqna.cpp;595;DEQNA: INTR deassert, csr=010521 ie=1
19439;01:17:46.910320;Dbg;deqna;8519;deqna.cpp;730;DEQNA: INTR deassert, csr=010521
19440;01:17:46.910399;Dbg;deqna;8526;deqna.cpp;595;DEQNA: INTR deassert, csr=010521 ie=1
19441;01:17:46.913596;Dbg;deqna;8526;deqna.cpp;2095;DEQNA: TX desc_read_words @ 01373256 words=6
19442;01:17:46.913848;Dbg;deqna;8526;deqna.cpp;2108;DEQNA: TX list end (V=0) - XI/XL set desc=1373256
19443;01:17:46.919175;Dbg;deqna;8526;deqna.cpp;2095;DEQNA: TX desc_read_words @ 01373256 words=6
19444;01:17:46.919434;Dbg;deqna;8526;deqna.cpp;2108;DEQNA: TX list end (V=0) - XI/XL set desc=1373256
19445;01:17:46.924893;Dbg;deqna;8526;deqna.cpp;2095;DEQNA: TX desc_read_words @ 01373256 words=6
19446;01:17:46.925183;Dbg;deqna;8526;deqna.cpp;2108;DEQNA: TX list end (V=0) - XI/XL set desc=1373256
19447;01:17:46.930651;Dbg;deqna;8526;deqna.cpp;2095;DEQNA: TX desc_read_words @ 01373256 words=6
19448;01:17:46.930954;Dbg;deqna;8526;deqna.cpp;2108;DEQNA: TX list end (V=0) - XI/XL set desc=1373256
19449;01:17:46.936249;Dbg;deqna;8526;deqna.cpp;2095;DEQNA: TX desc_read_words @ 01373256 words=6
19450;01:17:46.936485;Dbg;deqna;8526;deqna.cpp;2108;DEQNA: TX list end (V=0) - XI/XL set desc=1373256
19451;01:17:46.941870;Dbg;deqna;8526;deqna.cpp;2095;DEQNA: TX desc_read_words @ 01373256 words=6
19452;01:17:46.942119;Dbg;deqna;8526;deqna.cpp;2108;DEQNA: TX list end (V=0) - XI/XL set desc=1373256
19453;01:17:46.947444;Dbg;deqna;8526;deqna.cpp;2095;DEQNA: TX desc_read_words @ 01373256 words=6
19454;01:17:46.947704;Dbg;deqna;8526;deqna.cpp;2108;DEQNA: TX list end (V=0) - XI/XL set desc=1373256
19455;01:17:46.953117;Dbg;deqna;8526;deqna.cpp;2095;DEQNA: TX desc_read_words @ 01373256 words=6
19456;01:17:46.953395;Dbg;deqna;8526;deqna.cpp;2108;DEQNA: TX list end (V=0) - XI/XL set desc=1373256
19457;01:17:46.958810;Dbg;deqna;8526;deqna.cpp;2095;DEQNA: TX desc_read_words @ 01373256 words=6
19458;01:17:46.959093;Dbg;deqna;8526;deqna.cpp;2108;DEQNA: TX list end (V=0) - XI/XL set desc=1373256
19459;01:17:46.964427;Dbg;deqna;8526;deqna.cpp;2095;DEQNA: TX desc_read_words @ 01373256 words=6
19460;01:17:46.964670;Dbg;deqna;8526;deqna.cpp;2108;DEQNA: TX list end (V=0) - XI/XL set desc=1373256
19461;01:17:46.970006;Dbg;deqna;8526;deqna.cpp;2095;DEQNA: TX desc_read_words @ 01373256 words=6
19462;01:17:46.970274;Dbg;deqna;8526;deqna.cpp;2108;DEQNA: TX list end (V=0) - XI/XL set desc=1373256
19463;01:17:46.975572;Dbg;deqna;8526;deqna.cpp;2095;DEQNA: TX desc_read_words @ 01373256 words=6
19464;01:17:46.975842;Dbg;deqna;8526;deqna.cpp;2108;DEQNA: TX list end (V=0) - XI/XL set desc=1373256
19465;01:17:46.981244;Dbg;deqna;8526;deqna.cpp;2095;DEQNA: TX desc_read_words @ 01373256 words=6
19466;01:17:46.981539;Dbg;deqna;8526;deqna.cpp;2108;DEQNA: TX list end (V=0) - XI/XL set desc=1373256
19467;01:17:46.986948;Dbg;deqna;8526;deqna.cpp;2095;DEQNA: TX desc_read_words @ 01373256 words=6
19468;01:17:46.987234;Dbg;deqna;8526;deqna.cpp;2108;DEQNA: TX list end (V=0) - XI/XL set desc=1373256
19469;01:17:46.992545;Dbg;deqna;8526;deqna.cpp;2095;DEQNA: TX desc_read_words @ 01373256 words=6
19470;01:17:46.992787;Dbg;deqna;8526;deqna.cpp;2108;DEQNA: TX list end (V=0) - XI/XL set desc=1373256
19471;01:17:46.998084;Dbg;deqna;8526;deqna.cpp;2095;DEQNA: TX desc_read_words @ 01373256 words=6
19472;01:17:46.998325;Dbg;deqna;8526;deqna.cpp;2108;DEQNA: TX list end (V=0) - XI/XL set desc=1373256
19473;01:17:47.003653;Dbg;deqna;8526;deqna.cpp;2095;DEQNA: TX desc_read_words @ 01373256 words=6
19474;01:17:47.003925;Dbg;deqna;8526;deqna.cpp;2108;DEQNA: TX list end (V=0) - XI/XL set desc=1373256
19475;01:17:47.009389;Dbg;deqna;8526;deqna.cpp;2095;DEQNA: TX desc_read_words @ 01373256 words=6
19476;01:17:47.009659;Dbg;deqna;8526;deqna.cpp;2108;DEQNA: TX list end (V=0) - XI/XL set desc=1373256
19477;01:17:47.015194;Dbg;deqna;8526;deqna.cpp;2095;DEQNA: TX desc_read_words @ 01373256 words=6
19478;01:17:47.015543;Dbg;deqna;8526;deqna.cpp;2108;DEQNA: TX list end (V=0) - XI/XL set desc=1373256
19479;01:17:47.020880;Dbg;deqna;8526;deqna.cpp;2095;DEQNA: TX desc_read_words @ 01373256 words=6
19480;01:17:47.021146;Dbg;deqna;8526;deqna.cpp;2108;DEQNA: TX list end (V=0) - XI/XL set desc=1373256
19481;01:17:47.026500;Dbg;deqna;8526;deqna.cpp;2095;DEQNA: TX desc_read_words @ 01373256 words=6
19482;01:17:47.026761;Dbg;deqna;8526;deqna.cpp;2108;DEQNA: TX list end (V=0) - XI/XL set desc=1373256
19483;01:17:47.032084;Dbg;deqna;8526;deqna.cpp;2095;DEQNA: TX desc_read_words @ 01373256 words=6
19484;01:17:47.032362;Dbg;deqna;8526;deqna.cpp;2108;DEQNA: TX list end (V=0) - XI/XL set desc=1373256
19485;01:17:47.037783;Dbg;deqna;8526;deqna.cpp;2095;DEQNA: TX desc_read_words @ 01373256 words=6
19486;01:17:47.038066;Dbg;deqna;8526;deqna.cpp;2108;DEQNA: TX list end (V=0) - XI/XL set desc=1373256
19487;01:17:47.043491;Dbg;deqna;8526;deqna.cpp;2095;DEQNA: TX desc_read_words @ 01373256 words=6
19488;01:17:47.043787;Dbg;deqna;8526;deqna.cpp;2108;DEQNA: TX list end (V=0) - XI/XL set desc=1373256
19489;01:17:47.049228;Dbg;deqna;8526;deqna.cpp;2095;DEQNA: TX desc_read_words @ 01373256 words=6
19490;01:17:47.049503;Dbg;deqna;8526;deqna.cpp;2108;DEQNA: TX list end (V=0) - XI/XL set desc=1373256
19491;01:17:47.054756;Dbg;deqna;8526;deqna.cpp;2095;DEQNA: TX desc_read_words @ 01373256 words=6
19492;01:17:47.054921;Dbg;deqna;8526;deqna.cpp;2108;DEQNA: TX list end (V=0) - XI/XL set desc=1373256
19493;01:17:47.059264;Dbg;deqna;8525;deqna.cpp;1365;DEQNA: Enqueue RX type=2 len=60 status=000000 queue=0
19494;01:17:47.059401;Dbg;deqna;8525;deqna.cpp;1392;DEQNA: ENQ DBG type=2 len=60 data=ffffffffffff7845 58f5956108060001 0800060400017845 58f59561c0a8000c ffffffffffffc0a8 0101000000000000 0000000000000000 00000000
19495;01:17:47.059420;Dbg;deqna;8525;deqna.cpp;1613;DEQNA: RX desc_read_words @ 01373036 words=4
19496;01:17:47.059671;Dbg;deqna;8525;deqna.cpp;1721;DEQNA: RX deliver type=2 rbl=60 to addr=01527100 blen=2048 desc=1373036
19497;01:17:47.059856;Dbg;deqna;8525;deqna.cpp;1798;DEQNA: RX status type=2 st1=000370 st2=000000 desc=1373046
19498;01:17:47.059985;Dbg;deqna;8525;deqna.cpp;1865;DEQNA: RI set (rx_processed=1 queue=0 rbdl=1373052)
19499;01:17:47.060040;Dbg;deqna;8525;qunibusdevice.cpp;249;update_csr_reg CSR: STA0=177522 STA1=177524 RCLL=177400/172742 RCLH=177422/000005 XMTL=177464/173242 XMTH=177526/000005 VECTOR=000774/000774 CSR=110521/100701
19500;01:17:47.060050;Dbg;deqna;8525;deqna.cpp;643;DEQNA: CSR change prev=010521 now=110521 set=100000 clr=000000
19501;01:17:47.060114;Dbg;deqna;8525;qunibusdevice.cpp;249;update_csr_reg CSR: STA0=177522 STA1=177524 RCLL=177400/172742 RCLH=177422/000005 XMTL=177464/173242 XMTH=177526/000005 VECTOR=000774/000774 CSR=110521/100701
19502;01:17:47.060121;Dbg;deqna;8525;deqna.cpp;586;DEQNA: INTR assert, csr=110521 ie=1
19503;01:17:47.060132;Dbg;deqna;8525;deqna.cpp;724;DEQNA: INTR assert, csr=110521 vec=374 level=5
19504;01:17:47.060188;Dbg;deqna;8526;deqna.cpp;2095;DEQNA: TX desc_read_words @ 01373256 words=6
19505;01:17:47.060304;Dbg;deqna;8519;qunibusdevice.cpp;249;DATO CSR: STA0=177522 STA1=177524 RCLL=177400/172742 RCLH=177422/000005 XMTL=177464/173242 XMTH=177526/000005 VECTOR=000774/000774 CSR=110521/100701
19506;01:17:47.060316;Dbg;deqna;8519;deqna.cpp;1202;DEQNA: Write CSR (reg 7) = 100701 access=0
19507;01:17:47.060361;Dbg;deqna;8519;qunibusdevice.cpp;249;update_csr_reg CSR: STA0=177522 STA1=177524 RCLL=177400/172742 RCLH=177422/000005 XMTL=177464/173242 XMTH=177526/000005 VECTOR=000774/000774 CSR=010521/100701
19508;01:17:47.060368;Dbg;deqna;8519;deqna.cpp;643;DEQNA: CSR change prev=110521 now=010521 set=000501 clr=103216
19509;01:17:47.060380;Dbg;deqna;8519;deqna.cpp;595;DEQNA: INTR deassert, csr=010521 ie=1
19510;01:17:47.060390;Dbg;deqna;8519;deqna.cpp;730;DEQNA: INTR deassert, csr=010521
19511;01:17:47.060455;Dbg;deqna;8526;deqna.cpp;2108;DEQNA: TX list end (V=0) - XI/XL set desc=1373256
19512;01:17:47.061201;Dbg;deqna;8525;deqna.cpp;595;DEQNA: INTR deassert, csr=010521 ie=1
19513;01:17:47.065622;Dbg;deqna;8526;deqna.cpp;2095;DEQNA: TX desc_read_words @ 01373256 words=6
19514;01:17:47.065773;Dbg;deqna;8526;deqna.cpp;2108;DEQNA: TX list end (V=0) - XI/XL set desc=1373256
19515;01:17:47.070931;Dbg;deqna;8526;deqna.cpp;2095;DEQNA: TX desc_read_words @ 01373256 words=6
19516;01:17:47.071071;Dbg;deqna;8526;deqna.cpp;2108;DEQNA: TX list end (V=0) - XI/XL set desc=1373256
19517;01:17:47.076234;Dbg;deqna;8526;deqna.cpp;2095;DEQNA: TX desc_read_words @ 01373256 words=6
19518;01:17:47.076370;Dbg;deqna;8526;deqna.cpp;2108;DEQNA: TX list end (V=0) - XI/XL set desc=1373256
19519;01:17:47.081543;Dbg;deqna;8526;deqna.cpp;2095;DEQNA: TX desc_read_words @ 01373256 words=6
19520;01:17:47.081678;Dbg;deqna;8526;deqna.cpp;2108;DEQNA: TX list end (V=0) - XI/XL set desc=1373256
19521;01:17:47.086852;Dbg;deqna;8526;deqna.cpp;2095;DEQNA: TX desc_read_words @ 01373256 words=6
19522;01:17:47.087004;Dbg;deqna;8526;deqna.cpp;2108;DEQNA: TX list end (V=0) - XI/XL set desc=1373256
19523;01:17:47.092221;Dbg;deqna;8526;deqna.cpp;2095;DEQNA: TX desc_read_words @ 01373256 words=6
19524;01:17:47.092372;Dbg;deqna;8526;deqna.cpp;2108;DEQNA: TX list end (V=0) - XI/XL set desc=1373256
19525;01:17:47.097527;Dbg;deqna;8526;deqna.cpp;2095;DEQNA: TX desc_read_words @ 01373256 words=6
19526;01:17:47.097657;Dbg;deqna;8526;deqna.cpp;2108;DEQNA: TX list end (V=0) - XI/XL set desc=1373256
19527;01:17:47.102828;Dbg;deqna;8526;deqna.cpp;2095;DEQNA: TX desc_read_words @ 01373256 words=6
19528;01:17:47.102959;Dbg;deqna;8526;deqna.cpp;2108;DEQNA: TX list end (V=0) - XI/XL set desc=1373256
19529;01:17:47.108141;Dbg;deqna;8526;deqna.cpp;2095;DEQNA: TX desc_read_words @ 01373256 words=6
19530;01:17:47.108270;Dbg;deqna;8526;deqna.cpp;2108;DEQNA: TX list end (V=0) - XI/XL set desc=1373256
19531;01:17:47.113422;Dbg;deqna;8526;deqna.cpp;2095;DEQNA: TX desc_read_words @ 01373256 words=6
19532;01:17:47.113549;Dbg;deqna;8526;deqna.cpp;2108;DEQNA: TX list end (V=0) - XI/XL set desc=1373256
19533;01:17:47.118711;Dbg;deqna;8526;deqna.cpp;2095;DEQNA: TX desc_read_words @ 01373256 words=6
19534;01:17:47.118846;Dbg;deqna;8526;deqna.cpp;2108;DEQNA: TX list end (V=0) - XI/XL set desc=1373256
19535;01:17:47.124047;Dbg;deqna;8526;deqna.cpp;2095;DEQNA: TX desc_read_words @ 01373256 words=6
19536;01:17:47.124222;Dbg;deqna;8526;deqna.cpp;2108;DEQNA: TX list end (V=0) - XI/XL set desc=1373256
19537;01:17:47.129415;Dbg;deqna;8526;deqna.cpp;2095;DEQNA: TX desc_read_words @ 01373256 words=6
19538;01:17:47.129565;Dbg;deqna;8526;deqna.cpp;2108;DEQNA: TX list end (V=0) - XI/XL set desc=1373256
19539;01:17:47.134785;Dbg;deqna;8526;deqna.cpp;2095;DEQNA: TX desc_read_words @ 01373256 words=6
19540;01:17:47.134931;Dbg;deqna;8526;deqna.cpp;2108;DEQNA: TX list end (V=0) - XI/XL set desc=1373256
19541;01:17:47.140158;Dbg;deqna;8526;deqna.cpp;2095;DEQNA: TX desc_read_words @ 01373256 words=6
19542;01:17:47.140323;Dbg;deqna;8526;deqna.cpp;2108;DEQNA: TX list end (V=0) - XI/XL set desc=1373256
19543;01:17:47.145492;Dbg;deqna;8526;deqna.cpp;2095;DEQNA: TX desc_read_words @ 01373256 words=6
19544;01:17:47.145621;Dbg;deqna;8526;deqna.cpp;2108;DEQNA: TX list end (V=0) - XI/XL set desc=1373256
19545;01:17:47.150794;Dbg;deqna;8526;deqna.cpp;2095;DEQNA: TX desc_read_words @ 01373256 words=6
19546;01:17:47.150928;Dbg;deqna;8526;deqna.cpp;2108;DEQNA: TX list end (V=0) - XI/XL set desc=1373256
19547;01:17:47.156078;Dbg;deqna;8526;deqna.cpp;2095;DEQNA: TX desc_read_words @ 01373256 words=6
19548;01:17:47.156204;Dbg;deqna;8526;deqna.cpp;2108;DEQNA: TX list end (V=0) - XI/XL set desc=1373256
19549;01:17:47.161373;Dbg;deqna;8526;deqna.cpp;2095;DEQNA: TX desc_read_words @ 01373256 words=6
19550;01:17:47.161508;Dbg;deqna;8526;deqna.cpp;2108;DEQNA: TX list end (V=0) - XI/XL set desc=1373256
19551;01:17:47.166677;Dbg;deqna;8526;deqna.cpp;2095;DEQNA: TX desc_read_words @ 01373256 words=6
19552;01:17:47.166804;Dbg;deqna;8526;deqna.cpp;2108;DEQNA: TX list end (V=0) - XI/XL set desc=1373256
19553;01:17:47.171980;Dbg;deqna;8526;deqna.cpp;2095;DEQNA: TX desc_read_words @ 01373256 words=6
19554;01:17:47.172112;Dbg;deqna;8526;deqna.cpp;2108;DEQNA: TX list end (V=0) - XI/XL set desc=1373256
19555;01:17:47.177262;Dbg;deqna;8526;deqna.cpp;2095;DEQNA: TX desc_read_words @ 01373256 words=6
19556;01:17:47.177418;Dbg;deqna;8526;deqna.cpp;2108;DEQNA: TX list end (V=0) - XI/XL set desc=1373256
19557;01:17:47.182587;Dbg;deqna;8526;deqna.cpp;2095;DEQNA: TX desc_read_words @ 01373256 words=6
19558;01:17:47.182722;Dbg;deqna;8526;deqna.cpp;2108;DEQNA: TX list end (V=0) - XI/XL set desc=1373256
19559;01:17:47.187892;Dbg;deqna;8526;deqna.cpp;2095;DEQNA: TX desc_read_words @ 01373256 words=6
19560;01:17:47.188018;Dbg;deqna;8526;deqna.cpp;2108;DEQNA: TX list end (V=0) - XI/XL set desc=1373256
19561;01:17:47.193175;Dbg;deqna;8526;deqna.cpp;2095;DEQNA: TX desc_read_words @ 01373256 words=6
19562;01:17:47.193306;Dbg;deqna;8526;deqna.cpp;2108;DEQNA: TX list end (V=0) - XI/XL set desc=1373256
19563;01:17:47.198457;Dbg;deqna;8526;deqna.cpp;2095;DEQNA: TX desc_read_words @ 01373256 words=6
19564;01:17:47.198583;Dbg;deqna;8526;deqna.cpp;2108;DEQNA: TX list end (V=0) - XI/XL set desc=1373256
19565;01:17:47.203792;Dbg;deqna;8526;deqna.cpp;2095;DEQNA: TX desc_read_words @ 01373256 words=6
19566;01:17:47.203927;Dbg;deqna;8526;deqna.cpp;2108;DEQNA: TX list end (V=0) - XI/XL set desc=1373256
19567;01:17:47.209104;Dbg;deqna;8526;deqna.cpp;2095;DEQNA: TX desc_read_words @ 01373256 words=6
19568;01:17:47.209232;Dbg;deqna;8526;deqna.cpp;2108;DEQNA: TX list end (V=0) - XI/XL set desc=1373256
19569;01:17:47.214392;Dbg;deqna;8526;deqna.cpp;2095;DEQNA: TX desc_read_words @ 01373256 words=6
19570;01:17:47.214556;Dbg;deqna;8526;deqna.cpp;2108;DEQNA: TX list end (V=0) - XI/XL set desc=1373256
19571;01:17:47.219716;Dbg;deqna;8526;deqna.cpp;2095;DEQNA: TX desc_read_words @ 01373256 words=6
19572;01:17:47.219844;Dbg;deqna;8526;deqna.cpp;2108;DEQNA: TX list end (V=0) - XI/XL set desc=1373256
19573;01:17:47.225028;Dbg;deqna;8526;deqna.cpp;2095;DEQNA: TX desc_read_words @ 01373256 words=6
19574;01:17:47.225173;Dbg;deqna;8526;deqna.cpp;2108;DEQNA: TX list end (V=0) - XI/XL set desc=1373256
19575;01:17:47.230501;Dbg;deqna;8526;deqna.cpp;2095;DEQNA: TX desc_read_words @ 01373256 words=6
19576;01:17:47.230756;Dbg;deqna;8526;deqna.cpp;2108;DEQNA: TX list end (V=0) - XI/XL set desc=1373256
19577;01:17:47.235927;Dbg;deqna;8526;deqna.cpp;2095;DEQNA: TX desc_read_words @ 01373256 words=6
19578;01:17:47.236074;Dbg;deqna;8526;deqna.cpp;2108;DEQNA: TX list end (V=0) - XI/XL set desc=1373256
19579;01:17:47.241240;Dbg;deqna;8526;deqna.cpp;2095;DEQNA: TX desc_read_words @ 01373256 words=6
19580;01:17:47.241412;Dbg;deqna;8526;deqna.cpp;2108;DEQNA: TX list end (V=0) - XI/XL set desc=1373256
19581;01:17:47.246569;Dbg;deqna;8526;deqna.cpp;2095;DEQNA: TX desc_read_words @ 01373256 words=6
19582;01:17:47.246717;Dbg;deqna;8526;deqna.cpp;2108;DEQNA: TX list end (V=0) - XI/XL set desc=1373256
19583;01:17:47.251880;Dbg;deqna;8526;deqna.cpp;2095;DEQNA: TX desc_read_words @ 01373256 words=6
19584;01:17:47.252020;Dbg;deqna;8526;deqna.cpp;2108;DEQNA: TX list end (V=0) - XI/XL set desc=1373256
19585;01:17:47.257174;Dbg;deqna;8526;deqna.cpp;2095;DEQNA: TX desc_read_words @ 01373256 words=6
19586;01:17:47.257312;Dbg;deqna;8526;deqna.cpp;2108;DEQNA: TX list end (V=0) - XI/XL set desc=1373256
19587;01:17:47.259208;Dbg;deqna;8525;deqna.cpp;1365;DEQNA: Enqueue RX type=2 len=60 status=000000 queue=0
19588;01:17:47.259349;Dbg;deqna;8525;deqna.cpp;1392;DEQNA: ENQ DBG type=2 len=60 data=ffffffffffff90dd 5d94cc6208060001 08000604000190dd 5d94cc62c0a8017b 000000000000c0a8 01df000000000000 0000000000000000 00000000
19589;01:17:47.259388;Dbg;deqna;8525;deqna.cpp;1613;DEQNA: RX desc_read_words @ 01373052 words=4
19590;01:17:47.259649;Dbg;deqna;8525;deqna.cpp;1721;DEQNA: RX deliver type=2 rbl=60 to addr=01533100 blen=2048 desc=1373052
19591;01:17:47.259830;Dbg;deqna;8525;deqna.cpp;1798;DEQNA: RX status type=2 st1=000370 st2=000000 desc=1373062
19592;01:17:47.259957;Dbg;deqna;8525;deqna.cpp;1865;DEQNA: RI set (rx_processed=1 queue=0 rbdl=1373066)
19593;01:17:47.260013;Dbg;deqna;8525;qunibusdevice.cpp;249;update_csr_reg CSR: STA0=177522 STA1=177524 RCLL=177400/172742 RCLH=177422/000005 XMTL=177464/173242 XMTH=177526/000005 VECTOR=000774/000774 CSR=110521/100701
19594;01:17:47.260021;Dbg;deqna;8525;deqna.cpp;643;DEQNA: CSR change prev=010521 now=110521 set=100000 clr=000000
19595;01:17:47.260062;Dbg;deqna;8525;qunibusdevice.cpp;249;update_csr_reg CSR: STA0=177522 STA1=177524 RCLL=177400/172742 RCLH=177422/000005 XMTL=177464/173242 XMTH=177526/000005 VECTOR=000774/000774 CSR=110521/100701
19596;01:17:47.260070;Dbg;deqna;8525;deqna.cpp;586;DEQNA: INTR assert, csr=110521 ie=1
19597;01:17:47.260079;Dbg;deqna;8525;deqna.cpp;724;DEQNA: INTR assert, csr=110521 vec=374 level=5
19598;01:17:47.260263;Dbg;deqna;8519;qunibusdevice.cpp;249;DATO CSR: STA0=177522 STA1=177524 RCLL=177400/172742 RCLH=177422/000005 XMTL=177464/173242 XMTH=177526/000005 VECTOR=000774/000774 CSR=110521/100701
19599;01:17:47.260276;Dbg;deqna;8519;deqna.cpp;1202;DEQNA: Write CSR (reg 7) = 100701 access=0
19600;01:17:47.260321;Dbg;deqna;8519;qunibusdevice.cpp;249;update_csr_reg CSR: STA0=177522 STA1=177524 RCLL=177400/172742 RCLH=177422/000005 XMTL=177464/173242 XMTH=177526/000005 VECTOR=000774/000774 CSR=010521/100701
19601;01:17:47.260328;Dbg;deqna;8519;deqna.cpp;643;DEQNA: CSR change prev=110521 now=010521 set=000501 clr=103216
19602;01:17:47.260340;Dbg;deqna;8519;deqna.cpp;595;DEQNA: INTR deassert, csr=010521 ie=1
19603;01:17:47.260348;Dbg;deqna;8519;deqna.cpp;730;DEQNA: INTR deassert, csr=010521
19604;01:17:47.260491;Dbg;deqna;8526;deqna.cpp;595;DEQNA: INTR deassert, csr=010521 ie=1
19605;01:17:47.262580;Dbg;deqna;8526;deqna.cpp;2095;DEQNA: TX desc_read_words @ 01373256 words=6
19606;01:17:47.262725;Dbg;deqna;8526;deqna.cpp;2108;DEQNA: TX list end (V=0) - XI/XL set desc=1373256
19607;01:17:47.267899;Dbg;deqna;8526;deqna.cpp;2095;DEQNA: TX desc_read_words @ 01373256 words=6
19608;01:17:47.268041;Dbg;deqna;8526;deqna.cpp;2108;DEQNA: TX list end (V=0) - XI/XL set desc=1373256
19609;01:17:47.273207;Dbg;deqna;8526;deqna.cpp;2095;DEQNA: TX desc_read_words @ 01373256 words=6
19610;01:17:47.273336;Dbg;deqna;8526;deqna.cpp;2108;DEQNA: TX list end (V=0) - XI/XL set desc=1373256
19611;01:17:47.278492;Dbg;deqna;8526;deqna.cpp;2095;DEQNA: TX desc_read_words @ 01373256 words=6
19612;01:17:47.278678;Dbg;deqna;8526;deqna.cpp;2108;DEQNA: TX list end (V=0) - XI/XL set desc=1373256
19613;01:17:47.283910;Dbg;deqna;8526;deqna.cpp;2095;DEQNA: TX desc_read_words @ 01373256 words=6
19614;01:17:47.284068;Dbg;deqna;8526;deqna.cpp;2108;DEQNA: TX list end (V=0) - XI/XL set desc=1373256
19615;01:17:47.289238;Dbg;deqna;8526;deqna.cpp;2095;DEQNA: TX desc_read_words @ 01373256 words=6
19616;01:17:47.289371;Dbg;deqna;8526;deqna.cpp;2108;DEQNA: TX list end (V=0) - XI/XL set desc=1373256
19617;01:17:47.294523;Dbg;deqna;8526;deqna.cpp;2095;DEQNA: TX desc_read_words @ 01373256 words=6
19618;01:17:47.294651;Dbg;deqna;8526;deqna.cpp;2108;DEQNA: TX list end (V=0) - XI/XL set desc=1373256
19619;01:17:47.299815;Dbg;deqna;8526;deqna.cpp;2095;DEQNA: TX desc_read_words @ 01373256 words=6
19620;01:17:47.299950;Dbg;deqna;8526;deqna.cpp;2108;DEQNA: TX list end (V=0) - XI/XL set desc=1373256
19621;01:17:47.305120;Dbg;deqna;8526;deqna.cpp;2095;DEQNA: TX desc_read_words @ 01373256 words=6
19622;01:17:47.305248;Dbg;deqna;8526;deqna.cpp;2108;DEQNA: TX list end (V=0) - XI/XL set desc=1373256
19623;01:17:47.310419;Dbg;deqna;8526;deqna.cpp;2095;DEQNA: TX desc_read_words @ 01373256 words=6
19624;01:17:47.310549;Dbg;deqna;8526;deqna.cpp;2108;DEQNA: TX list end (V=0) - XI/XL set desc=1373256
19625;01:17:47.315701;Dbg;deqna;8526;deqna.cpp;2095;DEQNA: TX desc_read_words @ 01373256 words=6
19626;01:17:47.315827;Dbg;deqna;8526;deqna.cpp;2108;DEQNA: TX list end (V=0) - XI/XL set desc=1373256
19627;01:17:47.321005;Dbg;deqna;8526;deqna.cpp;2095;DEQNA: TX desc_read_words @ 01373256 words=6
19628;01:17:47.321196;Dbg;deqna;8526;deqna.cpp;2108;DEQNA: TX list end (V=0) - XI/XL set desc=1373256
19629;01:17:47.326371;Dbg;deqna;8526;deqna.cpp;2095;DEQNA: TX desc_read_words @ 01373256 words=6
19630;01:17:47.326506;Dbg;deqna;8526;deqna.cpp;2108;DEQNA: TX list end (V=0) - XI/XL set desc=1373256
19631;01:17:47.331685;Dbg;deqna;8526;deqna.cpp;2095;DEQNA: TX desc_read_words @ 01373256 words=6
19632;01:17:47.331826;Dbg;deqna;8526;deqna.cpp;2108;DEQNA: TX list end (V=0) - XI/XL set desc=1373256
19633;01:17:47.336977;Dbg;deqna;8526;deqna.cpp;2095;DEQNA: TX desc_read_words @ 01373256 words=6
19634;01:17:47.337106;Dbg;deqna;8526;deqna.cpp;2108;DEQNA: TX list end (V=0) - XI/XL set desc=1373256
19635;01:17:47.342275;Dbg;deqna;8526;deqna.cpp;2095;DEQNA: TX desc_read_words @ 01373256 words=6
19636;01:17:47.342411;Dbg;deqna;8526;deqna.cpp;2108;DEQNA: TX list end (V=0) - XI/XL set desc=1373256
19637;01:17:47.347559;Dbg;deqna;8526;deqna.cpp;2095;DEQNA: TX desc_read_words @ 01373256 words=6
19638;01:17:47.347685;Dbg;deqna;8526;deqna.cpp;2108;DEQNA: TX list end (V=0) - XI/XL set desc=1373256
19639;01:17:47.352989;Dbg;deqna;8526;deqna.cpp;2095;DEQNA: TX desc_read_words @ 01373256 words=6
19640;01:17:47.353303;Dbg;deqna;8526;deqna.cpp;2108;DEQNA: TX list end (V=0) - XI/XL set desc=1373256
19641;01:17:47.358729;Dbg;deqna;8526;deqna.cpp;2095;DEQNA: TX desc_read_words @ 01373256 words=6
19642;01:17:47.359023;Dbg;deqna;8526;deqna.cpp;2108;DEQNA: TX list end (V=0) - XI/XL set desc=1373256
19643;01:17:47.364369;Dbg;deqna;8526;deqna.cpp;2095;DEQNA: TX desc_read_words @ 01373256 words=6
19644;01:17:47.364621;Dbg;deqna;8526;deqna.cpp;2108;DEQNA: TX list end (V=0) - XI/XL set desc=1373256
19645;01:17:47.369957;Dbg;deqna;8526;deqna.cpp;2095;DEQNA: TX desc_read_words @ 01373256 words=6
19646;01:17:47.370194;Dbg;deqna;8526;deqna.cpp;2108;DEQNA: TX list end (V=0) - XI/XL set desc=1373256
19647;01:17:47.375514;Dbg;deqna;8526;deqna.cpp;2095;DEQNA: TX desc_read_words @ 01373256 words=6
19648;01:17:47.375754;Dbg;deqna;8526;deqna.cpp;2108;DEQNA: TX list end (V=0) - XI/XL set desc=1373256
19649;01:17:47.381201;Dbg;deqna;8526;deqna.cpp;2095;DEQNA: TX desc_read_words @ 01373256 words=6
19650;01:17:47.381474;Dbg;deqna;8526;deqna.cpp;2108;DEQNA: TX list end (V=0) - XI/XL set desc=1373256
19651;01:17:47.386949;Dbg;deqna;8526;deqna.cpp;2095;DEQNA: TX desc_read_words @ 01373256 words=6
19652;01:17:47.387242;Dbg;deqna;8526;deqna.cpp;2108;DEQNA: TX list end (V=0) - XI/XL set desc=1373256
19653;01:17:47.392543;Dbg;deqna;8526;deqna.cpp;2095;DEQNA: TX desc_read_words @ 01373256 words=6
19654;01:17:47.392776;Dbg;deqna;8526;deqna.cpp;2108;DEQNA: TX list end (V=0) - XI/XL set desc=1373256
19655;01:17:47.398089;Dbg;deqna;8526;deqna.cpp;2095;DEQNA: TX desc_read_words @ 01373256 words=6
19656;01:17:47.398330;Dbg;deqna;8526;deqna.cpp;2108;DEQNA: TX list end (V=0) - XI/XL set desc=1373256
19657;01:17:47.403658;Dbg;deqna;8526;deqna.cpp;2095;DEQNA: TX desc_read_words @ 01373256 words=6
19658;01:17:47.403894;Dbg;deqna;8526;deqna.cpp;2108;DEQNA: TX list end (V=0) - XI/XL set desc=1373256
19659;01:17:47.409290;Dbg;deqna;8526;deqna.cpp;2095;DEQNA: TX desc_read_words @ 01373256 words=6
19660;01:17:47.409561;Dbg;deqna;8526;deqna.cpp;2108;DEQNA: TX list end (V=0) - XI/XL set desc=1373256
19661;01:17:47.414973;Dbg;deqna;8526;deqna.cpp;2095;DEQNA: TX desc_read_words @ 01373256 words=6
19662;01:17:47.415251;Dbg;deqna;8526;deqna.cpp;2108;DEQNA: TX list end (V=0) - XI/XL set desc=1373256
19663;01:17:47.420565;Dbg;deqna;8526;deqna.cpp;2095;DEQNA: TX desc_read_words @ 01373256 words=6
19664;01:17:47.420806;Dbg;deqna;8526;deqna.cpp;2108;DEQNA: TX list end (V=0) - XI/XL set desc=1373256
19665;01:17:47.426151;Dbg;deqna;8526;deqna.cpp;2095;DEQNA: TX desc_read_words @ 01373256 words=6
19666;01:17:47.426404;Dbg;deqna;8526;deqna.cpp;2108;DEQNA: TX list end (V=0) - XI/XL set desc=1373256
19667;01:17:47.431738;Dbg;deqna;8526;deqna.cpp;2095;DEQNA: TX desc_read_words @ 01373256 words=6
19668;01:17:47.431993;Dbg;deqna;8526;deqna.cpp;2108;DEQNA: TX list end (V=0) - XI/XL set desc=1373256
19669;01:17:47.437296;Dbg;deqna;8526;deqna.cpp;2095;DEQNA: TX desc_read_words @ 01373256 words=6
19670;01:17:47.437611;Dbg;deqna;8526;deqna.cpp;2108;DEQNA: TX list end (V=0) - XI/XL set desc=1373256
19671;01:17:47.439981;Dbg;deqna;8525;deqna.cpp;1365;DEQNA: Enqueue RX type=2 len=60 status=000000 queue=0
19672;01:17:47.440241;Dbg;deqna;8525;deqna.cpp;1392;DEQNA: ENQ DBG type=2 len=60 data=ffffffffffff506b 4b43b2a608060001 080006040001506b 4b43b2a6c0a80111 000000000000c0a8 010d000000000000 0000000000000000 00000000
19673;01:17:47.440276;Dbg;deqna;8525;deqna.cpp;1613;DEQNA: RX desc_read_words @ 01373066 words=4
19674;01:17:47.440717;Dbg;deqna;8525;deqna.cpp;1721;DEQNA: RX deliver type=2 rbl=60 to addr=01537100 blen=2048 desc=1373066
19675;01:17:47.441078;Dbg;deqna;8525;deqna.cpp;1798;DEQNA: RX status type=2 st1=000370 st2=000000 desc=1373076
19676;01:17:47.441315;Dbg;deqna;8525;deqna.cpp;1865;DEQNA: RI set (rx_processed=1 queue=0 rbdl=1373102)
19677;01:17:47.441419;Dbg;deqna;8525;qunibusdevice.cpp;249;update_csr_reg CSR: STA0=177522 STA1=177524 RCLL=177400/172742 RCLH=177422/000005 XMTL=177464/173242 XMTH=177526/000005 VECTOR=000774/000774 CSR=110521/100701
19678;01:17:47.441434;Dbg;deqna;8525;deqna.cpp;643;DEQNA: CSR change prev=010521 now=110521 set=100000 clr=000000
19679;01:17:47.441512;Dbg;deqna;8525;qunibusdevice.cpp;249;update_csr_reg CSR: STA0=177522 STA1=177524 RCLL=177400/172742 RCLH=177422/000005 XMTL=177464/173242 XMTH=177526/000005 VECTOR=000774/000774 CSR=110521/100701
19680;01:17:47.441527;Dbg;deqna;8525;deqna.cpp;586;DEQNA: INTR assert, csr=110521 ie=1
19681;01:17:47.441546;Dbg;deqna;8525;deqna.cpp;724;DEQNA: INTR assert, csr=110521 vec=374 level=5
19682;01:17:47.441760;Dbg;deqna;8519;qunibusdevice.cpp;249;DATO CSR: STA0=177522 STA1=177524 RCLL=177400/172742 RCLH=177422/000005 XMTL=177464/173242 XMTH=177526/000005 VECTOR=000774/000774 CSR=110521/100701
19683;01:17:47.441781;Dbg;deqna;8519;deqna.cpp;1202;DEQNA: Write CSR (reg 7) = 100701 access=0
19684;01:17:47.441868;Dbg;deqna;8519;qunibusdevice.cpp;249;update_csr_reg CSR: STA0=177522 STA1=177524 RCLL=177400/172742 RCLH=177422/000005 XMTL=177464/173242 XMTH=177526/000005 VECTOR=000774/000774 CSR=010521/100701
19685;01:17:47.441881;Dbg;deqna;8519;deqna.cpp;643;DEQNA: CSR change prev=110521 now=010521 set=000501 clr=103216
19686;01:17:47.441904;Dbg;deqna;8519;deqna.cpp;595;DEQNA: INTR deassert, csr=010521 ie=1
19687;01:17:47.441920;Dbg;deqna;8519;deqna.cpp;730;DEQNA: INTR deassert, csr=010521
19688;01:17:47.442034;Dbg;deqna;8526;deqna.cpp;595;DEQNA: INTR deassert, csr=010521 ie=1
19689;01:17:47.443158;Dbg;deqna;8526;deqna.cpp;2095;DEQNA: TX desc_read_words @ 01373256 words=6
19690;01:17:47.443431;Dbg;deqna;8526;deqna.cpp;2108;DEQNA: TX list end (V=0) - XI/XL set desc=1373256
19691;01:17:47.448728;Dbg;deqna;8526;deqna.cpp;2095;DEQNA: TX desc_read_words @ 01373256 words=6
19692;01:17:47.449004;Dbg;deqna;8526;deqna.cpp;2108;DEQNA: TX list end (V=0) - XI/XL set desc=1373256
19693;01:17:47.454462;Dbg;deqna;8526;deqna.cpp;2095;DEQNA: TX desc_read_words @ 01373256 words=6
19694;01:17:47.454777;Dbg;deqna;8526;deqna.cpp;2108;DEQNA: TX list end (V=0) - XI/XL set desc=1373256
19695;01:17:47.459832;Dbg;deqna;8525;deqna.cpp;1365;DEQNA: Enqueue RX type=2 len=60 status=000000 queue=0
19696;01:17:47.460088;Dbg;deqna;8525;deqna.cpp;1392;DEQNA: ENQ DBG type=2 len=60 data=ffffffffffff2870 4e38d94008060001 0800060400012870 4e38d940c0a80101 000000000000c0a8 01d4000000000000 0000000000000000 00000000
19697;01:17:47.460120;Dbg;deqna;8525;deqna.cpp;1613;DEQNA: RX desc_read_words @ 01373102 words=4
19698;01:17:47.460607;Dbg;deqna;8525;deqna.cpp;1721;DEQNA: RX deliver type=2 rbl=60 to addr=01543100 blen=2048 desc=1373102
19699;01:17:47.460900;Dbg;deqna;8525;deqna.cpp;1798;DEQNA: RX status type=2 st1=000370 st2=000000 desc=1373112
19700;01:17:47.461135;Dbg;deqna;8525;deqna.cpp;1865;DEQNA: RI set (rx_processed=1 queue=0 rbdl=1373116)
19701;01:17:47.461235;Dbg;deqna;8525;qunibusdevice.cpp;249;update_csr_reg CSR: STA0=177522 STA1=177524 RCLL=177400/172742 RCLH=177422/000005 XMTL=177464/173242 XMTH=177526/000005 VECTOR=000774/000774 CSR=110521/100701
19702;01:17:47.461251;Dbg;deqna;8525;deqna.cpp;643;DEQNA: CSR change prev=010521 now=110521 set=100000 clr=000000
19703;01:17:47.461328;Dbg;deqna;8525;qunibusdevice.cpp;249;update_csr_reg CSR: STA0=177522 STA1=177524 RCLL=177400/172742 RCLH=177422/000005 XMTL=177464/173242 XMTH=177526/000005 VECTOR=000774/000774 CSR=110521/100701
19704;01:17:47.461342;Dbg;deqna;8525;deqna.cpp;586;DEQNA: INTR assert, csr=110521 ie=1
19705;01:17:47.461361;Dbg;deqna;8525;deqna.cpp;724;DEQNA: INTR assert, csr=110521 vec=374 level=5
19706;01:17:47.461493;Dbg;deqna;8526;deqna.cpp;2095;DEQNA: TX desc_read_words @ 01373256 words=6
19707;01:17:47.461678;Dbg;deqna;8519;qunibusdevice.cpp;249;DATO CSR: STA0=177522 STA1=177524 RCLL=177400/172742 RCLH=177422/000005 XMTL=177464/173242 XMTH=177526/000005 VECTOR=000774/000774 CSR=110521/100701
19708;01:17:47.461697;Dbg;deqna;8519;deqna.cpp;1202;DEQNA: Write CSR (reg 7) = 100701 access=0
19709;01:17:47.461780;Dbg;deqna;8519;qunibusdevice.cpp;249;update_csr_reg CSR: STA0=177522 STA1=177524 RCLL=177400/172742 RCLH=177422/000005 XMTL=177464/173242 XMTH=177526/000005 VECTOR=000774/000774 CSR=010521/100701
19710;01:17:47.461792;Dbg;deqna;8519;deqna.cpp;643;DEQNA: CSR change prev=110521 now=010521 set=000501 clr=103216
19711;01:17:47.461815;Dbg;deqna;8519;deqna.cpp;595;DEQNA: INTR deassert, csr=010521 ie=1
19712;01:17:47.461833;Dbg;deqna;8519;deqna.cpp;730;DEQNA: INTR deassert, csr=010521
19713;01:17:47.462063;Dbg;deqna;8526;deqna.cpp;2108;DEQNA: TX list end (V=0) - XI/XL set desc=1373256
19714;01:17:47.462498;Dbg;deqna;8525;deqna.cpp;595;DEQNA: INTR deassert, csr=010521 ie=1
19715;01:17:47.467383;Dbg;deqna;8526;deqna.cpp;2095;DEQNA: TX desc_read_words @ 01373256 words=6
19716;01:17:47.467649;Dbg;deqna;8526;deqna.cpp;2108;DEQNA: TX list end (V=0) - XI/XL set desc=1373256
19717;01:17:47.472946;Dbg;deqna;8526;deqna.cpp;2095;DEQNA: TX desc_read_words @ 01373256 words=6
19718;01:17:47.473268;Dbg;deqna;8526;deqna.cpp;2108;DEQNA: TX list end (V=0) - XI/XL set desc=1373256
19719;01:17:47.478704;Dbg;deqna;8526;deqna.cpp;2095;DEQNA: TX desc_read_words @ 01373256 words=6
19720;01:17:47.478991;Dbg;deqna;8526;deqna.cpp;2108;DEQNA: TX list end (V=0) - XI/XL set desc=1373256
19721;01:17:47.484318;Dbg;deqna;8526;deqna.cpp;2095;DEQNA: TX desc_read_words @ 01373256 words=6
19722;01:17:47.484567;Dbg;deqna;8526;deqna.cpp;2108;DEQNA: TX list end (V=0) - XI/XL set desc=1373256
19723;01:17:47.489911;Dbg;deqna;8526;deqna.cpp;2095;DEQNA: TX desc_read_words @ 01373256 words=6
19724;01:17:47.490157;Dbg;deqna;8526;deqna.cpp;2108;DEQNA: TX list end (V=0) - XI/XL set desc=1373256
19725;01:17:47.495451;Dbg;deqna;8526;deqna.cpp;2095;DEQNA: TX desc_read_words @ 01373256 words=6
19726;01:17:47.495736;Dbg;deqna;8526;deqna.cpp;2108;DEQNA: TX list end (V=0) - XI/XL set desc=1373256
19727;01:17:47.501165;Dbg;deqna;8526;deqna.cpp;2095;DEQNA: TX desc_read_words @ 01373256 words=6
19728;01:17:47.501455;Dbg;deqna;8526;deqna.cpp;2108;DEQNA: TX list end (V=0) - XI/XL set desc=1373256
19729;01:17:47.506750;Dbg;deqna;8526;deqna.cpp;2095;DEQNA: TX desc_read_words @ 01373256 words=6
19730;01:17:47.506983;Dbg;deqna;8526;deqna.cpp;2108;DEQNA: TX list end (V=0) - XI/XL set desc=1373256
19731;01:17:47.512329;Dbg;deqna;8526;deqna.cpp;2095;DEQNA: TX desc_read_words @ 01373256 words=6
19732;01:17:47.512594;Dbg;deqna;8526;deqna.cpp;2108;DEQNA: TX list end (V=0) - XI/XL set desc=1373256
19733;01:17:47.517885;Dbg;deqna;8526;deqna.cpp;2095;DEQNA: TX desc_read_words @ 01373256 words=6
19734;01:17:47.518122;Dbg;deqna;8526;deqna.cpp;2108;DEQNA: TX list end (V=0) - XI/XL set desc=1373256
19735;01:17:47.523692;Dbg;deqna;8526;deqna.cpp;2095;DEQNA: TX desc_read_words @ 01373256 words=6
19736;01:17:47.524013;Dbg;deqna;8526;deqna.cpp;2108;DEQNA: TX list end (V=0) - XI/XL set desc=1373256
19737;01:17:47.529428;Dbg;deqna;8526;deqna.cpp;2095;DEQNA: TX desc_read_words @ 01373256 words=6
19738;01:17:47.529743;Dbg;deqna;8526;deqna.cpp;2108;DEQNA: TX list end (V=0) - XI/XL set desc=1373256
19739;01:17:47.535045;Dbg;deqna;8526;deqna.cpp;2095;DEQNA: TX desc_read_words @ 01373256 words=6
19740;01:17:47.535299;Dbg;deqna;8526;deqna.cpp;2108;DEQNA: TX list end (V=0) - XI/XL set desc=1373256
19741;01:17:47.539830;Dbg;deqna;8525;deqna.cpp;1365;DEQNA: Enqueue RX type=2 len=60 status=000000 queue=0
19742;01:17:47.540086;Dbg;deqna;8525;deqna.cpp;1392;DEQNA: ENQ DBG type=2 len=60 data=ffffffffffff6462 6622847608060001 0800060400016462 66228476c0a80109 000000000000c0a8 010d000000000000 0000000000000000 00000000
19743;01:17:47.540119;Dbg;deqna;8525;deqna.cpp;1613;DEQNA: RX desc_read_words @ 01373116 words=4
19744;01:17:47.540550;Dbg;deqna;8525;deqna.cpp;1721;DEQNA: RX deliver type=2 rbl=60 to addr=01547100 blen=2048 desc=1373116
19745;01:17:47.540874;Dbg;deqna;8525;deqna.cpp;1798;DEQNA: RX status type=2 st1=000370 st2=000000 desc=1373126
19746;01:17:47.541141;Dbg;deqna;8525;deqna.cpp;1865;DEQNA: RI set (rx_processed=1 queue=0 rbdl=1373132)
19747;01:17:47.541243;Dbg;deqna;8525;qunibusdevice.cpp;249;update_csr_reg CSR: STA0=177522 STA1=177524 RCLL=177400/172742 RCLH=177422/000005 XMTL=177464/173242 XMTH=177526/000005 VECTOR=000774/000774 CSR=110521/100701
19748;01:17:47.541259;Dbg;deqna;8525;deqna.cpp;643;DEQNA: CSR change prev=010521 now=110521 set=100000 clr=000000
19749;01:17:47.541338;Dbg;deqna;8525;qunibusdevice.cpp;249;update_csr_reg CSR: STA0=177522 STA1=177524 RCLL=177400/172742 RCLH=177422/000005 XMTL=177464/173242 XMTH=177526/000005 VECTOR=000774/000774 CSR=110521/100701
19750;01:17:47.541353;Dbg;deqna;8525;deqna.cpp;586;DEQNA: INTR assert, csr=110521 ie=1
19751;01:17:47.541370;Dbg;deqna;8525;deqna.cpp;724;DEQNA: INTR assert, csr=110521 vec=374 level=5
19752;01:17:47.541498;Dbg;deqna;8526;deqna.cpp;2095;DEQNA: TX desc_read_words @ 01373256 words=6
19753;01:17:47.541681;Dbg;deqna;8519;qunibusdevice.cpp;249;DATO CSR: STA0=177522 STA1=177524 RCLL=177400/172742 RCLH=177422/000005 XMTL=177464/173242 XMTH=177526/000005 VECTOR=000774/000774 CSR=110521/100701
19754;01:17:47.541702;Dbg;deqna;8519;deqna.cpp;1202;DEQNA: Write CSR (reg 7) = 100701 access=0
19755;01:17:47.541787;Dbg;deqna;8519;qunibusdevice.cpp;249;update_csr_reg CSR: STA0=177522 STA1=177524 RCLL=177400/172742 RCLH=177422/000005 XMTL=177464/173242 XMTH=177526/000005 VECTOR=000774/000774 CSR=010521/100701
19756;01:17:47.541799;Dbg;deqna;8519;deqna.cpp;643;DEQNA: CSR change prev=110521 now=010521 set=000501 clr=103216
19757;01:17:47.541823;Dbg;deqna;8519;deqna.cpp;595;DEQNA: INTR deassert, csr=010521 ie=1
19758;01:17:47.541841;Dbg;deqna;8519;deqna.cpp;730;DEQNA: INTR deassert, csr=010521
19759;01:17:47.542071;Dbg;deqna;8526;deqna.cpp;2108;DEQNA: TX list end (V=0) - XI/XL set desc=1373256
19760;01:17:47.542506;Dbg;deqna;8525;deqna.cpp;595;DEQNA: INTR deassert, csr=010521 ie=1
19761;01:17:47.547392;Dbg;deqna;8526;deqna.cpp;2095;DEQNA: TX desc_read_words @ 01373256 words=6
19762;01:17:47.547652;Dbg;deqna;8526;deqna.cpp;2108;DEQNA: TX list end (V=0) - XI/XL set desc=1373256
19763;01:17:47.552955;Dbg;deqna;8526;deqna.cpp;2095;DEQNA: TX desc_read_words @ 01373256 words=6
19764;01:17:47.553276;Dbg;deqna;8526;deqna.cpp;2108;DEQNA: TX list end (V=0) - XI/XL set desc=1373256
19765;01:17:47.558597;Dbg;deqna;8526;deqna.cpp;2095;DEQNA: TX desc_read_words @ 01373256 words=6
19766;01:17:47.558912;Dbg;deqna;8526;deqna.cpp;2108;DEQNA: TX list end (V=0) - XI/XL set desc=1373256
19767;01:17:47.564239;Dbg;deqna;8526;deqna.cpp;2095;DEQNA: TX desc_read_words @ 01373256 words=6
19768;01:17:47.564475;Dbg;deqna;8526;deqna.cpp;2108;DEQNA: TX list end (V=0) - XI/XL set desc=1373256
19769;01:17:47.569830;Dbg;deqna;8526;deqna.cpp;2095;DEQNA: TX desc_read_words @ 01373256 words=6
19770;01:17:47.570074;Dbg;deqna;8526;deqna.cpp;2108;DEQNA: TX list end (V=0) - XI/XL set desc=1373256
19771;01:17:47.575366;Dbg;deqna;8526;deqna.cpp;2095;DEQNA: TX desc_read_words @ 01373256 words=6
19772;01:17:47.575649;Dbg;deqna;8526;deqna.cpp;2108;DEQNA: TX list end (V=0) - XI/XL set desc=1373256
19773;01:17:47.581083;Dbg;deqna;8526;deqna.cpp;2095;DEQNA: TX desc_read_words @ 01373256 words=6
19774;01:17:47.581378;Dbg;deqna;8526;deqna.cpp;2108;DEQNA: TX list end (V=0) - XI/XL set desc=1373256
19775;01:17:47.586704;Dbg;deqna;8526;deqna.cpp;2095;DEQNA: TX desc_read_words @ 01373256 words=6
19776;01:17:47.586973;Dbg;deqna;8526;deqna.cpp;2108;DEQNA: TX list end (V=0) - XI/XL set desc=1373256
19777;01:17:47.592284;Dbg;deqna;8526;deqna.cpp;2095;DEQNA: TX desc_read_words @ 01373256 words=6
19778;01:17:47.592527;Dbg;deqna;8526;deqna.cpp;2108;DEQNA: TX list end (V=0) - XI/XL set desc=1373256
19779;01:17:47.597819;Dbg;deqna;8526;deqna.cpp;2095;DEQNA: TX desc_read_words @ 01373256 words=6
19780;01:17:47.598087;Dbg;deqna;8526;deqna.cpp;2108;DEQNA: TX list end (V=0) - XI/XL set desc=1373256
19781;01:17:47.603543;Dbg;deqna;8526;deqna.cpp;2095;DEQNA: TX desc_read_words @ 01373256 words=6
19782;01:17:47.603813;Dbg;deqna;8526;deqna.cpp;2108;DEQNA: TX list end (V=0) - XI/XL set desc=1373256
19783;01:17:47.609271;Dbg;deqna;8526;deqna.cpp;2095;DEQNA: TX desc_read_words @ 01373256 words=6
19784;01:17:47.609586;Dbg;deqna;8526;deqna.cpp;2108;DEQNA: TX list end (V=0) - XI/XL set desc=1373256
19785;01:17:47.614887;Dbg;deqna;8526;deqna.cpp;2095;DEQNA: TX desc_read_words @ 01373256 words=6
19786;01:17:47.615125;Dbg;deqna;8526;deqna.cpp;2108;DEQNA: TX list end (V=0) - XI/XL set desc=1373256
19787;01:17:47.620437;Dbg;deqna;8526;deqna.cpp;2095;DEQNA: TX desc_read_words @ 01373256 words=6
19788;01:17:47.620733;Dbg;deqna;8526;deqna.cpp;2108;DEQNA: TX list end (V=0) - XI/XL set desc=1373256
19789;01:17:47.626110;Dbg;deqna;8526;deqna.cpp;2095;DEQNA: TX desc_read_words @ 01373256 words=6
19790;01:17:47.626398;Dbg;deqna;8526;deqna.cpp;2108;DEQNA: TX list end (V=0) - XI/XL set desc=1373256
19791;01:17:47.632095;Dbg;deqna;8526;deqna.cpp;2095;DEQNA: TX desc_read_words @ 01373256 words=6
19792;01:17:47.632535;Dbg;deqna;8526;deqna.cpp;2108;DEQNA: TX list end (V=0) - XI/XL set desc=1373256
19793;01:17:47.637958;Dbg;deqna;8526;deqna.cpp;2095;DEQNA: TX desc_read_words @ 01373256 words=6
19794;01:17:47.638267;Dbg;deqna;8526;deqna.cpp;2108;DEQNA: TX list end (V=0) - XI/XL set desc=1373256
19795;01:17:47.643594;Dbg;deqna;8526;deqna.cpp;2095;DEQNA: TX desc_read_words @ 01373256 words=6
19796;01:17:47.643848;Dbg;deqna;8526;deqna.cpp;2108;DEQNA: TX list end (V=0) - XI/XL set desc=1373256
19797;01:17:47.649160;Dbg;deqna;8526;deqna.cpp;2095;DEQNA: TX desc_read_words @ 01373256 words=6
19798;01:17:47.649441;Dbg;deqna;8526;deqna.cpp;2108;DEQNA: TX list end (V=0) - XI/XL set desc=1373256
19799;01:17:47.655427;Dbg;deqna;8526;deqna.cpp;2095;DEQNA: TX desc_read_words @ 01373256 words=6
19800;01:17:47.655587;Dbg;deqna;8526;deqna.cpp;2108;DEQNA: TX list end (V=0) - XI/XL set desc=1373256
19801;01:17:47.660748;Dbg;deqna;8526;deqna.cpp;2095;DEQNA: TX desc_read_words @ 01373256 words=6
19802;01:17:47.660885;Dbg;deqna;8526;deqna.cpp;2108;DEQNA: TX list end (V=0) - XI/XL set desc=1373256
19803;01:17:47.666048;Dbg;deqna;8526;deqna.cpp;2095;DEQNA: TX desc_read_words @ 01373256 words=6
19804;01:17:47.666182;Dbg;deqna;8526;deqna.cpp;2108;DEQNA: TX list end (V=0) - XI/XL set desc=1373256
19805;01:17:47.671339;Dbg;deqna;8526;deqna.cpp;2095;DEQNA: TX desc_read_words @ 01373256 words=6
19806;01:17:47.671491;Dbg;deqna;8526;deqna.cpp;2108;DEQNA: TX list end (V=0) - XI/XL set desc=1373256
19807;01:17:47.676699;Dbg;deqna;8526;deqna.cpp;2095;DEQNA: TX desc_read_words @ 01373256 words=6
19808;01:17:47.676870;Dbg;deqna;8526;deqna.cpp;2108;DEQNA: TX list end (V=0) - XI/XL set desc=1373256
19809;01:17:47.682048;Dbg;deqna;8526;deqna.cpp;2095;DEQNA: TX desc_read_words @ 01373256 words=6
19810;01:17:47.682187;Dbg;deqna;8526;deqna.cpp;2108;DEQNA: TX list end (V=0) - XI/XL set desc=1373256
19811;01:17:47.687355;Dbg;deqna;8526;deqna.cpp;2095;DEQNA: TX desc_read_words @ 01373256 words=6
19812;01:17:47.687503;Dbg;deqna;8526;deqna.cpp;2108;DEQNA: TX list end (V=0) - XI/XL set desc=1373256
19813;01:17:47.692664;Dbg;deqna;8526;deqna.cpp;2095;DEQNA: TX desc_read_words @ 01373256 words=6
19814;01:17:47.692798;Dbg;deqna;8526;deqna.cpp;2108;DEQNA: TX list end (V=0) - XI/XL set desc=1373256
19815;01:17:47.697950;Dbg;deqna;8526;deqna.cpp;2095;DEQNA: TX desc_read_words @ 01373256 words=6
19816;01:17:47.698077;Dbg;deqna;8526;deqna.cpp;2108;DEQNA: TX list end (V=0) - XI/XL set desc=1373256
19817;01:17:47.703252;Dbg;deqna;8526;deqna.cpp;2095;DEQNA: TX desc_read_words @ 01373256 words=6
19818;01:17:47.703388;Dbg;deqna;8526;deqna.cpp;2108;DEQNA: TX list end (V=0) - XI/XL set desc=1373256
19819;01:17:47.708558;Dbg;deqna;8526;deqna.cpp;2095;DEQNA: TX desc_read_words @ 01373256 words=6
19820;01:17:47.708730;Dbg;deqna;8526;deqna.cpp;2108;DEQNA: TX list end (V=0) - XI/XL set desc=1373256
19821;01:17:47.713938;Dbg;deqna;8526;deqna.cpp;2095;DEQNA: TX desc_read_words @ 01373256 words=6
19822;01:17:47.714092;Dbg;deqna;8526;deqna.cpp;2108;DEQNA: TX list end (V=0) - XI/XL set desc=1373256
19823;01:17:47.719248;Dbg;deqna;8526;deqna.cpp;2095;DEQNA: TX desc_read_words @ 01373256 words=6
19824;01:17:47.719378;Dbg;deqna;8526;deqna.cpp;2108;DEQNA: TX list end (V=0) - XI/XL set desc=1373256
19825;01:17:47.724556;Dbg;deqna;8526;deqna.cpp;2095;DEQNA: TX desc_read_words @ 01373256 words=6
19826;01:17:47.724701;Dbg;deqna;8526;deqna.cpp;2108;DEQNA: TX list end (V=0) - XI/XL set desc=1373256
19827;01:17:47.729874;Dbg;deqna;8526;deqna.cpp;2095;DEQNA: TX desc_read_words @ 01373256 words=6
19828;01:17:47.730004;Dbg;deqna;8526;deqna.cpp;2108;DEQNA: TX list end (V=0) - XI/XL set desc=1373256
19829;01:17:47.735174;Dbg;deqna;8526;deqna.cpp;2095;DEQNA: TX desc_read_words @ 01373256 words=6
19830;01:17:47.735303;Dbg;deqna;8526;deqna.cpp;2108;DEQNA: TX list end (V=0) - XI/XL set desc=1373256
19831;01:17:47.740456;Dbg;deqna;8526;deqna.cpp;2095;DEQNA: TX desc_read_words @ 01373256 words=6
19832;01:17:47.740588;Dbg;deqna;8526;deqna.cpp;2108;DEQNA: TX list end (V=0) - XI/XL set desc=1373256
19833;01:17:47.745750;Dbg;deqna;8526;deqna.cpp;2095;DEQNA: TX desc_read_words @ 01373256 words=6
19834;01:17:47.745883;Dbg;deqna;8526;deqna.cpp;2108;DEQNA: TX list end (V=0) - XI/XL set desc=1373256
19835;01:17:47.751036;Dbg;deqna;8526;deqna.cpp;2095;DEQNA: TX desc_read_words @ 01373256 words=6
19836;01:17:47.751197;Dbg;deqna;8526;deqna.cpp;2108;DEQNA: TX list end (V=0) - XI/XL set desc=1373256
19837;01:17:47.756362;Dbg;deqna;8526;deqna.cpp;2095;DEQNA: TX desc_read_words @ 01373256 words=6
19838;01:17:47.756493;Dbg;deqna;8526;deqna.cpp;2108;DEQNA: TX list end (V=0) - XI/XL set desc=1373256
19839;01:17:47.761656;Dbg;deqna;8526;deqna.cpp;2095;DEQNA: TX desc_read_words @ 01373256 words=6
19840;01:17:47.761787;Dbg;deqna;8526;deqna.cpp;2108;DEQNA: TX list end (V=0) - XI/XL set desc=1373256
19841;01:17:47.767075;Dbg;deqna;8526;deqna.cpp;2095;DEQNA: TX desc_read_words @ 01373256 words=6
19842;01:17:47.767500;Dbg;deqna;8526;deqna.cpp;2108;DEQNA: TX list end (V=0) - XI/XL set desc=1373256
19843;01:17:47.772686;Dbg;deqna;8526;deqna.cpp;2095;DEQNA: TX desc_read_words @ 01373256 words=6
19844;01:17:47.772853;Dbg;deqna;8526;deqna.cpp;2108;DEQNA: TX list end (V=0) - XI/XL set desc=1373256
19845;01:17:47.778081;Dbg;deqna;8526;deqna.cpp;2095;DEQNA: TX desc_read_words @ 01373256 words=6
19846;01:17:47.778253;Dbg;deqna;8526;deqna.cpp;2108;DEQNA: TX list end (V=0) - XI/XL set desc=1373256
19847;01:17:47.783426;Dbg;deqna;8526;deqna.cpp;2095;DEQNA: TX desc_read_words @ 01373256 words=6
19848;01:17:47.783568;Dbg;deqna;8526;deqna.cpp;2108;DEQNA: TX list end (V=0) - XI/XL set desc=1373256
19849;01:17:47.788753;Dbg;deqna;8526;deqna.cpp;2095;DEQNA: TX desc_read_words @ 01373256 words=6
19850;01:17:47.788892;Dbg;deqna;8526;deqna.cpp;2108;DEQNA: TX list end (V=0) - XI/XL set desc=1373256
19851;01:17:47.794042;Dbg;deqna;8526;deqna.cpp;2095;DEQNA: TX desc_read_words @ 01373256 words=6
19852;01:17:47.794167;Dbg;deqna;8526;deqna.cpp;2108;DEQNA: TX list end (V=0) - XI/XL set desc=1373256
19853;01:17:47.799324;Dbg;deqna;8526;deqna.cpp;2095;DEQNA: TX desc_read_words @ 01373256 words=6
19854;01:17:47.799461;Dbg;deqna;8526;deqna.cpp;2108;DEQNA: TX list end (V=0) - XI/XL set desc=1373256
19855;01:17:47.804611;Dbg;deqna;8526;deqna.cpp;2095;DEQNA: TX desc_read_words @ 01373256 words=6
19856;01:17:47.804738;Dbg;deqna;8526;deqna.cpp;2108;DEQNA: TX list end (V=0) - XI/XL set desc=1373256
19857;01:17:47.809902;Dbg;deqna;8526;deqna.cpp;2095;DEQNA: TX desc_read_words @ 01373256 words=6
19858;01:17:47.810036;Dbg;deqna;8526;deqna.cpp;2108;DEQNA: TX list end (V=0) - XI/XL set desc=1373256
19859;01:17:47.815184;Dbg;deqna;8526;deqna.cpp;2095;DEQNA: TX desc_read_words @ 01373256 words=6
19860;01:17:47.815342;Dbg;deqna;8526;deqna.cpp;2108;DEQNA: TX list end (V=0) - XI/XL set desc=1373256
19861;01:17:47.820505;Dbg;deqna;8526;deqna.cpp;2095;DEQNA: TX desc_read_words @ 01373256 words=6
19862;01:17:47.820638;Dbg;deqna;8526;deqna.cpp;2108;DEQNA: TX list end (V=0) - XI/XL set desc=1373256
19863;01:17:47.825797;Dbg;deqna;8526;deqna.cpp;2095;DEQNA: TX desc_read_words @ 01373256 words=6
19864;01:17:47.825941;Dbg;deqna;8526;deqna.cpp;2108;DEQNA: TX list end (V=0) - XI/XL set desc=1373256
19865;01:17:47.831102;Dbg;deqna;8526;deqna.cpp;2095;DEQNA: TX desc_read_words @ 01373256 words=6
19866;01:17:47.831242;Dbg;deqna;8526;deqna.cpp;2108;DEQNA: TX list end (V=0) - XI/XL set desc=1373256
19867;01:17:47.836394;Dbg;deqna;8526;deqna.cpp;2095;DEQNA: TX desc_read_words @ 01373256 words=6
19868;01:17:47.836523;Dbg;deqna;8526;deqna.cpp;2108;DEQNA: TX list end (V=0) - XI/XL set desc=1373256
19869;01:17:47.841687;Dbg;deqna;8526;deqna.cpp;2095;DEQNA: TX desc_read_words @ 01373256 words=6
19870;01:17:47.841826;Dbg;deqna;8526;deqna.cpp;2108;DEQNA: TX list end (V=0) - XI/XL set desc=1373256
19871;01:17:47.846991;Dbg;deqna;8526;deqna.cpp;2095;DEQNA: TX desc_read_words @ 01373256 words=6
19872;01:17:47.847118;Dbg;deqna;8526;deqna.cpp;2108;DEQNA: TX list end (V=0) - XI/XL set desc=1373256
19873;01:17:47.852293;Dbg;deqna;8526;deqna.cpp;2095;DEQNA: TX desc_read_words @ 01373256 words=6
19874;01:17:47.852488;Dbg;deqna;8526;deqna.cpp;2108;DEQNA: TX list end (V=0) - XI/XL set desc=1373256
19875;01:17:47.857641;Dbg;deqna;8526;deqna.cpp;2095;DEQNA: TX desc_read_words @ 01373256 words=6
19876;01:17:47.857773;Dbg;deqna;8526;deqna.cpp;2108;DEQNA: TX list end (V=0) - XI/XL set desc=1373256
19877;01:17:47.862958;Dbg;deqna;8526;deqna.cpp;2095;DEQNA: TX desc_read_words @ 01373256 words=6
19878;01:17:47.863098;Dbg;deqna;8526;deqna.cpp;2108;DEQNA: TX list end (V=0) - XI/XL set desc=1373256
19879;01:17:47.868266;Dbg;deqna;8526;deqna.cpp;2095;DEQNA: TX desc_read_words @ 01373256 words=6
19880;01:17:47.868394;Dbg;deqna;8526;deqna.cpp;2108;DEQNA: TX list end (V=0) - XI/XL set desc=1373256
19881;01:17:47.873548;Dbg;deqna;8526;deqna.cpp;2095;DEQNA: TX desc_read_words @ 01373256 words=6
19882;01:17:47.873679;Dbg;deqna;8526;deqna.cpp;2108;DEQNA: TX list end (V=0) - XI/XL set desc=1373256
19883;01:17:47.878833;Dbg;deqna;8526;deqna.cpp;2095;DEQNA: TX desc_read_words @ 01373256 words=6
19884;01:17:47.878963;Dbg;deqna;8526;deqna.cpp;2108;DEQNA: TX list end (V=0) - XI/XL set desc=1373256
19885;01:17:47.884137;Dbg;deqna;8526;deqna.cpp;2095;DEQNA: TX desc_read_words @ 01373256 words=6
19886;01:17:47.884273;Dbg;deqna;8526;deqna.cpp;2108;DEQNA: TX list end (V=0) - XI/XL set desc=1373256
19887;01:17:47.889448;Dbg;deqna;8526;deqna.cpp;2095;DEQNA: TX desc_read_words @ 01373256 words=6
19888;01:17:47.889609;Dbg;deqna;8526;deqna.cpp;2108;DEQNA: TX list end (V=0) - XI/XL set desc=1373256
19889;01:17:47.894774;Dbg;deqna;8526;deqna.cpp;2095;DEQNA: TX desc_read_words @ 01373256 words=6
19890;01:17:47.894901;Dbg;deqna;8526;deqna.cpp;2108;DEQNA: TX list end (V=0) - XI/XL set desc=1373256
19891;01:17:47.900055;Dbg;deqna;8526;deqna.cpp;2095;DEQNA: TX desc_read_words @ 01373256 words=6
19892;01:17:47.900185;Dbg;deqna;8526;deqna.cpp;2108;DEQNA: TX list end (V=0) - XI/XL set desc=1373256
19893;01:17:47.905339;Dbg;deqna;8526;deqna.cpp;2095;DEQNA: TX desc_read_words @ 01373256 words=6
19894;01:17:47.905473;Dbg;deqna;8526;deqna.cpp;2108;DEQNA: TX list end (V=0) - XI/XL set desc=1373256
19895;01:17:47.910625;Dbg;deqna;8526;deqna.cpp;2095;DEQNA: TX desc_read_words @ 01373256 words=6
19896;01:17:47.910758;Dbg;deqna;8526;deqna.cpp;2108;DEQNA: TX list end (V=0) - XI/XL set desc=1373256
19897;01:17:47.915911;Dbg;deqna;8526;deqna.cpp;2095;DEQNA: TX desc_read_words @ 01373256 words=6
19898;01:17:47.916041;Dbg;deqna;8526;deqna.cpp;2108;DEQNA: TX list end (V=0) - XI/XL set desc=1373256
19899;01:17:47.921205;Dbg;deqna;8526;deqna.cpp;2095;DEQNA: TX desc_read_words @ 01373256 words=6
19900;01:17:47.921334;Dbg;deqna;8526;deqna.cpp;2108;DEQNA: TX list end (V=0) - XI/XL set desc=1373256
19901;01:17:47.926526;Dbg;deqna;8526;deqna.cpp;2095;DEQNA: TX desc_read_words @ 01373256 words=6
19902;01:17:47.926703;Dbg;deqna;8526;deqna.cpp;2108;DEQNA: TX list end (V=0) - XI/XL set desc=1373256
19903;01:17:47.931872;Dbg;deqna;8526;deqna.cpp;2095;DEQNA: TX desc_read_words @ 01373256 words=6
19904;01:17:47.932006;Dbg;deqna;8526;deqna.cpp;2108;DEQNA: TX list end (V=0) - XI/XL set desc=1373256
19905;01:17:47.937160;Dbg;deqna;8526;deqna.cpp;2095;DEQNA: TX desc_read_words @ 01373256 words=6
19906;01:17:47.937292;Dbg;deqna;8526;deqna.cpp;2108;DEQNA: TX list end (V=0) - XI/XL set desc=1373256
19907;01:17:47.942452;Dbg;deqna;8526;deqna.cpp;2095;DEQNA: TX desc_read_words @ 01373256 words=6
19908;01:17:47.942584;Dbg;deqna;8526;deqna.cpp;2108;DEQNA: TX list end (V=0) - XI/XL set desc=1373256
19909;01:17:47.947737;Dbg;deqna;8526;deqna.cpp;2095;DEQNA: TX desc_read_words @ 01373256 words=6
19910;01:17:47.947869;Dbg;deqna;8526;deqna.cpp;2108;DEQNA: TX list end (V=0) - XI/XL set desc=1373256
19911;01:17:47.953240;Dbg;deqna;8526;deqna.cpp;2095;DEQNA: TX desc_read_words @ 01373256 words=6
19912;01:17:47.953523;Dbg;deqna;8526;deqna.cpp;2108;DEQNA: TX list end (V=0) - XI/XL set desc=1373256
19913;01:17:47.958854;Dbg;deqna;8526;deqna.cpp;2095;DEQNA: TX desc_read_words @ 01373256 words=6
19914;01:17:47.959172;Dbg;deqna;8526;deqna.cpp;2108;DEQNA: TX list end (V=0) - XI/XL set desc=1373256
19915;01:17:47.964621;Dbg;deqna;8526;deqna.cpp;2095;DEQNA: TX desc_read_words @ 01373256 words=6
19916;01:17:47.964904;Dbg;deqna;8526;deqna.cpp;2108;DEQNA: TX list end (V=0) - XI/XL set desc=1373256
19917;01:17:47.970245;Dbg;deqna;8526;deqna.cpp;2095;DEQNA: TX desc_read_words @ 01373256 words=6
19918;01:17:47.970489;Dbg;deqna;8526;deqna.cpp;2108;DEQNA: TX list end (V=0) - XI/XL set desc=1373256
19919;01:17:47.975781;Dbg;deqna;8526;deqna.cpp;2095;DEQNA: TX desc_read_words @ 01373256 words=6
19920;01:17:47.976014;Dbg;deqna;8526;deqna.cpp;2108;DEQNA: TX list end (V=0) - XI/XL set desc=1373256
19921;01:17:47.981357;Dbg;deqna;8526;deqna.cpp;2095;DEQNA: TX desc_read_words @ 01373256 words=6
19922;01:17:47.981601;Dbg;deqna;8526;deqna.cpp;2108;DEQNA: TX list end (V=0) - XI/XL set desc=1373256
19923;01:17:47.986952;Dbg;deqna;8526;deqna.cpp;2095;DEQNA: TX desc_read_words @ 01373256 words=6
19924;01:17:47.987214;Dbg;deqna;8526;deqna.cpp;2108;DEQNA: TX list end (V=0) - XI/XL set desc=1373256
19925;01:17:47.992650;Dbg;deqna;8526;deqna.cpp;2095;DEQNA: TX desc_read_words @ 01373256 words=6
19926;01:17:47.992939;Dbg;deqna;8526;deqna.cpp;2108;DEQNA: TX list end (V=0) - XI/XL set desc=1373256
19927;01:17:47.998235;Dbg;deqna;8526;deqna.cpp;2095;DEQNA: TX desc_read_words @ 01373256 words=6
19928;01:17:47.998468;Dbg;deqna;8526;deqna.cpp;2108;DEQNA: TX list end (V=0) - XI/XL set desc=1373256
19929;01:17:48.003815;Dbg;deqna;8526;deqna.cpp;2095;DEQNA: TX desc_read_words @ 01373256 words=6
19930;01:17:48.004059;Dbg;deqna;8526;deqna.cpp;2108;DEQNA: TX list end (V=0) - XI/XL set desc=1373256
19931;01:17:48.009378;Dbg;deqna;8526;deqna.cpp;2095;DEQNA: TX desc_read_words @ 01373256 words=6
19932;01:17:48.009613;Dbg;deqna;8526;deqna.cpp;2108;DEQNA: TX list end (V=0) - XI/XL set desc=1373256
19933;01:17:48.014929;Dbg;deqna;8526;deqna.cpp;2095;DEQNA: TX desc_read_words @ 01373256 words=6
19934;01:17:48.015221;Dbg;deqna;8526;deqna.cpp;2108;DEQNA: TX list end (V=0) - XI/XL set desc=1373256
19935;01:17:48.020647;Dbg;deqna;8526;deqna.cpp;2095;DEQNA: TX desc_read_words @ 01373256 words=6
19936;01:17:48.020931;Dbg;deqna;8526;deqna.cpp;2108;DEQNA: TX list end (V=0) - XI/XL set desc=1373256
19937;01:17:48.026281;Dbg;deqna;8526;deqna.cpp;2095;DEQNA: TX desc_read_words @ 01373256 words=6
19938;01:17:48.026543;Dbg;deqna;8526;deqna.cpp;2108;DEQNA: TX list end (V=0) - XI/XL set desc=1373256
19939;01:17:48.031934;Dbg;deqna;8526;deqna.cpp;2095;DEQNA: TX desc_read_words @ 01373256 words=6
19940;01:17:48.032268;Dbg;deqna;8526;deqna.cpp;2108;DEQNA: TX list end (V=0) - XI/XL set desc=1373256
19941;01:17:48.037639;Dbg;deqna;8526;deqna.cpp;2095;DEQNA: TX desc_read_words @ 01373256 words=6
19942;01:17:48.037959;Dbg;deqna;8526;deqna.cpp;2108;DEQNA: TX list end (V=0) - XI/XL set desc=1373256
19943;01:17:48.043299;Dbg;deqna;8526;deqna.cpp;2095;DEQNA: TX desc_read_words @ 01373256 words=6
19944;01:17:48.043559;Dbg;deqna;8526;deqna.cpp;2108;DEQNA: TX list end (V=0) - XI/XL set desc=1373256
19945;01:17:48.049033;Dbg;deqna;8526;deqna.cpp;2095;DEQNA: TX desc_read_words @ 01373256 words=6
19946;01:17:48.049335;Dbg;deqna;8526;deqna.cpp;2108;DEQNA: TX list end (V=0) - XI/XL set desc=1373256
19947;01:17:48.054627;Dbg;deqna;8526;deqna.cpp;2095;DEQNA: TX desc_read_words @ 01373256 words=6
19948;01:17:48.054864;Dbg;deqna;8526;deqna.cpp;2108;DEQNA: TX list end (V=0) - XI/XL set desc=1373256
19949;01:17:48.060186;Dbg;deqna;8526;deqna.cpp;2095;DEQNA: TX desc_read_words @ 01373256 words=6
19950;01:17:48.060432;Dbg;deqna;8526;deqna.cpp;2108;DEQNA: TX list end (V=0) - XI/XL set desc=1373256
19951;01:17:48.065750;Dbg;deqna;8526;deqna.cpp;2095;DEQNA: TX desc_read_words @ 01373256 words=6
19952;01:17:48.065984;Dbg;deqna;8526;deqna.cpp;2108;DEQNA: TX list end (V=0) - XI/XL set desc=1373256
19953;01:17:48.071335;Dbg;deqna;8526;deqna.cpp;2095;DEQNA: TX desc_read_words @ 01373256 words=6
19954;01:17:48.071635;Dbg;deqna;8526;deqna.cpp;2108;DEQNA: TX list end (V=0) - XI/XL set desc=1373256
19955;01:17:48.077043;Dbg;deqna;8526;deqna.cpp;2095;DEQNA: TX desc_read_words @ 01373256 words=6
19956;01:17:48.077322;Dbg;deqna;8526;deqna.cpp;2108;DEQNA: TX list end (V=0) - XI/XL set desc=1373256
19957;01:17:48.082665;Dbg;deqna;8526;deqna.cpp;2095;DEQNA: TX desc_read_words @ 01373256 words=6
19958;01:17:48.082912;Dbg;deqna;8526;deqna.cpp;2108;DEQNA: TX list end (V=0) - XI/XL set desc=1373256
19959;01:17:48.088242;Dbg;deqna;8526;deqna.cpp;2095;DEQNA: TX desc_read_words @ 01373256 words=6
19960;01:17:48.088477;Dbg;deqna;8526;deqna.cpp;2108;DEQNA: TX list end (V=0) - XI/XL set desc=1373256
19961;01:17:48.093795;Dbg;deqna;8526;deqna.cpp;2095;DEQNA: TX desc_read_words @ 01373256 words=6
19962;01:17:48.094038;Dbg;deqna;8526;deqna.cpp;2108;DEQNA: TX list end (V=0) - XI/XL set desc=1373256
19963;01:17:48.099335;Dbg;deqna;8526;deqna.cpp;2095;DEQNA: TX desc_read_words @ 01373256 words=6
19964;01:17:48.099625;Dbg;deqna;8526;deqna.cpp;2108;DEQNA: TX list end (V=0) - XI/XL set desc=1373256
19965;01:17:48.105037;Dbg;deqna;8526;deqna.cpp;2095;DEQNA: TX desc_read_words @ 01373256 words=6
19966;01:17:48.105323;Dbg;deqna;8526;deqna.cpp;2108;DEQNA: TX list end (V=0) - XI/XL set desc=1373256
19967;01:17:48.110639;Dbg;deqna;8526;deqna.cpp;2095;DEQNA: TX desc_read_words @ 01373256 words=6
19968;01:17:48.110881;Dbg;deqna;8526;deqna.cpp;2108;DEQNA: TX list end (V=0) - XI/XL set desc=1373256
19969;01:17:48.116177;Dbg;deqna;8526;deqna.cpp;2095;DEQNA: TX desc_read_words @ 01373256 words=6
19970;01:17:48.116417;Dbg;deqna;8526;deqna.cpp;2108;DEQNA: TX list end (V=0) - XI/XL set desc=1373256
19971;01:17:48.121728;Dbg;deqna;8526;deqna.cpp;2095;DEQNA: TX desc_read_words @ 01373256 words=6
19972;01:17:48.122004;Dbg;deqna;8526;deqna.cpp;2108;DEQNA: TX list end (V=0) - XI/XL set desc=1373256
19973;01:17:48.127497;Dbg;deqna;8526;deqna.cpp;2095;DEQNA: TX desc_read_words @ 01373256 words=6
19974;01:17:48.127790;Dbg;deqna;8526;deqna.cpp;2108;DEQNA: TX list end (V=0) - XI/XL set desc=1373256
19975;01:17:48.133230;Dbg;deqna;8526;deqna.cpp;2095;DEQNA: TX desc_read_words @ 01373256 words=6
19976;01:17:48.133550;Dbg;deqna;8526;deqna.cpp;2108;DEQNA: TX list end (V=0) - XI/XL set desc=1373256
19977;01:17:48.138862;Dbg;deqna;8526;deqna.cpp;2095;DEQNA: TX desc_read_words @ 01373256 words=6
19978;01:17:48.139113;Dbg;deqna;8526;deqna.cpp;2108;DEQNA: TX list end (V=0) - XI/XL set desc=1373256
19979;01:17:48.144435;Dbg;deqna;8526;deqna.cpp;2095;DEQNA: TX desc_read_words @ 01373256 words=6
19980;01:17:48.144701;Dbg;deqna;8526;deqna.cpp;2108;DEQNA: TX list end (V=0) - XI/XL set desc=1373256
19981;01:17:48.150247;Dbg;deqna;8526;deqna.cpp;2095;DEQNA: TX desc_read_words @ 01373256 words=6
19982;01:17:48.150600;Dbg;deqna;8526;deqna.cpp;2108;DEQNA: TX list end (V=0) - XI/XL set desc=1373256
19983;01:17:48.156020;Dbg;deqna;8526;deqna.cpp;2095;DEQNA: TX desc_read_words @ 01373256 words=6
19984;01:17:48.156376;Dbg;deqna;8526;deqna.cpp;2108;DEQNA: TX list end (V=0) - XI/XL set desc=1373256
19985;01:17:48.161702;Dbg;deqna;8526;deqna.cpp;2095;DEQNA: TX desc_read_words @ 01373256 words=6
19986;01:17:48.161977;Dbg;deqna;8526;deqna.cpp;2108;DEQNA: TX list end (V=0) - XI/XL set desc=1373256
19987;01:17:48.167298;Dbg;deqna;8526;deqna.cpp;2095;DEQNA: TX desc_read_words @ 01373256 words=6
19988;01:17:48.167617;Dbg;deqna;8526;deqna.cpp;2108;DEQNA: TX list end (V=0) - XI/XL set desc=1373256
19989;01:17:48.173061;Dbg;deqna;8526;deqna.cpp;2095;DEQNA: TX desc_read_words @ 01373256 words=6
19990;01:17:48.173308;Dbg;deqna;8526;deqna.cpp;2108;DEQNA: TX list end (V=0) - XI/XL set desc=1373256
19991;01:17:48.178686;Dbg;deqna;8526;deqna.cpp;2095;DEQNA: TX desc_read_words @ 01373256 words=6
19992;01:17:48.178925;Dbg;deqna;8526;deqna.cpp;2108;DEQNA: TX list end (V=0) - XI/XL set desc=1373256
19993;01:17:48.184226;Dbg;deqna;8526;deqna.cpp;2095;DEQNA: TX desc_read_words @ 01373256 words=6
19994;01:17:48.184469;Dbg;deqna;8526;deqna.cpp;2108;DEQNA: TX list end (V=0) - XI/XL set desc=1373256
19995;01:17:48.189773;Dbg;deqna;8526;deqna.cpp;2095;DEQNA: TX desc_read_words @ 01373256 words=6
19996;01:17:48.190087;Dbg;deqna;8526;deqna.cpp;2108;DEQNA: TX list end (V=0) - XI/XL set desc=1373256
19997;01:17:48.195505;Dbg;deqna;8526;deqna.cpp;2095;DEQNA: TX desc_read_words @ 01373256 words=6
19998;01:17:48.195791;Dbg;deqna;8526;deqna.cpp;2108;DEQNA: TX list end (V=0) - XI/XL set desc=1373256
19999;01:17:48.201113;Dbg;deqna;8526;deqna.cpp;2095;DEQNA: TX desc_read_words @ 01373256 words=6
20000;01:17:48.201352;Dbg;deqna;8526;deqna.cpp;2108;DEQNA: TX list end (V=0) - XI/XL set desc=1373256
20001;01:17:48.206686;Dbg;deqna;8526;deqna.cpp;2095;DEQNA: TX desc_read_words @ 01373256 words=6
20002;01:17:48.206927;Dbg;deqna;8526;deqna.cpp;2108;DEQNA: TX list end (V=0) - XI/XL set desc=1373256
20003;01:17:48.212246;Dbg;deqna;8526;deqna.cpp;2095;DEQNA: TX desc_read_words @ 01373256 words=6
20004;01:17:48.212513;Dbg;deqna;8526;deqna.cpp;2108;DEQNA: TX list end (V=0) - XI/XL set desc=1373256
20005;01:17:48.217934;Dbg;deqna;8526;deqna.cpp;2095;DEQNA: TX desc_read_words @ 01373256 words=6
20006;01:17:48.218204;Dbg;deqna;8526;deqna.cpp;2108;DEQNA: TX list end (V=0) - XI/XL set desc=1373256
20007;01:17:48.223657;Dbg;deqna;8526;deqna.cpp;2095;DEQNA: TX desc_read_words @ 01373256 words=6
20008;01:17:48.223978;Dbg;deqna;8526;deqna.cpp;2108;DEQNA: TX list end (V=0) - XI/XL set desc=1373256
20009;01:17:48.229309;Dbg;deqna;8526;deqna.cpp;2095;DEQNA: TX desc_read_words @ 01373256 words=6
20010;01:17:48.229560;Dbg;deqna;8526;deqna.cpp;2108;DEQNA: TX list end (V=0) - XI/XL set desc=1373256
20011;01:17:48.234856;Dbg;deqna;8526;deqna.cpp;2095;DEQNA: TX desc_read_words @ 01373256 words=6
20012;01:17:48.235127;Dbg;deqna;8526;deqna.cpp;2108;DEQNA: TX list end (V=0) - XI/XL set desc=1373256
20013;01:17:48.240443;Dbg;deqna;8526;deqna.cpp;2095;DEQNA: TX desc_read_words @ 01373256 words=6
20014;01:17:48.240690;Dbg;deqna;8526;deqna.cpp;2108;DEQNA: TX list end (V=0) - XI/XL set desc=1373256
20015;01:17:48.246222;Dbg;deqna;8526;deqna.cpp;2095;DEQNA: TX desc_read_words @ 01373256 words=6
20016;01:17:48.246517;Dbg;deqna;8526;deqna.cpp;2108;DEQNA: TX list end (V=0) - XI/XL set desc=1373256
20017;01:17:48.251983;Dbg;deqna;8526;deqna.cpp;2095;DEQNA: TX desc_read_words @ 01373256 words=6
20018;01:17:48.252195;Dbg;deqna;8526;deqna.cpp;2108;DEQNA: TX list end (V=0) - XI/XL set desc=1373256
20019;01:17:48.257352;Dbg;deqna;8526;deqna.cpp;2095;DEQNA: TX desc_read_words @ 01373256 words=6
20020;01:17:48.257505;Dbg;deqna;8526;deqna.cpp;2108;DEQNA: TX list end (V=0) - XI/XL set desc=1373256
20021;01:17:48.262672;Dbg;deqna;8526;deqna.cpp;2095;DEQNA: TX desc_read_words @ 01373256 words=6
20022;01:17:48.262814;Dbg;deqna;8526;deqna.cpp;2108;DEQNA: TX list end (V=0) - XI/XL set desc=1373256
20023;01:17:48.267983;Dbg;deqna;8526;deqna.cpp;2095;DEQNA: TX desc_read_words @ 01373256 words=6
20024;01:17:48.268114;Dbg;deqna;8526;deqna.cpp;2108;DEQNA: TX list end (V=0) - XI/XL set desc=1373256
20025;01:17:48.273267;Dbg;deqna;8526;deqna.cpp;2095;DEQNA: TX desc_read_words @ 01373256 words=6
20026;01:17:48.273401;Dbg;deqna;8526;deqna.cpp;2108;DEQNA: TX list end (V=0) - XI/XL set desc=1373256
20027;01:17:48.278551;Dbg;deqna;8526;deqna.cpp;2095;DEQNA: TX desc_read_words @ 01373256 words=6
20028;01:17:48.278714;Dbg;deqna;8526;deqna.cpp;2108;DEQNA: TX list end (V=0) - XI/XL set desc=1373256
20029;01:17:48.283884;Dbg;deqna;8526;deqna.cpp;2095;DEQNA: TX desc_read_words @ 01373256 words=6
20030;01:17:48.284032;Dbg;deqna;8526;deqna.cpp;2108;DEQNA: TX list end (V=0) - XI/XL set desc=1373256
20031;01:17:48.289262;Dbg;deqna;8526;deqna.cpp;2095;DEQNA: TX desc_read_words @ 01373256 words=6
20032;01:17:48.289411;Dbg;deqna;8526;deqna.cpp;2108;DEQNA: TX list end (V=0) - XI/XL set desc=1373256
20033;01:17:48.294566;Dbg;deqna;8526;deqna.cpp;2095;DEQNA: TX desc_read_words @ 01373256 words=6
20034;01:17:48.294693;Dbg;deqna;8526;deqna.cpp;2108;DEQNA: TX list end (V=0) - XI/XL set desc=1373256
20035;01:17:48.299854;Dbg;deqna;8526;deqna.cpp;2095;DEQNA: TX desc_read_words @ 01373256 words=6
20036;01:17:48.299986;Dbg;deqna;8526;deqna.cpp;2108;DEQNA: TX list end (V=0) - XI/XL set desc=1373256
20037;01:17:48.305163;Dbg;deqna;8526;deqna.cpp;2095;DEQNA: TX desc_read_words @ 01373256 words=6
20038;01:17:48.305294;Dbg;deqna;8526;deqna.cpp;2108;DEQNA: TX list end (V=0) - XI/XL set desc=1373256
20039;01:17:48.310459;Dbg;deqna;8526;deqna.cpp;2095;DEQNA: TX desc_read_words @ 01373256 words=6
20040;01:17:48.310585;Dbg;deqna;8526;deqna.cpp;2108;DEQNA: TX list end (V=0) - XI/XL set desc=1373256
20041;01:17:48.315740;Dbg;deqna;8526;deqna.cpp;2095;DEQNA: TX desc_read_words @ 01373256 words=6
20042;01:17:48.315877;Dbg;deqna;8526;deqna.cpp;2108;DEQNA: TX list end (V=0) - XI/XL set desc=1373256
20043;01:17:48.321041;Dbg;deqna;8526;deqna.cpp;2095;DEQNA: TX desc_read_words @ 01373256 words=6
20044;01:17:48.321172;Dbg;deqna;8526;deqna.cpp;2108;DEQNA: TX list end (V=0) - XI/XL set desc=1373256
20045;01:17:48.326381;Dbg;deqna;8526;deqna.cpp;2095;DEQNA: TX desc_read_words @ 01373256 words=6
20046;01:17:48.326562;Dbg;deqna;8526;deqna.cpp;2108;DEQNA: TX list end (V=0) - XI/XL set desc=1373256
20047;01:17:48.331732;Dbg;deqna;8526;deqna.cpp;2095;DEQNA: TX desc_read_words @ 01373256 words=6
20048;01:17:48.331861;Dbg;deqna;8526;deqna.cpp;2108;DEQNA: TX list end (V=0) - XI/XL set desc=1373256
20049;01:17:48.337031;Dbg;deqna;8526;deqna.cpp;2095;DEQNA: TX desc_read_words @ 01373256 words=6
20050;01:17:48.337162;Dbg;deqna;8526;deqna.cpp;2108;DEQNA: TX list end (V=0) - XI/XL set desc=1373256
20051;01:17:48.342327;Dbg;deqna;8526;deqna.cpp;2095;DEQNA: TX desc_read_words @ 01373256 words=6
20052;01:17:48.342461;Dbg;deqna;8526;deqna.cpp;2108;DEQNA: TX list end (V=0) - XI/XL set desc=1373256
20053;01:17:48.347634;Dbg;deqna;8526;deqna.cpp;2095;DEQNA: TX desc_read_words @ 01373256 words=6
20054;01:17:48.347769;Dbg;deqna;8526;deqna.cpp;2108;DEQNA: TX list end (V=0) - XI/XL set desc=1373256
20055;01:17:48.352928;Dbg;deqna;8526;deqna.cpp;2095;DEQNA: TX desc_read_words @ 01373256 words=6
20056;01:17:48.353057;Dbg;deqna;8526;deqna.cpp;2108;DEQNA: TX list end (V=0) - XI/XL set desc=1373256
20057;01:17:48.358222;Dbg;deqna;8526;deqna.cpp;2095;DEQNA: TX desc_read_words @ 01373256 words=6
20058;01:17:48.358353;Dbg;deqna;8526;deqna.cpp;2108;DEQNA: TX list end (V=0) - XI/XL set desc=1373256
20059;01:17:48.363505;Dbg;deqna;8526;deqna.cpp;2095;DEQNA: TX desc_read_words @ 01373256 words=6
20060;01:17:48.363667;Dbg;deqna;8526;deqna.cpp;2108;DEQNA: TX list end (V=0) - XI/XL set desc=1373256
20061;01:17:48.368821;Dbg;deqna;8526;deqna.cpp;2095;DEQNA: TX desc_read_words @ 01373256 words=6
20062;01:17:48.368954;Dbg;deqna;8526;deqna.cpp;2108;DEQNA: TX list end (V=0) - XI/XL set desc=1373256
20063;01:17:48.374105;Dbg;deqna;8526;deqna.cpp;2095;DEQNA: TX desc_read_words @ 01373256 words=6
20064;01:17:48.374231;Dbg;deqna;8526;deqna.cpp;2108;DEQNA: TX list end (V=0) - XI/XL set desc=1373256
20065;01:17:48.379388;Dbg;deqna;8526;deqna.cpp;2095;DEQNA: TX desc_read_words @ 01373256 words=6
20066;01:17:48.379520;Dbg;deqna;8526;deqna.cpp;2108;DEQNA: TX list end (V=0) - XI/XL set desc=1373256
20067;01:17:48.384681;Dbg;deqna;8526;deqna.cpp;2095;DEQNA: TX desc_read_words @ 01373256 words=6
20068;01:17:48.384809;Dbg;deqna;8526;deqna.cpp;2108;DEQNA: TX list end (V=0) - XI/XL set desc=1373256
20069;01:17:48.389984;Dbg;deqna;8526;deqna.cpp;2095;DEQNA: TX desc_read_words @ 01373256 words=6
20070;01:17:48.390136;Dbg;deqna;8526;deqna.cpp;2108;DEQNA: TX list end (V=0) - XI/XL set desc=1373256
20071;01:17:48.395289;Dbg;deqna;8526;deqna.cpp;2095;DEQNA: TX desc_read_words @ 01373256 words=6
20072;01:17:48.395419;Dbg;deqna;8526;deqna.cpp;2108;DEQNA: TX list end (V=0) - XI/XL set desc=1373256
20073;01:17:48.400588;Dbg;deqna;8526;deqna.cpp;2095;DEQNA: TX desc_read_words @ 01373256 words=6
20074;01:17:48.400757;Dbg;deqna;8526;deqna.cpp;2108;DEQNA: TX list end (V=0) - XI/XL set desc=1373256
20075;01:17:48.405925;Dbg;deqna;8526;deqna.cpp;2095;DEQNA: TX desc_read_words @ 01373256 words=6
20076;01:17:48.406052;Dbg;deqna;8526;deqna.cpp;2108;DEQNA: TX list end (V=0) - XI/XL set desc=1373256
20077;01:17:48.411223;Dbg;deqna;8526;deqna.cpp;2095;DEQNA: TX desc_read_words @ 01373256 words=6
20078;01:17:48.411356;Dbg;deqna;8526;deqna.cpp;2108;DEQNA: TX list end (V=0) - XI/XL set desc=1373256
20079;01:17:48.416588;Dbg;deqna;8526;deqna.cpp;2095;DEQNA: TX desc_read_words @ 01373256 words=6
20080;01:17:48.416802;Dbg;deqna;8526;deqna.cpp;2108;DEQNA: TX list end (V=0) - XI/XL set desc=1373256
20081;01:17:48.421987;Dbg;deqna;8526;deqna.cpp;2095;DEQNA: TX desc_read_words @ 01373256 words=6
20082;01:17:48.422150;Dbg;deqna;8526;deqna.cpp;2108;DEQNA: TX list end (V=0) - XI/XL set desc=1373256
20083;01:17:48.427357;Dbg;deqna;8526;deqna.cpp;2095;DEQNA: TX desc_read_words @ 01373256 words=6
20084;01:17:48.427509;Dbg;deqna;8526;deqna.cpp;2108;DEQNA: TX list end (V=0) - XI/XL set desc=1373256
20085;01:17:48.432684;Dbg;deqna;8526;deqna.cpp;2095;DEQNA: TX desc_read_words @ 01373256 words=6
20086;01:17:48.432854;Dbg;deqna;8526;deqna.cpp;2108;DEQNA: TX list end (V=0) - XI/XL set desc=1373256
20087;01:17:48.438068;Dbg;deqna;8526;deqna.cpp;2095;DEQNA: TX desc_read_words @ 01373256 words=6
20088;01:17:48.438217;Dbg;deqna;8526;deqna.cpp;2108;DEQNA: TX list end (V=0) - XI/XL set desc=1373256
20089;01:17:48.443406;Dbg;deqna;8526;deqna.cpp;2095;DEQNA: TX desc_read_words @ 01373256 words=6
20090;01:17:48.443544;Dbg;deqna;8526;deqna.cpp;2108;DEQNA: TX list end (V=0) - XI/XL set desc=1373256
20091;01:17:48.448721;Dbg;deqna;8526;deqna.cpp;2095;DEQNA: TX desc_read_words @ 01373256 words=6
20092;01:17:48.448849;Dbg;deqna;8526;deqna.cpp;2108;DEQNA: TX list end (V=0) - XI/XL set desc=1373256
20093;01:17:48.454009;Dbg;deqna;8526;deqna.cpp;2095;DEQNA: TX desc_read_words @ 01373256 words=6
20094;01:17:48.454162;Dbg;deqna;8526;deqna.cpp;2108;DEQNA: TX list end (V=0) - XI/XL set desc=1373256
20095;01:17:48.459241;Dbg;deqna;8525;deqna.cpp;1365;DEQNA: Enqueue RX type=2 len=60 status=000000 queue=0
20096;01:17:48.459413;Dbg;deqna;8525;deqna.cpp;1392;DEQNA: ENQ DBG type=2 len=60 data=ffffffffffff506b 4b43b2a608060001 080006040001506b 4b43b2a6c0a80111 000000000000c0a8 010d000000000000 0000000000000000 00000000
20097;01:17:48.459434;Dbg;deqna;8525;deqna.cpp;1613;DEQNA: RX desc_read_words @ 01373132 words=4
20098;01:17:48.459707;Dbg;deqna;8525;deqna.cpp;1721;DEQNA: RX deliver type=2 rbl=60 to addr=01553100 blen=2048 desc=1373132
20099;01:17:48.459891;Dbg;deqna;8525;deqna.cpp;1798;DEQNA: RX status type=2 st1=000370 st2=000000 desc=1373142
20100;01:17:48.460019;Dbg;deqna;8525;deqna.cpp;1865;DEQNA: RI set (rx_processed=1 queue=0 rbdl=1373146)
20101;01:17:48.460078;Dbg;deqna;8525;qunibusdevice.cpp;249;update_csr_reg CSR: STA0=177522 STA1=177524 RCLL=177400/172742 RCLH=177422/000005 XMTL=177464/173242 XMTH=177526/000005 VECTOR=000774/000774 CSR=110521/100701
20102;01:17:48.460090;Dbg;deqna;8525;deqna.cpp;643;DEQNA: CSR change prev=010521 now=110521 set=100000 clr=000000
20103;01:17:48.460130;Dbg;deqna;8525;qunibusdevice.cpp;249;update_csr_reg CSR: STA0=177522 STA1=177524 RCLL=177400/172742 RCLH=177422/000005 XMTL=177464/173242 XMTH=177526/000005 VECTOR=000774/000774 CSR=110521/100701
20104;01:17:48.460139;Dbg;deqna;8525;deqna.cpp;586;DEQNA: INTR assert, csr=110521 ie=1
20105;01:17:48.460148;Dbg;deqna;8525;deqna.cpp;724;DEQNA: INTR assert, csr=110521 vec=374 level=5
20106;01:17:48.460212;Dbg;deqna;8526;deqna.cpp;2095;DEQNA: TX desc_read_words @ 01373256 words=6
20107;01:17:48.460331;Dbg;deqna;8519;qunibusdevice.cpp;249;DATO CSR: STA0=177522 STA1=177524 RCLL=177400/172742 RCLH=177422/000005 XMTL=177464/173242 XMTH=177526/000005 VECTOR=000774/000774 CSR=110521/100701
20108;01:17:48.460347;Dbg;deqna;8519;deqna.cpp;1202;DEQNA: Write CSR (reg 7) = 100701 access=0
20109;01:17:48.460395;Dbg;deqna;8519;qunibusdevice.cpp;249;update_csr_reg CSR: STA0=177522 STA1=177524 RCLL=177400/172742 RCLH=177422/000005 XMTL=177464/173242 XMTH=177526/000005 VECTOR=000774/000774 CSR=010521/100701
20110;01:17:48.460402;Dbg;deqna;8519;deqna.cpp;643;DEQNA: CSR change prev=110521 now=010521 set=000501 clr=103216
20111;01:17:48.460415;Dbg;deqna;8519;deqna.cpp;595;DEQNA: INTR deassert, csr=010521 ie=1
20112;01:17:48.460423;Dbg;deqna;8519;deqna.cpp;730;DEQNA: INTR deassert, csr=010521
20113;01:17:48.460494;Dbg;deqna;8526;deqna.cpp;2108;DEQNA: TX list end (V=0) - XI/XL set desc=1373256
20114;01:17:48.461233;Dbg;deqna;8525;deqna.cpp;595;DEQNA: INTR deassert, csr=010521 ie=1
20115;01:17:48.465659;Dbg;deqna;8526;deqna.cpp;2095;DEQNA: TX desc_read_words @ 01373256 words=6
20116;01:17:48.465815;Dbg;deqna;8526;deqna.cpp;2108;DEQNA: TX list end (V=0) - XI/XL set desc=1373256
20117;01:17:48.470972;Dbg;deqna;8526;deqna.cpp;2095;DEQNA: TX desc_read_words @ 01373256 words=6
20118;01:17:48.471109;Dbg;deqna;8526;deqna.cpp;2108;DEQNA: TX list end (V=0) - XI/XL set desc=1373256
20119;01:17:48.476285;Dbg;deqna;8526;deqna.cpp;2095;DEQNA: TX desc_read_words @ 01373256 words=6
20120;01:17:48.476424;Dbg;deqna;8526;deqna.cpp;2108;DEQNA: TX list end (V=0) - XI/XL set desc=1373256
20121;01:17:48.481590;Dbg;deqna;8526;deqna.cpp;2095;DEQNA: TX desc_read_words @ 01373256 words=6
20122;01:17:48.481725;Dbg;deqna;8526;deqna.cpp;2108;DEQNA: TX list end (V=0) - XI/XL set desc=1373256
20123;01:17:48.486925;Dbg;deqna;8526;deqna.cpp;2095;DEQNA: TX desc_read_words @ 01373256 words=6
20124;01:17:48.487096;Dbg;deqna;8526;deqna.cpp;2108;DEQNA: TX list end (V=0) - XI/XL set desc=1373256
20125;01:17:48.492316;Dbg;deqna;8526;deqna.cpp;2095;DEQNA: TX desc_read_words @ 01373256 words=6
20126;01:17:48.492463;Dbg;deqna;8526;deqna.cpp;2108;DEQNA: TX list end (V=0) - XI/XL set desc=1373256
20127;01:17:48.497624;Dbg;deqna;8526;deqna.cpp;2095;DEQNA: TX desc_read_words @ 01373256 words=6
20128;01:17:48.497757;Dbg;deqna;8526;deqna.cpp;2108;DEQNA: TX list end (V=0) - XI/XL set desc=1373256
20129;01:17:48.502927;Dbg;deqna;8526;deqna.cpp;2095;DEQNA: TX desc_read_words @ 01373256 words=6
20130;01:17:48.503058;Dbg;deqna;8526;deqna.cpp;2108;DEQNA: TX list end (V=0) - XI/XL set desc=1373256
20131;01:17:48.508233;Dbg;deqna;8526;deqna.cpp;2095;DEQNA: TX desc_read_words @ 01373256 words=6
20132;01:17:48.508366;Dbg;deqna;8526;deqna.cpp;2108;DEQNA: TX list end (V=0) - XI/XL set desc=1373256
20133;01:17:48.513518;Dbg;deqna;8526;deqna.cpp;2095;DEQNA: TX desc_read_words @ 01373256 words=6
20134;01:17:48.513655;Dbg;deqna;8526;deqna.cpp;2108;DEQNA: TX list end (V=0) - XI/XL set desc=1373256
20135;01:17:48.518818;Dbg;deqna;8526;deqna.cpp;2095;DEQNA: TX desc_read_words @ 01373256 words=6
20136;01:17:48.518948;Dbg;deqna;8526;deqna.cpp;2108;DEQNA: TX list end (V=0) - XI/XL set desc=1373256
20137;01:17:48.524127;Dbg;deqna;8526;deqna.cpp;2095;DEQNA: TX desc_read_words @ 01373256 words=6
20138;01:17:48.524273;Dbg;deqna;8526;deqna.cpp;2108;DEQNA: TX list end (V=0) - XI/XL set desc=1373256
20139;01:17:48.529456;Dbg;deqna;8526;deqna.cpp;2095;DEQNA: TX desc_read_words @ 01373256 words=6
20140;01:17:48.529626;Dbg;deqna;8526;deqna.cpp;2108;DEQNA: TX list end (V=0) - XI/XL set desc=1373256
20141;01:17:48.534778;Dbg;deqna;8526;deqna.cpp;2095;DEQNA: TX desc_read_words @ 01373256 words=6
20142;01:17:48.534905;Dbg;deqna;8526;deqna.cpp;2108;DEQNA: TX list end (V=0) - XI/XL set desc=1373256
20143;01:17:48.540064;Dbg;deqna;8526;deqna.cpp;2095;DEQNA: TX desc_read_words @ 01373256 words=6
20144;01:17:48.540200;Dbg;deqna;8526;deqna.cpp;2108;DEQNA: TX list end (V=0) - XI/XL set desc=1373256
20145;01:17:48.545352;Dbg;deqna;8526;deqna.cpp;2095;DEQNA: TX desc_read_words @ 01373256 words=6
20146;01:17:48.545480;Dbg;deqna;8526;deqna.cpp;2108;DEQNA: TX list end (V=0) - XI/XL set desc=1373256
20147;01:17:48.550734;Dbg;deqna;8526;deqna.cpp;2095;DEQNA: TX desc_read_words @ 01373256 words=6
20148;01:17:48.551071;Dbg;deqna;8526;deqna.cpp;2108;DEQNA: TX list end (V=0) - XI/XL set desc=1373256
20149;01:17:48.556416;Dbg;deqna;8526;deqna.cpp;2095;DEQNA: TX desc_read_words @ 01373256 words=6
20150;01:17:48.556754;Dbg;deqna;8526;deqna.cpp;2108;DEQNA: TX list end (V=0) - XI/XL set desc=1373256
20151;01:17:48.562104;Dbg;deqna;8526;deqna.cpp;2095;DEQNA: TX desc_read_words @ 01373256 words=6
20152;01:17:48.562362;Dbg;deqna;8526;deqna.cpp;2108;DEQNA: TX list end (V=0) - XI/XL set desc=1373256
20153;01:17:48.567689;Dbg;deqna;8526;deqna.cpp;2095;DEQNA: TX desc_read_words @ 01373256 words=6
20154;01:17:48.567927;Dbg;deqna;8526;deqna.cpp;2108;DEQNA: TX list end (V=0) - XI/XL set desc=1373256
20155;01:17:48.573269;Dbg;deqna;8526;deqna.cpp;2095;DEQNA: TX desc_read_words @ 01373256 words=6
20156;01:17:48.573512;Dbg;deqna;8526;deqna.cpp;2108;DEQNA: TX list end (V=0) - XI/XL set desc=1373256
20157;01:17:48.578815;Dbg;deqna;8526;deqna.cpp;2095;DEQNA: TX desc_read_words @ 01373256 words=6
20158;01:17:48.579112;Dbg;deqna;8526;deqna.cpp;2108;DEQNA: TX list end (V=0) - XI/XL set desc=1373256
20159;01:17:48.584575;Dbg;deqna;8526;deqna.cpp;2095;DEQNA: TX desc_read_words @ 01373256 words=6
20160;01:17:48.584868;Dbg;deqna;8526;deqna.cpp;2108;DEQNA: TX list end (V=0) - XI/XL set desc=1373256
20161;01:17:48.590188;Dbg;deqna;8526;deqna.cpp;2095;DEQNA: TX desc_read_words @ 01373256 words=6
20162;01:17:48.590421;Dbg;deqna;8526;deqna.cpp;2108;DEQNA: TX list end (V=0) - XI/XL set desc=1373256
20163;01:17:48.595748;Dbg;deqna;8526;deqna.cpp;2095;DEQNA: TX desc_read_words @ 01373256 words=6
20164;01:17:48.595986;Dbg;deqna;8526;deqna.cpp;2108;DEQNA: TX list end (V=0) - XI/XL set desc=1373256
20165;01:17:48.601303;Dbg;deqna;8526;deqna.cpp;2095;DEQNA: TX desc_read_words @ 01373256 words=6
20166;01:17:48.601542;Dbg;deqna;8526;deqna.cpp;2108;DEQNA: TX list end (V=0) - XI/XL set desc=1373256
20167;01:17:48.606939;Dbg;deqna;8526;deqna.cpp;2095;DEQNA: TX desc_read_words @ 01373256 words=6
20168;01:17:48.607209;Dbg;deqna;8526;deqna.cpp;2108;DEQNA: TX list end (V=0) - XI/XL set desc=1373256
20169;01:17:48.612637;Dbg;deqna;8526;deqna.cpp;2095;DEQNA: TX desc_read_words @ 01373256 words=6
20170;01:17:48.612916;Dbg;deqna;8526;deqna.cpp;2108;DEQNA: TX list end (V=0) - XI/XL set desc=1373256
20171;01:17:48.618218;Dbg;deqna;8526;deqna.cpp;2095;DEQNA: TX desc_read_words @ 01373256 words=6
20172;01:17:48.618889;Dbg;deqna;8526;deqna.cpp;2108;DEQNA: TX list end (V=0) - XI/XL set desc=1373256
20173;01:17:48.620169;Dbg;deqna;8525;deqna.cpp;1365;DEQNA: Enqueue RX type=2 len=60 status=000000 queue=0
20174;01:17:48.620430;Dbg;deqna;8525;deqna.cpp;1392;DEQNA: ENQ DBG type=2 len=60 data=ffffffffffffd0d2 b08e8ca608060001 080006040001d0d2 b08e8ca6c0a8008b 000000000000c0a8 008b000000000000 0000000000000000 00000000
20175;01:17:48.620465;Dbg;deqna;8525;deqna.cpp;1613;DEQNA: RX desc_read_words @ 01373146 words=4
20176;01:17:48.620904;Dbg;deqna;8525;deqna.cpp;1721;DEQNA: RX deliver type=2 rbl=60 to addr=01557100 blen=2048 desc=1373146
20177;01:17:48.621267;Dbg;deqna;8525;deqna.cpp;1798;DEQNA: RX status type=2 st1=000370 st2=000000 desc=1373156
20178;01:17:48.621504;Dbg;deqna;8525;deqna.cpp;1865;DEQNA: RI set (rx_processed=1 queue=0 rbdl=1373162)
20179;01:17:48.621611;Dbg;deqna;8525;qunibusdevice.cpp;249;update_csr_reg CSR: STA0=177522 STA1=177524 RCLL=177400/172742 RCLH=177422/000005 XMTL=177464/173242 XMTH=177526/000005 VECTOR=000774/000774 CSR=110521/100701
20180;01:17:48.621626;Dbg;deqna;8525;deqna.cpp;643;DEQNA: CSR change prev=010521 now=110521 set=100000 clr=000000
20181;01:17:48.621705;Dbg;deqna;8525;qunibusdevice.cpp;249;update_csr_reg CSR: STA0=177522 STA1=177524 RCLL=177400/172742 RCLH=177422/000005 XMTL=177464/173242 XMTH=177526/000005 VECTOR=000774/000774 CSR=110521/100701
20182;01:17:48.621719;Dbg;deqna;8525;deqna.cpp;586;DEQNA: INTR assert, csr=110521 ie=1
20183;01:17:48.621737;Dbg;deqna;8525;deqna.cpp;724;DEQNA: INTR assert, csr=110521 vec=374 level=5
20184;01:17:48.621955;Dbg;deqna;8519;qunibusdevice.cpp;249;DATO CSR: STA0=177522 STA1=177524 RCLL=177400/172742 RCLH=177422/000005 XMTL=177464/173242 XMTH=177526/000005 VECTOR=000774/000774 CSR=110521/100701
20185;01:17:48.621979;Dbg;deqna;8519;deqna.cpp;1202;DEQNA: Write CSR (reg 7) = 100701 access=0
20186;01:17:48.622065;Dbg;deqna;8519;qunibusdevice.cpp;249;update_csr_reg CSR: STA0=177522 STA1=177524 RCLL=177400/172742 RCLH=177422/000005 XMTL=177464/173242 XMTH=177526/000005 VECTOR=000774/000774 CSR=010521/100701
20187;01:17:48.622077;Dbg;deqna;8519;deqna.cpp;643;DEQNA: CSR change prev=110521 now=010521 set=000501 clr=103216
20188;01:17:48.622100;Dbg;deqna;8519;deqna.cpp;595;DEQNA: INTR deassert, csr=010521 ie=1
20189;01:17:48.622118;Dbg;deqna;8519;deqna.cpp;730;DEQNA: INTR deassert, csr=010521
20190;01:17:48.622290;Dbg;deqna;8526;deqna.cpp;595;DEQNA: INTR deassert, csr=010521 ie=1
20191;01:17:48.624481;Dbg;deqna;8526;deqna.cpp;2095;DEQNA: TX desc_read_words @ 01373256 words=6
20192;01:17:48.624788;Dbg;deqna;8526;deqna.cpp;2108;DEQNA: TX list end (V=0) - XI/XL set desc=1373256
20193;01:17:48.630105;Dbg;deqna;8526;deqna.cpp;2095;DEQNA: TX desc_read_words @ 01373256 words=6
20194;01:17:48.630399;Dbg;deqna;8526;deqna.cpp;2108;DEQNA: TX list end (V=0) - XI/XL set desc=1373256
20195;01:17:48.635826;Dbg;deqna;8526;deqna.cpp;2095;DEQNA: TX desc_read_words @ 01373256 words=6
20196;01:17:48.636146;Dbg;deqna;8526;deqna.cpp;2108;DEQNA: TX list end (V=0) - XI/XL set desc=1373256
20197;01:17:48.641469;Dbg;deqna;8526;deqna.cpp;2095;DEQNA: TX desc_read_words @ 01373256 words=6
20198;01:17:48.641724;Dbg;deqna;8526;deqna.cpp;2108;DEQNA: TX list end (V=0) - XI/XL set desc=1373256
20199;01:17:48.647063;Dbg;deqna;8526;deqna.cpp;2095;DEQNA: TX desc_read_words @ 01373256 words=6
20200;01:17:48.647344;Dbg;deqna;8526;deqna.cpp;2108;DEQNA: TX list end (V=0) - XI/XL set desc=1373256
20201;01:17:48.652652;Dbg;deqna;8526;deqna.cpp;2095;DEQNA: TX desc_read_words @ 01373256 words=6
20202;01:17:48.652924;Dbg;deqna;8526;deqna.cpp;2108;DEQNA: TX list end (V=0) - XI/XL set desc=1373256
20203;01:17:48.658366;Dbg;deqna;8526;deqna.cpp;2095;DEQNA: TX desc_read_words @ 01373256 words=6
20204;01:17:48.658727;Dbg;deqna;8526;deqna.cpp;2108;DEQNA: TX list end (V=0) - XI/XL set desc=1373256
20205;01:17:48.664175;Dbg;deqna;8526;deqna.cpp;2095;DEQNA: TX desc_read_words @ 01373256 words=6
20206;01:17:48.664480;Dbg;deqna;8526;deqna.cpp;2108;DEQNA: TX list end (V=0) - XI/XL set desc=1373256
20207;01:17:48.669833;Dbg;deqna;8526;deqna.cpp;2095;DEQNA: TX desc_read_words @ 01373256 words=6
20208;01:17:48.670103;Dbg;deqna;8526;deqna.cpp;2108;DEQNA: TX list end (V=0) - XI/XL set desc=1373256
20209;01:17:48.675399;Dbg;deqna;8526;deqna.cpp;2095;DEQNA: TX desc_read_words @ 01373256 words=6
20210;01:17:48.675643;Dbg;deqna;8526;deqna.cpp;2108;DEQNA: TX list end (V=0) - XI/XL set desc=1373256
20211;01:17:48.680996;Dbg;deqna;8526;deqna.cpp;2095;DEQNA: TX desc_read_words @ 01373256 words=6
20212;01:17:48.681345;Dbg;deqna;8526;deqna.cpp;2108;DEQNA: TX list end (V=0) - XI/XL set desc=1373256
20213;01:17:48.686690;Dbg;deqna;8526;deqna.cpp;2095;DEQNA: TX desc_read_words @ 01373256 words=6
20214;01:17:48.686936;Dbg;deqna;8526;deqna.cpp;2108;DEQNA: TX list end (V=0) - XI/XL set desc=1373256
20215;01:17:48.692277;Dbg;deqna;8526;deqna.cpp;2095;DEQNA: TX desc_read_words @ 01373256 words=6
20216;01:17:48.692545;Dbg;deqna;8526;deqna.cpp;2108;DEQNA: TX list end (V=0) - XI/XL set desc=1373256
20217;01:17:48.697844;Dbg;deqna;8526;deqna.cpp;2095;DEQNA: TX desc_read_words @ 01373256 words=6
20218;01:17:48.698081;Dbg;deqna;8526;deqna.cpp;2108;DEQNA: TX list end (V=0) - XI/XL set desc=1373256
20219;01:17:48.703406;Dbg;deqna;8526;deqna.cpp;2095;DEQNA: TX desc_read_words @ 01373256 words=6
20220;01:17:48.703697;Dbg;deqna;8526;deqna.cpp;2108;DEQNA: TX list end (V=0) - XI/XL set desc=1373256
20221;01:17:48.709152;Dbg;deqna;8526;deqna.cpp;2095;DEQNA: TX desc_read_words @ 01373256 words=6
20222;01:17:48.709443;Dbg;deqna;8526;deqna.cpp;2108;DEQNA: TX list end (V=0) - XI/XL set desc=1373256
20223;01:17:48.714744;Dbg;deqna;8526;deqna.cpp;2095;DEQNA: TX desc_read_words @ 01373256 words=6
20224;01:17:48.714975;Dbg;deqna;8526;deqna.cpp;2108;DEQNA: TX list end (V=0) - XI/XL set desc=1373256
20225;01:17:48.720284;Dbg;deqna;8526;deqna.cpp;2095;DEQNA: TX desc_read_words @ 01373256 words=6
20226;01:17:48.720526;Dbg;deqna;8526;deqna.cpp;2108;DEQNA: TX list end (V=0) - XI/XL set desc=1373256
20227;01:17:48.725889;Dbg;deqna;8526;deqna.cpp;2095;DEQNA: TX desc_read_words @ 01373256 words=6
20228;01:17:48.726171;Dbg;deqna;8526;deqna.cpp;2108;DEQNA: TX list end (V=0) - XI/XL set desc=1373256
20229;01:17:48.731628;Dbg;deqna;8526;deqna.cpp;2095;DEQNA: TX desc_read_words @ 01373256 words=6
20230;01:17:48.731906;Dbg;deqna;8526;deqna.cpp;2108;DEQNA: TX list end (V=0) - XI/XL set desc=1373256
20231;01:17:48.737313;Dbg;deqna;8526;deqna.cpp;2095;DEQNA: TX desc_read_words @ 01373256 words=6
20232;01:17:48.737599;Dbg;deqna;8526;deqna.cpp;2108;DEQNA: TX list end (V=0) - XI/XL set desc=1373256
20233;01:17:48.742929;Dbg;deqna;8526;deqna.cpp;2095;DEQNA: TX desc_read_words @ 01373256 words=6
20234;01:17:48.743171;Dbg;deqna;8526;deqna.cpp;2108;DEQNA: TX list end (V=0) - XI/XL set desc=1373256
20235;01:17:48.748493;Dbg;deqna;8526;deqna.cpp;2095;DEQNA: TX desc_read_words @ 01373256 words=6
20236;01:17:48.748810;Dbg;deqna;8526;deqna.cpp;2108;DEQNA: TX list end (V=0) - XI/XL set desc=1373256
20237;01:17:48.754111;Dbg;deqna;8526;deqna.cpp;2095;DEQNA: TX desc_read_words @ 01373256 words=6
20238;01:17:48.754379;Dbg;deqna;8526;deqna.cpp;2108;DEQNA: TX list end (V=0) - XI/XL set desc=1373256
20239;01:17:48.759794;Dbg;deqna;8526;deqna.cpp;2095;DEQNA: TX desc_read_words @ 01373256 words=6
20240;01:17:48.760093;Dbg;deqna;8526;deqna.cpp;2108;DEQNA: TX list end (V=0) - XI/XL set desc=1373256
20241;01:17:48.765529;Dbg;deqna;8526;deqna.cpp;2095;DEQNA: TX desc_read_words @ 01373256 words=6
20242;01:17:48.765814;Dbg;deqna;8526;deqna.cpp;2108;DEQNA: TX list end (V=0) - XI/XL set desc=1373256
20243;01:17:48.771138;Dbg;deqna;8526;deqna.cpp;2095;DEQNA: TX desc_read_words @ 01373256 words=6
20244;01:17:48.771372;Dbg;deqna;8526;deqna.cpp;2108;DEQNA: TX list end (V=0) - XI/XL set desc=1373256
20245;01:17:48.776664;Dbg;deqna;8526;deqna.cpp;2095;DEQNA: TX desc_read_words @ 01373256 words=6
20246;01:17:48.776903;Dbg;deqna;8526;deqna.cpp;2108;DEQNA: TX list end (V=0) - XI/XL set desc=1373256
20247;01:17:48.782199;Dbg;deqna;8526;deqna.cpp;2095;DEQNA: TX desc_read_words @ 01373256 words=6
20248;01:17:48.782481;Dbg;deqna;8526;deqna.cpp;2108;DEQNA: TX list end (V=0) - XI/XL set desc=1373256
20249;01:17:48.787918;Dbg;deqna;8526;deqna.cpp;2095;DEQNA: TX desc_read_words @ 01373256 words=6
20250;01:17:48.788213;Dbg;deqna;8526;deqna.cpp;2108;DEQNA: TX list end (V=0) - XI/XL set desc=1373256
20251;01:17:48.793633;Dbg;deqna;8526;deqna.cpp;2095;DEQNA: TX desc_read_words @ 01373256 words=6
20252;01:17:48.793930;Dbg;deqna;8526;deqna.cpp;2108;DEQNA: TX list end (V=0) - XI/XL set desc=1373256
20253;01:17:48.799240;Dbg;deqna;8526;deqna.cpp;2095;DEQNA: TX desc_read_words @ 01373256 words=6
20254;01:17:48.799489;Dbg;deqna;8526;deqna.cpp;2108;DEQNA: TX list end (V=0) - XI/XL set desc=1373256
20255;01:17:48.804814;Dbg;deqna;8526;deqna.cpp;2095;DEQNA: TX desc_read_words @ 01373256 words=6
20256;01:17:48.805079;Dbg;deqna;8526;deqna.cpp;2108;DEQNA: TX list end (V=0) - XI/XL set desc=1373256
20257;01:17:48.810401;Dbg;deqna;8526;deqna.cpp;2095;DEQNA: TX desc_read_words @ 01373256 words=6
20258;01:17:48.810647;Dbg;deqna;8526;deqna.cpp;2108;DEQNA: TX list end (V=0) - XI/XL set desc=1373256
20259;01:17:48.816071;Dbg;deqna;8526;deqna.cpp;2095;DEQNA: TX desc_read_words @ 01373256 words=6
20260;01:17:48.816364;Dbg;deqna;8526;deqna.cpp;2108;DEQNA: TX list end (V=0) - XI/XL set desc=1373256
20261;01:17:48.821796;Dbg;deqna;8526;deqna.cpp;2095;DEQNA: TX desc_read_words @ 01373256 words=6
20262;01:17:48.822085;Dbg;deqna;8526;deqna.cpp;2108;DEQNA: TX list end (V=0) - XI/XL set desc=1373256
20263;01:17:48.827431;Dbg;deqna;8526;deqna.cpp;2095;DEQNA: TX desc_read_words @ 01373256 words=6
20264;01:17:48.827694;Dbg;deqna;8526;deqna.cpp;2108;DEQNA: TX list end (V=0) - XI/XL set desc=1373256
20265;01:17:48.832997;Dbg;deqna;8526;deqna.cpp;2095;DEQNA: TX desc_read_words @ 01373256 words=6
20266;01:17:48.833251;Dbg;deqna;8526;deqna.cpp;2108;DEQNA: TX list end (V=0) - XI/XL set desc=1373256
20267;01:17:48.838545;Dbg;deqna;8526;deqna.cpp;2095;DEQNA: TX desc_read_words @ 01373256 words=6
20268;01:17:48.838896;Dbg;deqna;8526;deqna.cpp;2108;DEQNA: TX list end (V=0) - XI/XL set desc=1373256
20269;01:17:48.844311;Dbg;deqna;8526;deqna.cpp;2095;DEQNA: TX desc_read_words @ 01373256 words=6
20270;01:17:48.844587;Dbg;deqna;8526;deqna.cpp;2108;DEQNA: TX list end (V=0) - XI/XL set desc=1373256
20271;01:17:48.850109;Dbg;deqna;8526;deqna.cpp;2095;DEQNA: TX desc_read_words @ 01373256 words=6
20272;01:17:48.850493;Dbg;deqna;8526;deqna.cpp;2108;DEQNA: TX list end (V=0) - XI/XL set desc=1373256
20273;01:17:48.855722;Dbg;deqna;8526;deqna.cpp;2095;DEQNA: TX desc_read_words @ 01373256 words=6
20274;01:17:48.855875;Dbg;deqna;8526;deqna.cpp;2108;DEQNA: TX list end (V=0) - XI/XL set desc=1373256
20275;01:17:48.861041;Dbg;deqna;8526;deqna.cpp;2095;DEQNA: TX desc_read_words @ 01373256 words=6
20276;01:17:48.861179;Dbg;deqna;8526;deqna.cpp;2108;DEQNA: TX list end (V=0) - XI/XL set desc=1373256
20277;01:17:48.866353;Dbg;deqna;8526;deqna.cpp;2095;DEQNA: TX desc_read_words @ 01373256 words=6
20278;01:17:48.866486;Dbg;deqna;8526;deqna.cpp;2108;DEQNA: TX list end (V=0) - XI/XL set desc=1373256
20279;01:17:48.871649;Dbg;deqna;8526;deqna.cpp;2095;DEQNA: TX desc_read_words @ 01373256 words=6
20280;01:17:48.871779;Dbg;deqna;8526;deqna.cpp;2108;DEQNA: TX list end (V=0) - XI/XL set desc=1373256
20281;01:17:48.876941;Dbg;deqna;8526;deqna.cpp;2095;DEQNA: TX desc_read_words @ 01373256 words=6
20282;01:17:48.877075;Dbg;deqna;8526;deqna.cpp;2108;DEQNA: TX list end (V=0) - XI/XL set desc=1373256
20283;01:17:48.882239;Dbg;deqna;8526;deqna.cpp;2095;DEQNA: TX desc_read_words @ 01373256 words=6
20284;01:17:48.882397;Dbg;deqna;8526;deqna.cpp;2108;DEQNA: TX list end (V=0) - XI/XL set desc=1373256
20285;01:17:48.887636;Dbg;deqna;8526;deqna.cpp;2095;DEQNA: TX desc_read_words @ 01373256 words=6
20286;01:17:48.887789;Dbg;deqna;8526;deqna.cpp;2108;DEQNA: TX list end (V=0) - XI/XL set desc=1373256
20287;01:17:48.892941;Dbg;deqna;8526;deqna.cpp;2095;DEQNA: TX desc_read_words @ 01373256 words=6
20288;01:17:48.893069;Dbg;deqna;8526;deqna.cpp;2108;DEQNA: TX list end (V=0) - XI/XL set desc=1373256
20289;01:17:48.898234;Dbg;deqna;8526;deqna.cpp;2095;DEQNA: TX desc_read_words @ 01373256 words=6
20290;01:17:48.898363;Dbg;deqna;8526;deqna.cpp;2108;DEQNA: TX list end (V=0) - XI/XL set desc=1373256
20291;01:17:48.903535;Dbg;deqna;8526;deqna.cpp;2095;DEQNA: TX desc_read_words @ 01373256 words=6
20292;01:17:48.903679;Dbg;deqna;8526;deqna.cpp;2108;DEQNA: TX list end (V=0) - XI/XL set desc=1373256
20293;01:17:48.908863;Dbg;deqna;8526;deqna.cpp;2095;DEQNA: TX desc_read_words @ 01373256 words=6
20294;01:17:48.909001;Dbg;deqna;8526;deqna.cpp;2108;DEQNA: TX list end (V=0) - XI/XL set desc=1373256
20295;01:17:48.914152;Dbg;deqna;8526;deqna.cpp;2095;DEQNA: TX desc_read_words @ 01373256 words=6
20296;01:17:48.914277;Dbg;deqna;8526;deqna.cpp;2108;DEQNA: TX list end (V=0) - XI/XL set desc=1373256
20297;01:17:48.919458;Dbg;deqna;8526;deqna.cpp;2095;DEQNA: TX desc_read_words @ 01373256 words=6
20298;01:17:48.919597;Dbg;deqna;8526;deqna.cpp;2108;DEQNA: TX list end (V=0) - XI/XL set desc=1373256
20299;01:17:48.924777;Dbg;deqna;8526;deqna.cpp;2095;DEQNA: TX desc_read_words @ 01373256 words=6
20300;01:17:48.924963;Dbg;deqna;8526;deqna.cpp;2108;DEQNA: TX list end (V=0) - XI/XL set desc=1373256
20301;01:17:48.930134;Dbg;deqna;8526;deqna.cpp;2095;DEQNA: TX desc_read_words @ 01373256 words=6
20302;01:17:48.930271;Dbg;deqna;8526;deqna.cpp;2108;DEQNA: TX list end (V=0) - XI/XL set desc=1373256
20303;01:17:48.935424;Dbg;deqna;8526;deqna.cpp;2095;DEQNA: TX desc_read_words @ 01373256 words=6
20304;01:17:48.935554;Dbg;deqna;8526;deqna.cpp;2108;DEQNA: TX list end (V=0) - XI/XL set desc=1373256
20305;01:17:48.940715;Dbg;deqna;8526;deqna.cpp;2095;DEQNA: TX desc_read_words @ 01373256 words=6
20306;01:17:48.940850;Dbg;deqna;8526;deqna.cpp;2108;DEQNA: TX list end (V=0) - XI/XL set desc=1373256
20307;01:17:48.946002;Dbg;deqna;8526;deqna.cpp;2095;DEQNA: TX desc_read_words @ 01373256 words=6
20308;01:17:48.946130;Dbg;deqna;8526;deqna.cpp;2108;DEQNA: TX list end (V=0) - XI/XL set desc=1373256
20309;01:17:48.951286;Dbg;deqna;8526;deqna.cpp;2095;DEQNA: TX desc_read_words @ 01373256 words=6
20310;01:17:48.951423;Dbg;deqna;8526;deqna.cpp;2108;DEQNA: TX list end (V=0) - XI/XL set desc=1373256
20311;01:17:48.956574;Dbg;deqna;8526;deqna.cpp;2095;DEQNA: TX desc_read_words @ 01373256 words=6
20312;01:17:48.956702;Dbg;deqna;8526;deqna.cpp;2108;DEQNA: TX list end (V=0) - XI/XL set desc=1373256
20313;01:17:48.961872;Dbg;deqna;8526;deqna.cpp;2095;DEQNA: TX desc_read_words @ 01373256 words=6
20314;01:17:48.962039;Dbg;deqna;8526;deqna.cpp;2108;DEQNA: TX list end (V=0) - XI/XL set desc=1373256
20315;01:17:48.967206;Dbg;deqna;8526;deqna.cpp;2095;DEQNA: TX desc_read_words @ 01373256 words=6
20316;01:17:48.967333;Dbg;deqna;8526;deqna.cpp;2108;DEQNA: TX list end (V=0) - XI/XL set desc=1373256
20317;01:17:48.972498;Dbg;deqna;8526;deqna.cpp;2095;DEQNA: TX desc_read_words @ 01373256 words=6
20318;01:17:48.972630;Dbg;deqna;8526;deqna.cpp;2108;DEQNA: TX list end (V=0) - XI/XL set desc=1373256
20319;01:17:48.977781;Dbg;deqna;8526;deqna.cpp;2095;DEQNA: TX desc_read_words @ 01373256 words=6
20320;01:17:48.977908;Dbg;deqna;8526;deqna.cpp;2108;DEQNA: TX list end (V=0) - XI/XL set desc=1373256
20321;01:17:48.983080;Dbg;deqna;8526;deqna.cpp;2095;DEQNA: TX desc_read_words @ 01373256 words=6
20322;01:17:48.983215;Dbg;deqna;8526;deqna.cpp;2108;DEQNA: TX list end (V=0) - XI/XL set desc=1373256
20323;01:17:48.988387;Dbg;deqna;8526;deqna.cpp;2095;DEQNA: TX desc_read_words @ 01373256 words=6
20324;01:17:48.988514;Dbg;deqna;8526;deqna.cpp;2108;DEQNA: TX list end (V=0) - XI/XL set desc=1373256
20325;01:17:48.993687;Dbg;deqna;8526;deqna.cpp;2095;DEQNA: TX desc_read_words @ 01373256 words=6
20326;01:17:48.993818;Dbg;deqna;8526;deqna.cpp;2108;DEQNA: TX list end (V=0) - XI/XL set desc=1373256
20327;01:17:48.998974;Dbg;deqna;8526;deqna.cpp;2095;DEQNA: TX desc_read_words @ 01373256 words=6
20328;01:17:48.999143;Dbg;deqna;8526;deqna.cpp;2108;DEQNA: TX list end (V=0) - XI/XL set desc=1373256
20329;01:17:49.004325;Dbg;deqna;8526;deqna.cpp;2095;DEQNA: TX desc_read_words @ 01373256 words=6
20330;01:17:49.004455;Dbg;deqna;8526;deqna.cpp;2108;DEQNA: TX list end (V=0) - XI/XL set desc=1373256
20331;01:17:49.009623;Dbg;deqna;8526;deqna.cpp;2095;DEQNA: TX desc_read_words @ 01373256 words=6
20332;01:17:49.009753;Dbg;deqna;8526;deqna.cpp;2108;DEQNA: TX list end (V=0) - XI/XL set desc=1373256
20333;01:17:49.014923;Dbg;deqna;8526;deqna.cpp;2095;DEQNA: TX desc_read_words @ 01373256 words=6
20334;01:17:49.015055;Dbg;deqna;8526;deqna.cpp;2108;DEQNA: TX list end (V=0) - XI/XL set desc=1373256
20335;01:17:49.020208;Dbg;deqna;8526;deqna.cpp;2095;DEQNA: TX desc_read_words @ 01373256 words=6
20336;01:17:49.020337;Dbg;deqna;8526;deqna.cpp;2108;DEQNA: TX list end (V=0) - XI/XL set desc=1373256
20337;01:17:49.025502;Dbg;deqna;8526;deqna.cpp;2095;DEQNA: TX desc_read_words @ 01373256 words=6
20338;01:17:49.025647;Dbg;deqna;8526;deqna.cpp;2108;DEQNA: TX list end (V=0) - XI/XL set desc=1373256
20339;01:17:49.030803;Dbg;deqna;8526;deqna.cpp;2095;DEQNA: TX desc_read_words @ 01373256 words=6
20340;01:17:49.030939;Dbg;deqna;8526;deqna.cpp;2108;DEQNA: TX list end (V=0) - XI/XL set desc=1373256
20341;01:17:49.036097;Dbg;deqna;8526;deqna.cpp;2095;DEQNA: TX desc_read_words @ 01373256 words=6
20342;01:17:49.036246;Dbg;deqna;8526;deqna.cpp;2108;DEQNA: TX list end (V=0) - XI/XL set desc=1373256
20343;01:17:49.041473;Dbg;deqna;8526;deqna.cpp;2095;DEQNA: TX desc_read_words @ 01373256 words=6
20344;01:17:49.041646;Dbg;deqna;8526;deqna.cpp;2108;DEQNA: TX list end (V=0) - XI/XL set desc=1373256
20345;01:17:49.046865;Dbg;deqna;8526;deqna.cpp;2095;DEQNA: TX desc_read_words @ 01373256 words=6
20346;01:17:49.047031;Dbg;deqna;8526;deqna.cpp;2108;DEQNA: TX list end (V=0) - XI/XL set desc=1373256
20347;01:17:49.052184;Dbg;deqna;8526;deqna.cpp;2095;DEQNA: TX desc_read_words @ 01373256 words=6
20348;01:17:49.052324;Dbg;deqna;8526;deqna.cpp;2108;DEQNA: TX list end (V=0) - XI/XL set desc=1373256
20349;01:17:49.057480;Dbg;deqna;8526;deqna.cpp;2095;DEQNA: TX desc_read_words @ 01373256 words=6
20350;01:17:49.057614;Dbg;deqna;8526;deqna.cpp;2108;DEQNA: TX list end (V=0) - XI/XL set desc=1373256
20351;01:17:49.059315;Dbg;deqna;8525;deqna.cpp;1365;DEQNA: Enqueue RX type=2 len=60 status=000000 queue=0
20352;01:17:49.059457;Dbg;deqna;8525;deqna.cpp;1392;DEQNA: ENQ DBG type=2 len=60 data=ffffffffffff245a 4c1db8a508060001 080006040001245a 4c1db8a5c0a80009 ffffffffffffc0a8 0101000000000000 0000000000000000 00000000
20353;01:17:49.059476;Dbg;deqna;8525;deqna.cpp;1613;DEQNA: RX desc_read_words @ 01373162 words=4
20354;01:17:49.059758;Dbg;deqna;8525;deqna.cpp;1721;DEQNA: RX deliver type=2 rbl=60 to addr=01563100 blen=2048 desc=1373162
20355;01:17:49.059935;Dbg;deqna;8525;deqna.cpp;1798;DEQNA: RX status type=2 st1=000370 st2=000000 desc=1373172
20356;01:17:49.060069;Dbg;deqna;8525;deqna.cpp;1865;DEQNA: RI set (rx_processed=1 queue=0 rbdl=1373176)
20357;01:17:49.060126;Dbg;deqna;8525;qunibusdevice.cpp;249;update_csr_reg CSR: STA0=177522 STA1=177524 RCLL=177400/172742 RCLH=177422/000005 XMTL=177464/173242 XMTH=177526/000005 VECTOR=000774/000774 CSR=110521/100701
20358;01:17:49.060136;Dbg;deqna;8525;deqna.cpp;643;DEQNA: CSR change prev=010521 now=110521 set=100000 clr=000000
20359;01:17:49.060176;Dbg;deqna;8525;qunibusdevice.cpp;249;update_csr_reg CSR: STA0=177522 STA1=177524 RCLL=177400/172742 RCLH=177422/000005 XMTL=177464/173242 XMTH=177526/000005 VECTOR=000774/000774 CSR=110521/100701
20360;01:17:49.060184;Dbg;deqna;8525;deqna.cpp;586;DEQNA: INTR assert, csr=110521 ie=1
20361;01:17:49.060193;Dbg;deqna;8525;deqna.cpp;724;DEQNA: INTR assert, csr=110521 vec=374 level=5
20362;01:17:49.060375;Dbg;deqna;8519;qunibusdevice.cpp;249;DATO CSR: STA0=177522 STA1=177524 RCLL=177400/172742 RCLH=177422/000005 XMTL=177464/173242 XMTH=177526/000005 VECTOR=000774/000774 CSR=110521/100701
20363;01:17:49.060388;Dbg;deqna;8519;deqna.cpp;1202;DEQNA: Write CSR (reg 7) = 100701 access=0
20364;01:17:49.060432;Dbg;deqna;8519;qunibusdevice.cpp;249;update_csr_reg CSR: STA0=177522 STA1=177524 RCLL=177400/172742 RCLH=177422/000005 XMTL=177464/173242 XMTH=177526/000005 VECTOR=000774/000774 CSR=010521/100701
20365;01:17:49.060440;Dbg;deqna;8519;deqna.cpp;643;DEQNA: CSR change prev=110521 now=010521 set=000501 clr=103216
20366;01:17:49.060452;Dbg;deqna;8519;deqna.cpp;595;DEQNA: INTR deassert, csr=010521 ie=1
20367;01:17:49.060460;Dbg;deqna;8519;deqna.cpp;730;DEQNA: INTR deassert, csr=010521
20368;01:17:49.060768;Dbg;deqna;8526;deqna.cpp;595;DEQNA: INTR deassert, csr=010521 ie=1
20369;01:17:49.062846;Dbg;deqna;8526;deqna.cpp;2095;DEQNA: TX desc_read_words @ 01373256 words=6
20370;01:17:49.062980;Dbg;deqna;8526;deqna.cpp;2108;DEQNA: TX list end (V=0) - XI/XL set desc=1373256
20371;01:17:49.068136;Dbg;deqna;8526;deqna.cpp;2095;DEQNA: TX desc_read_words @ 01373256 words=6
20372;01:17:49.068275;Dbg;deqna;8526;deqna.cpp;2108;DEQNA: TX list end (V=0) - XI/XL set desc=1373256
20373;01:17:49.073435;Dbg;deqna;8526;deqna.cpp;2095;DEQNA: TX desc_read_words @ 01373256 words=6
20374;01:17:49.073574;Dbg;deqna;8526;deqna.cpp;2108;DEQNA: TX list end (V=0) - XI/XL set desc=1373256
20375;01:17:49.078805;Dbg;deqna;8526;deqna.cpp;2095;DEQNA: TX desc_read_words @ 01373256 words=6
20376;01:17:49.078960;Dbg;deqna;8526;deqna.cpp;2108;DEQNA: TX list end (V=0) - XI/XL set desc=1373256
20377;01:17:49.084194;Dbg;deqna;8526;deqna.cpp;2095;DEQNA: TX desc_read_words @ 01373256 words=6
20378;01:17:49.084348;Dbg;deqna;8526;deqna.cpp;2108;DEQNA: TX list end (V=0) - XI/XL set desc=1373256
20379;01:17:49.089518;Dbg;deqna;8526;deqna.cpp;2095;DEQNA: TX desc_read_words @ 01373256 words=6
20380;01:17:49.089653;Dbg;deqna;8526;deqna.cpp;2108;DEQNA: TX list end (V=0) - XI/XL set desc=1373256
20381;01:17:49.094805;Dbg;deqna;8526;deqna.cpp;2095;DEQNA: TX desc_read_words @ 01373256 words=6
20382;01:17:49.094932;Dbg;deqna;8526;deqna.cpp;2108;DEQNA: TX list end (V=0) - XI/XL set desc=1373256
20383;01:17:49.100095;Dbg;deqna;8526;deqna.cpp;2095;DEQNA: TX desc_read_words @ 01373256 words=6
20384;01:17:49.100236;Dbg;deqna;8526;deqna.cpp;2108;DEQNA: TX list end (V=0) - XI/XL set desc=1373256
20385;01:17:49.105407;Dbg;deqna;8526;deqna.cpp;2095;DEQNA: TX desc_read_words @ 01373256 words=6
20386;01:17:49.105537;Dbg;deqna;8526;deqna.cpp;2108;DEQNA: TX list end (V=0) - XI/XL set desc=1373256
20387;01:17:49.110727;Dbg;deqna;8526;deqna.cpp;2095;DEQNA: TX desc_read_words @ 01373256 words=6
20388;01:17:49.110860;Dbg;deqna;8526;deqna.cpp;2108;DEQNA: TX list end (V=0) - XI/XL set desc=1373256
20389;01:17:49.116012;Dbg;deqna;8526;deqna.cpp;2095;DEQNA: TX desc_read_words @ 01373256 words=6
20390;01:17:49.116137;Dbg;deqna;8526;deqna.cpp;2108;DEQNA: TX list end (V=0) - XI/XL set desc=1373256
20391;01:17:49.121510;Dbg;deqna;8526;deqna.cpp;2095;DEQNA: TX desc_read_words @ 01373256 words=6
20392;01:17:49.121814;Dbg;deqna;8526;deqna.cpp;2108;DEQNA: TX list end (V=0) - XI/XL set desc=1373256
